,"""About the data: Exported on Nov 01, 2019. Criteria: Researcher is Carrie V Kappel. © 2019 Digital Science and Research Solutions Inc. All rights reserved. Unless otherwise agreed, redistribution / external use of this work is not permitted.""
",Unnamed: 1,Unnamed: 2,Unnamed: 3,Unnamed: 4,Unnamed: 5,Unnamed: 6,Unnamed: 7,Unnamed: 8,Unnamed: 9,Unnamed: 10,Unnamed: 11,Unnamed: 12,Unnamed: 13,Unnamed: 14,Unnamed: 15,Unnamed: 16,Unnamed: 17,Unnamed: 18,Unnamed: 19,Unnamed: 20,Unnamed: 21,Unnamed: 22,Unnamed: 23,Unnamed: 24,Unnamed: 25,Unnamed: 26,Unnamed: 27,Unnamed: 28,Unnamed: 29,Unnamed: 30
0,Rank,Publication ID,DOI,PMID,PMCID,Title,Source title,Anthology title,MeSH terms,Publication Date,PubYear,Volume,Issue,Pagination,Open Access,Publication Type,Authors,Corresponding Author,Authors Affiliations,Times cited,Recent citations,RCR,FCR,Source Linkout,Dimensions URL,FOR (ANZSRC) Categories,FOR 1,FOR 2,FOR 3,FOR 4,FOR 5
1,500,pub.1112117068,10.1098/rspb.2018.2544,30963937,PMC6408596,Parsing human and biophysical drivers of coral reef regimes,Proceedings of The Royal Society B Biological Sciences,,,2019-02-13,2019,286,1896,20182544,All OA; Gold,Article,"Jouffray, Jean-Baptiste; Wedding, Lisa M.; Norström, Albert V.; Donovan, Mary K.; Williams, Gareth J.; Crowder, Larry B.; Erickson, Ashley L.; Friedlander, Alan M.; Graham, Nicholas A. J.; Gove, Jamison M.; Kappel, Carrie V.; Kittinger, John N.; Lecky, Joey; Oleson, Kirsten L. L.; Selkoe, Kimberly A.; White, Crow; Williams, Ivor D.; Nyström, Magnus",,"Jouffray, Jean-Baptiste (Stockholm University; Royal Swedish Academy of Sciences); Wedding, Lisa M. (Stanford University); Norström, Albert V. (Stockholm University); Donovan, Mary K. (University of Hawaii at Manoa); Williams, Gareth J. (Bangor University); Crowder, Larry B. (Stanford University); Erickson, Ashley L. (Stanford University); Friedlander, Alan M. (National Geographic Society); Graham, Nicholas A. J. (Lancaster University); Gove, Jamison M. (Pacific Islands Fisheries Science Center); Kappel, Carrie V. (University of California, Santa Barbara); Kittinger, John N. (Conservation International; Arizona State University); Lecky, Joey (University of Hawaii at Manoa); Oleson, Kirsten L. L. (University of Hawaii at Manoa); Selkoe, Kimberly A. (University of California, Santa Barbara); White, Crow (California Polytechnic State University); Williams, Ivor D. (Pacific Islands Fisheries Science Center); Nyström, Magnus (Stockholm University)",7,7,,,https://royalsocietypublishing.org/doi/pdf/10.1098/rspb.2018.2544,https://app.dimensions.ai/details/publication/pub.1112117068,0602 Ecology; 06 Biological Sciences,0602 Ecology,06 Biological Sciences,,,
2,500,pub.1109859696,10.1038/s41598-018-35057-4,30446687,PMC6240066,Combining fish and benthic communities into multiple regimes reveals complex reef dynamics,Scientific Reports,,Animals; Biodiversity; Coral Reefs; Ecosystem; Fishes; Geography; Hawaii; Islands,2018-12,2018,8,1,16943,All OA; Gold,Article,"Donovan, Mary K.; Friedlander, Alan M.; Lecky, Joey; Jouffray, Jean-Baptiste; Williams, Gareth J.; Wedding, Lisa M.; Crowder, Larry B.; Erickson, Ashley L.; Graham, Nick A. J.; Gove, Jamison M.; Kappel, Carrie V.; Karr, Kendra; Kittinger, John N.; Norström, Albert V.; Nyström, Magnus; Oleson, Kirsten L. L.; Stamoulis, Kostantinos A.; White, Crow; Williams, Ivor D.; Selkoe, Kimberly A.","Donovan, Mary K.","Donovan, Mary K. (University of Hawaii at Manoa); Friedlander, Alan M. (National Geographic Society); Lecky, Joey (University of Hawaii at Manoa; National Oceanic and Atmospheric Administration); Jouffray, Jean-Baptiste (Stockholm University; Royal Swedish Academy of Sciences); Williams, Gareth J. (Bangor University); Wedding, Lisa M. (Stanford University); Crowder, Larry B. (Stanford University); Erickson, Ashley L. (Stanford University); Graham, Nick A. J. (Lancaster University); Gove, Jamison M. (Pacific Islands Fisheries Science Center); Kappel, Carrie V. (University of California, Santa Barbara); Karr, Kendra (); Kittinger, John N. (Conservation International; Arizona State University); Norström, Albert V. (Stockholm University); Nyström, Magnus (Stockholm University); Oleson, Kirsten L. L. (University of Hawaii at Manoa); Stamoulis, Kostantinos A. (University of Hawaii at Manoa; Curtin University); White, Crow (California Polytechnic State University); Williams, Ivor D. (Pacific Islands Fisheries Science Center); Selkoe, Kimberly A. (University of California, Santa Barbara)",6,6,,,https://www.nature.com/articles/s41598-018-35057-4.pdf,https://app.dimensions.ai/details/publication/pub.1109859696,0602 Ecology; 06 Biological Sciences,0602 Ecology,06 Biological Sciences,,,
3,500,pub.1101244831,10.1038/s41467-018-03249-1,29507321,PMC5838171,Marine spatial planning makes room for offshore aquaculture in crowded coastal waters,Nature Communications,,Aquaculture; Conservation of Natural Resources; Ecosystem; Geography; Seawater,2018-12,2018,9,1,945,All OA; Gold,Article,"Lester, S. E.; Stevens, J. M.; Gentry, R. R.; Kappel, C. V.; Bell, T. W.; Costello, C. J.; Gaines, S. D.; Kiefer, D. A.; Maue, C. C.; Rensel, J. E.; Simons, R. D.; Washburn, L.; White, C.","Lester, S. E.","Lester, S. E. (Florida State University); Stevens, J. M. (California Polytechnic State University); Gentry, R. R. (University of California, Santa Barbara); Kappel, C. V. (University of California, Santa Barbara); Bell, T. W. (University of California, Santa Barbara); Costello, C. J. (University of California, Santa Barbara); Gaines, S. D. (University of California, Santa Barbara); Kiefer, D. A. (University of Southern California); Maue, C. C. (Stanford University); Rensel, J. E. (); Simons, R. D. (University of California, Santa Barbara); Washburn, L. (University of California, Santa Barbara); White, C. (California Polytechnic State University)",16,16,,,https://www.nature.com/articles/s41467-018-03249-1.pdf,https://app.dimensions.ai/details/publication/pub.1101244831,0602 Ecology; 0405 Oceanography; 0704 Fisheries Sciences; 04 Earth Sciences; 06 Biological Sciences; 07 Agricultural and Veterinary Sciences,0602 Ecology,0405 Oceanography,0704 Fisheries Sciences,04 Earth Sciences,06 Biological Sciences
4,500,pub.1106406659,10.1126/sciadv.aao1378,30167455,PMC6114984,Improved fisheries management could offset many negative effects of climate change,Science Advances,,Animals; Climate Change; Conservation of Natural Resources; Ecosystem; Fisheries; Fishes,2018-08,2018,4,8,eaao1378,All OA; Gold,Article,"Gaines, Steven D.; Costello, Christopher; Owashi, Brandon; Mangin, Tracey; Bone, Jennifer; Molinos, Jorge García; Burden, Merrick; Dennis, Heather; Halpern, Benjamin S.; Kappel, Carrie V.; Kleisner, Kristin M.; Ovando, Daniel",,"Gaines, Steven D. (University of California, Santa Barbara); Costello, Christopher (University of California, Santa Barbara); Owashi, Brandon (University of California, Santa Barbara); Mangin, Tracey (University of California, Santa Barbara); Bone, Jennifer (University of California, Santa Barbara); Molinos, Jorge García (Hokkaido University); Burden, Merrick (Environmental Defense Fund); Dennis, Heather (San Francisco Bay Conservation and Development Commission); Halpern, Benjamin S. (University of California, Santa Barbara; Imperial College London); Kappel, Carrie V. (University of California, Santa Barbara); Kleisner, Kristin M. (Environmental Defense Fund); Ovando, Daniel (University of California, Santa Barbara)",20,20,,,https://advances.sciencemag.org/content/advances/4/8/eaao1378.full.pdf,https://app.dimensions.ai/details/publication/pub.1106406659,0602 Ecology; 06 Biological Sciences,0602 Ecology,06 Biological Sciences,,,
5,200,pub.1105453633,10.1073/pnas.1808737115,29991573,PMC6048495,Opinion: Offshore aquaculture in the United States: Untapped potential in need of smart policy,Proceedings of the National Academy of Sciences,,Ecosystem; Fisheries; Humans; Oceans and Seas; Seafood; United States,2018-07-10,2018,115,28,7162-7165,All OA; Gold,Article,"Lester, Sarah E.; Gentry, Rebecca R.; Kappel, Carrie V.; White, Crow; Gaines, Steven D.",,"Lester, Sarah E. (Florida State University); Gentry, Rebecca R. (University of California, Santa Barbara; Florida State University); Kappel, Carrie V. (University of California, Santa Barbara); White, Crow (California Polytechnic State University); Gaines, Steven D. (University of California, Santa Barbara)",12,12,,,https://www.pnas.org/content/pnas/115/28/7162.full.pdf,https://app.dimensions.ai/details/publication/pub.1105453633,,,,,,
6,100,pub.1101076923,10.1111/1752-1688.12619,,,"Water Transactions for Streamflow Restoration, Water Supply Reliability, and Rural Economic Vitality in the Western United States",JAWRA Journal of the American Water Resources Association,,,2018-04,2018,54,2,487-504,All OA; Gold,Article,"Kendy, Eloise; Aylward, Bruce; Ziemer, Laura S.; Richter, Brian D.; Colby, Bonnie G.; Grantham, Theodore E.; Sanchez, Leslie; Dicharry, Will B.; Powell, Emily M.; Martin, Season; Culp, Peter W.; Szeptycki, Leon F.; Kappel, Carrie V.",,"Kendy, Eloise (); Aylward, Bruce (); Ziemer, Laura S. (); Richter, Brian D. (); Colby, Bonnie G. (University of Arizona); Grantham, Theodore E. (); Sanchez, Leslie (Tufts University); Dicharry, Will B. (); Powell, Emily M. (); Martin, Season (); Culp, Peter W. (); Szeptycki, Leon F. (); Kappel, Carrie V. ()",20,20,,,https://onlinelibrary.wiley.com/doi/pdf/10.1111/1752-1688.12619,https://app.dimensions.ai/details/publication/pub.1101076923,09 Engineering; 0905 Civil Engineering; 0406 Physical Geography and Environmental Geoscience; 04 Earth Sciences; 0907 Environmental Engineering,09 Engineering,0905 Civil Engineering,0406 Physical Geography and Environmental Geoscience,04 Earth Sciences,0907 Environmental Engineering
7,500,pub.1101305287,10.1371/journal.pone.0189792,29494613,PMC5832214,Advancing the integration of spatial data to map human and natural drivers on coral reefs,PLoS ONE,,Aquaculture; Conservation of Natural Resources; Coral Reefs; Ecosystem; Geographic Mapping; Hawaii; Humans; Introduced Species; Population Density,2018-03-01,2018,13,3,e0189792,All OA; Gold,Article,"Wedding, Lisa M.; Lecky, Joey; Gove, Jamison M.; Walecka, Hilary R.; Donovan, Mary K.; Williams, Gareth J.; Jouffray, Jean-Baptiste; Crowder, Larry B.; Erickson, Ashley; Falinski, Kim; Friedlander, Alan M.; Kappel, Carrie V.; Kittinger, John N.; McCoy, Kaylyn; Norström, Albert; Nyström, Magnus; Oleson, Kirsten L. L.; Stamoulis, Kostantinos A.; White, Crow; Selkoe, Kimberly A.",,"Wedding, Lisa M. (Lucile Packard Children's Hospital); Lecky, Joey (University of Hawaii at Manoa; Pacific Islands Fisheries Science Center); Gove, Jamison M. (Pacific Islands Fisheries Science Center); Walecka, Hilary R. (Lucile Packard Children's Hospital; University of California, Santa Barbara); Donovan, Mary K. (University of Hawaii at Manoa); Williams, Gareth J. (Bangor University); Jouffray, Jean-Baptiste (Stockholm University); Crowder, Larry B. (Lucile Packard Children's Hospital); Erickson, Ashley (Lucile Packard Children's Hospital); Falinski, Kim (University of Hawaii at Manoa); Friedlander, Alan M. (University of Hawaii at Manoa; National Geographic Society); Kappel, Carrie V. (University of California, Santa Barbara); Kittinger, John N. (Conservation International; Arizona State University); McCoy, Kaylyn (University of Hawaii at Manoa); Norström, Albert (Stockholm University; Royal Swedish Academy of Sciences); Nyström, Magnus (Stockholm University; Royal Swedish Academy of Sciences); Oleson, Kirsten L. L. (University of Hawaii at Manoa); Stamoulis, Kostantinos A. (University of Hawaii at Manoa; Curtin University); White, Crow (California Polytechnic State University); Selkoe, Kimberly A. (University of California, Santa Barbara; University of Hawaii at Manoa)",18,18,,,https://journals.plos.org/plosone/article/file?id=10.1371/journal.pone.0189792&type=printable,https://app.dimensions.ai/details/publication/pub.1101305287,0602 Ecology; 0502 Environmental Science and Management; 0501 Ecological Applications; 05 Environmental Sciences; 06 Biological Sciences,0602 Ecology,0502 Environmental Science and Management,0501 Ecological Applications,05 Environmental Sciences,06 Biological Sciences
8,100,pub.1101148869,10.1038/s41558-018-0103-3,,,Turning Paris into reality at the University of California,Nature Climate Change,,,2018-03,2018,8,3,183-185,"All OA; Green, Published",Article,"Victor, David G.; Abdulla, Ahmed; Auston, David; Brase, Wendell; Brouwer, Jack; Brown, Karl; Davis, Steven J.; Kappel, Carrie V.; Meier, Alan; Modera, Mark; Zarin Pass, Rebecca; Phillips, David; Sager, Jordan; Weil, David; TomKat Natural Gas Exit Strategies Working Group","Victor, David G.","Victor, David G. (University of California, San Diego; Brookings Institution); Abdulla, Ahmed (University of California, San Diego); Auston, David (University of California, Santa Barbara); Brase, Wendell (University of California, Irvine); Brouwer, Jack (University of California, Irvine); Brown, Karl (University of California, Berkeley); Davis, Steven J. (University of California, Irvine); Kappel, Carrie V. (University of California, Santa Barbara); Meier, Alan (Lawrence Berkeley National Laboratory; University of California, Davis); Modera, Mark (University of California, Davis); Zarin Pass, Rebecca (Lawrence Berkeley National Laboratory); Phillips, David (University of California System); Sager, Jordan (University of California, Santa Barbara); Weil, David (University of California, San Diego); TomKat Natural Gas Exit Strategies Working Group ()",3,3,,,https://escholarship.org/content/qt9h18h7bp/qt9h18h7bp.pdf?t=p6lt7o,https://app.dimensions.ai/details/publication/pub.1101148869,0406 Physical Geography and Environmental Geoscience; 04 Earth Sciences; 05 Environmental Sciences; 0502 Environmental Science and Management; 0401 Atmospheric Sciences,0406 Physical Geography and Environmental Geoscience,04 Earth Sciences,05 Environmental Sciences,0502 Environmental Science and Management,0401 Atmospheric Sciences
9,100,pub.1093114947,10.1016/j.ecoser.2017.10.010,,,Distilling the role of ecosystem services in the Sustainable Development Goals,Ecosystem Services,,,2018-02,2018,29,Ecol. Lett. 9 10 2006,70-82,"All OA; Green, Accepted & Submitted",Article,"Wood, Sylvia L.R.; Jones, Sarah K.; Johnson, Justin A.; Brauman, Kate A.; Chaplin-Kramer, Rebecca; Fremier, Alexander; Girvetz, Evan; Gordon, Line J.; Kappel, Carrie V.; Mandle, Lisa; Mulligan, Mark; O'Farrell, Patrick; Smith, William K.; Willemen, Louise; Zhang, Wei; DeClerck, Fabrice A.","Wood, Sylvia L.R.","Wood, Sylvia L.R. (CGIAR; Columbia University); Jones, Sarah K. (CGIAR; King's College London); Johnson, Justin A. (University of Minnesota); Brauman, Kate A. (University of Minnesota); Chaplin-Kramer, Rebecca (Stanford University); Fremier, Alexander (Washington State University); Girvetz, Evan (International Center for Tropical Agriculture); Gordon, Line J. (Stockholm University); Kappel, Carrie V. (University of California, Santa Barbara); Mandle, Lisa (Stanford University); Mulligan, Mark (King's College London); O'Farrell, Patrick (Council for Scientific and Industrial Research); Smith, William K. (University of Arizona); Willemen, Louise (University of Twente); Zhang, Wei (); DeClerck, Fabrice A. (CGIAR; Stockholm University)",42,42,,,https://kclpure.kcl.ac.uk/portal/files/80399660/Distilling_the_role_of_ecosystem_WOOD_Accepted16October2017_GREEN_AAM.pdf,https://app.dimensions.ai/details/publication/pub.1093114947,1402 Applied Economics; 14 Economics,1402 Applied Economics,14 Economics,,,
10,500,pub.1028694834,10.1016/j.jenvman.2016.12.067,28082251,,Upstream solutions to coral reef conservation: The payoffs of smart and cooperative decision-making,Journal of Environmental Management,,"Conservation of Natural Resources; Coral Reefs; Ecosystem; Geologic Sediments; Models, Theoretical",2017-04,2017,191,J. Soil Water Conserv. 43 1988,8-18,All OA; Gold,Article,"Oleson, Kirsten L.L.; Falinski, Kim A.; Lecky, Joey; Rowe, Clara; Kappel, Carrie V.; Selkoe, Kimberly A.; White, Crow","Oleson, Kirsten L.L.","Oleson, Kirsten L.L. (University of Hawaii at Manoa); Falinski, Kim A. (University of Hawaii at Manoa); Lecky, Joey (University of Hawaii at Manoa); Rowe, Clara (Yale University); Kappel, Carrie V. (University of California, Santa Barbara); Selkoe, Kimberly A. (University of California, Santa Barbara; University of Hawaii at Manoa); White, Crow (California Polytechnic State University)",11,10,0.72,6.55,https://doi.org/10.1016/j.jenvman.2016.12.067,https://app.dimensions.ai/details/publication/pub.1028694834,14 Economics; 0501 Ecological Applications; 1402 Applied Economics; 05 Environmental Sciences; 0502 Environmental Science and Management,14 Economics,0501 Ecological Applications,1402 Applied Economics,05 Environmental Sciences,0502 Environmental Science and Management
11,100,pub.1023615207,10.1016/j.marpol.2016.11.011,,,Costly stakeholder participation creates inertia in marine ecosystems,Marine Policy,,,2017-02,2017,76,,122-129,Closed,Article,"Lynham, J.; Halpern, B.S.; Blenckner, T.; Essington, T.; Estes, J.; Hunsicker, M.; Kappel, C.; Salomon, A.K.; Scarborough, C.; Selkoe, K.A.; Stier, A.","Lynham, J.","Lynham, J. (University of Hawaii at Manoa); Halpern, B.S. (University of California, Santa Barbara; Imperial College London); Blenckner, T. (Stockholm University); Essington, T. (); Estes, J. (University of California, Santa Cruz); Hunsicker, M. (University of California, Santa Barbara); Kappel, C. (University of California, Santa Barbara); Salomon, A.K. (Simon Fraser University); Scarborough, C. (University of California, Santa Barbara); Selkoe, K.A. (University of California, Santa Barbara; University of Hawaii at Manoa); Stier, A. (University of California, Santa Barbara)",8,7,,8.4,,https://app.dimensions.ai/details/publication/pub.1023615207,1801 Law; 1606 Political Science; 16 Studies in Human Society; 18 Law and Legal Studies; 05 Environmental Sciences; 0502 Environmental Science and Management,1801 Law,1606 Political Science,16 Studies in Human Society,18 Law and Legal Studies,05 Environmental Sciences
12,500,pub.1031155833,10.1002/ece3.2637,28116067,PMC5243789,Offshore aquaculture: Spatial planning principles for sustainable development,Ecology and Evolution,,,2017-01,2017,7,2,733-743,All OA; Gold,Article,"Gentry, Rebecca R.; Lester, Sarah E.; Kappel, Carrie V.; White, Crow; Bell, Tom W.; Stevens, Joel; Gaines, Steven D.",,"Gentry, Rebecca R. (University of California, Santa Barbara); Lester, Sarah E. (Florida State University); Kappel, Carrie V. (University of California, Santa Barbara); White, Crow (); Bell, Tom W. (University of California, Santa Barbara); Stevens, Joel (); Gaines, Steven D. (University of California, Santa Barbara)",27,26,0.56,11.42,https://onlinelibrary.wiley.com/doi/pdf/10.1002/ece3.2637,https://app.dimensions.ai/details/publication/pub.1031155833,0602 Ecology; 06 Biological Sciences; 0603 Evolutionary Biology,0602 Ecology,06 Biological Sciences,0603 Evolutionary Biology,,
13,100,pub.1007649127,10.1111/conl.12245,,,Integrating Expert Perceptions into Food Web Conservation and Management,Conservation Letters,,,2017-01,2017,10,1,67-76,All OA; Gold,Article,"Stier, Adrian C.; Samhouri, Jameal F.; Gray, Steven; Martone, Rebecca G.; Mach, Megan E.; Halpern, Benjamin S.; Kappel, Carrie V.; Scarborough, Courtney; Levin, Phillip S.",,"Stier, Adrian C. (University of California, Santa Barbara); Samhouri, Jameal F. (Northwest Fisheries Science Center); Gray, Steven (Michigan State University); Martone, Rebecca G. (); Mach, Megan E. (); Halpern, Benjamin S. (University of California, Santa Barbara); Kappel, Carrie V. (University of California, Santa Barbara); Scarborough, Courtney (University of California, Santa Barbara); Levin, Phillip S. (Northwest Fisheries Science Center)",13,5,,5.8,https://doi.org/10.1111/conl.12245,https://app.dimensions.ai/details/publication/pub.1007649127,05 Environmental Sciences; 0502 Environmental Science and Management,05 Environmental Sciences,0502 Environmental Science and Management,,,
14,100,pub.1012676859,10.1016/j.ocecoaman.2016.03.014,,,Combined impacts of natural and human disturbances on rocky shore communities,Ocean & Coastal Management,,,2016-06,2016,126,Austral. Ecol 26 2001,42-50,All OA; Gold,Article,"Micheli, Fiorenza; Heiman, Kimberly W.; Kappel, Carrie V.; Martone, Rebecca G.; Sethi, Suresh A.; Osio, Giacomo C.; Fraschetti, Simonetta; Shelton, Andrew O.; Tanner, Jacqui M.","Micheli, Fiorenza","Micheli, Fiorenza (Stanford University); Heiman, Kimberly W. (Muhlenberg College); Kappel, Carrie V. (University of California, Santa Barbara); Martone, Rebecca G. (); Sethi, Suresh A. (); Osio, Giacomo C. (Joint Research Centre); Fraschetti, Simonetta (University of Salento); Shelton, Andrew O. (Northwest Fisheries Science Center); Tanner, Jacqui M. (Stanford University)",12,9,,,https://manuscript.elsevier.com/S0964569116300394/pdf/S0964569116300394.pdf,https://app.dimensions.ai/details/publication/pub.1012676859,16 Studies in Human Society; 04 Earth Sciences; 05 Environmental Sciences,16 Studies in Human Society,04 Earth Sciences,05 Environmental Sciences,,
15,100,pub.1029011884,10.3389/fmars.2016.00062,,,Responses of Marine Organisms to Climate Change across Oceans,Frontiers in Marine Science,,,2016-05-04,2016,3,,62,All OA; Gold,Article,"Poloczanska, Elvira S.; Burrows, Michael T.; Brown, Christopher J.; Molinos, Jorge García; Halpern, Benjamin S.; Hoegh-Guldberg, Ove; Kappel, Carrie V.; Moore, Pippa J.; Richardson, Anthony J.; Schoeman, David S.; Sydeman, William J.",,"Poloczanska, Elvira S. (Commonwealth Scientific and Industrial Research Organisation; University of Queensland); Burrows, Michael T. (Scottish Association For Marine Science); Brown, Christopher J. (Griffith University); Molinos, Jorge García (Scottish Association For Marine Science; National Institute for Environmental Studies; Hokkaido University); Halpern, Benjamin S. (University of California, Santa Barbara; Imperial College London); Hoegh-Guldberg, Ove (University of Queensland); Kappel, Carrie V. (University of California, Santa Barbara); Moore, Pippa J. (Aberystwyth University; Edith Cowan University); Richardson, Anthony J. (Commonwealth Scientific and Industrial Research Organisation; University of Queensland); Schoeman, David S. (University of the Sunshine Coast); Sydeman, William J. (Farallon Institute; University of California, Davis)",139,108,,38.04,https://www.frontiersin.org/articles/10.3389/fmars.2016.00062/pdf,https://app.dimensions.ai/details/publication/pub.1029011884,0602 Ecology; 0405 Oceanography; 0501 Ecological Applications; 06 Biological Sciences; 04 Earth Sciences; 05 Environmental Sciences; 0502 Environmental Science and Management,0602 Ecology,0405 Oceanography,0501 Ecological Applications,06 Biological Sciences,04 Earth Sciences
16,400,pub.1036448569,10.1890/14-2200,27411240,,Characterizing driver–response relationships in marine pelagic ecosystems for improved ocean management,Ecological Applications,,"Animals; Biomass; Databases, Factual; Ecosystem; Marine Biology; Models, Biological; Oceans and Seas; Population Density",2016-04,2016,26,3,651-663,"All OA; Green, Accepted & Submitted",Article,"Hunsicker, Mary E.; Kappel, Carrie V.; Selkoe, Kimberly A.; Halpern, Benjamin S.; Scarborough, Courtney; Mease, Lindley; Amrhein, Alisan",,"Hunsicker, Mary E. (University of California, Santa Barbara); Kappel, Carrie V. (University of California, Santa Barbara); Selkoe, Kimberly A. (University of California, Santa Barbara; University of Hawaii at Manoa); Halpern, Benjamin S. (University of California, Santa Barbara; Imperial College London); Scarborough, Courtney (University of California, Santa Barbara); Mease, Lindley (Stanford University); Amrhein, Alisan (University of California, Santa Barbara)",32,19,0.85,8.3,http://spiral.imperial.ac.uk/bitstream/10044/1/33775/2/Hunsicker_etal_EcoApps_2016_preprint.pdf,https://app.dimensions.ai/details/publication/pub.1036448569,0602 Ecology; 06 Biological Sciences,0602 Ecology,06 Biological Sciences,,,
17,100,pub.1019945361,10.3389/fmars.2015.00095,,,Using Ecological Thresholds to Inform Resource Management: Current Options and Future Possibilities,Frontiers in Marine Science,,,2015-11-09,2015,2,,95,All OA; Gold,Article,"Foley, Melissa M.; Martone, Rebecca G.; Fox, Michael D.; Kappel, Carrie V.; Mease, Lindley A.; Erickson, Ashley L.; Halpern, Benjamin S.; Selkoe, Kimberly A.; Taylor, Peter; Scarborough, Courtney",,"Foley, Melissa M. (); Martone, Rebecca G. (); Fox, Michael D. (); Kappel, Carrie V. (University of California, Santa Barbara); Mease, Lindley A. (); Erickson, Ashley L. (); Halpern, Benjamin S. (University of California, Santa Barbara; Imperial College London); Selkoe, Kimberly A. (University of California, Santa Barbara; University of Hawaii at Manoa); Taylor, Peter (); Scarborough, Courtney (University of California, Santa Barbara)",26,16,,5.7,https://www.frontiersin.org/articles/10.3389/fmars.2015.00095/pdf,https://app.dimensions.ai/details/publication/pub.1019945361,05 Environmental Sciences; 06 Biological Sciences; 0602 Ecology; 0502 Environmental Science and Management,05 Environmental Sciences,06 Biological Sciences,0602 Ecology,0502 Environmental Science and Management,
18,200,pub.1111240341,10.1890/14-2200.1,,,Characterizing driver-response relationships in marine pelagic ecosystems for improved ocean management,Ecological Applications,,,2015-08-20,2015,,,150820223553008,"All OA; Green, Accepted & Submitted",Article,"Hunsicker, Mary E.; Kappel, Carrie V.; Selkoe, Kimberly A.; Halpern, Benjamin S.; Scarborough, Courtney; Mease, Lindley; Amrhein, Alisan",,"Hunsicker, Mary E. (); Kappel, Carrie V. (); Selkoe, Kimberly A. (); Halpern, Benjamin S. (); Scarborough, Courtney (); Mease, Lindley (); Amrhein, Alisan ()",0,0,,,http://spiral.imperial.ac.uk/bitstream/10044/1/33775/2/Hunsicker_etal_EcoApps_2016_preprint.pdf,https://app.dimensions.ai/details/publication/pub.1111240341,05 Environmental Sciences; 06 Biological Sciences; 07 Agricultural and Veterinary Sciences,05 Environmental Sciences,06 Biological Sciences,07 Agricultural and Veterinary Sciences,,
19,100,pub.1046453861,10.1890/ehs14-0024.1,,,Principles for managing marine ecosystems prone to tipping points,Ecosystem Health and Sustainability,,,2015-07,2015,1,5,1-18,All OA; Gold,Article,"Selkoe, Kimberly A.; Blenckner, Thorsten; Caldwell, Margaret R.; Crowder, Larry B.; Erickson, Ashley L.; Essington, Timothy E.; Estes, James A.; Fujita, Rod M.; Halpern, Benjamin S.; Hunsicker, Mary E.; Kappel, Carrie V.; Kelly, Ryan P.; Kittinger, John N.; Levin, Phillip S.; Lynham, John M.; Mach, Megan E.; Martone, Rebecca G.; Mease, Lindley A.; Salomon, Anne K.; Samhouri, Jameal F.; Scarborough, Courtney; Stier, Adrian C.; White, Crow; Zedler, Joy",,"Selkoe, Kimberly A. (University of California, Santa Barbara; University of Hawaii at Manoa); Blenckner, Thorsten (Stockholm University); Caldwell, Margaret R. (Stanford University); Crowder, Larry B. (Stanford University); Erickson, Ashley L. (Stanford University); Essington, Timothy E. (University of Washington); Estes, James A. (University of California, Santa Cruz); Fujita, Rod M. (); Halpern, Benjamin S. (University of California, Santa Barbara; Imperial College London); Hunsicker, Mary E. (University of California, Santa Barbara); Kappel, Carrie V. (University of California, Santa Barbara); Kelly, Ryan P. (University of Washington); Kittinger, John N. (Conservation International); Levin, Phillip S. (Northwest Fisheries Science Center); Lynham, John M. (University of Hawaii at Manoa); Mach, Megan E. (Stanford University); Martone, Rebecca G. (Stanford University); Mease, Lindley A. (Stanford University); Salomon, Anne K. (Simon Fraser University); Samhouri, Jameal F. (Northwest Fisheries Science Center); Scarborough, Courtney (University of California, Santa Barbara); Stier, Adrian C. (University of California, Santa Barbara); White, Crow (California Polytechnic State University); Zedler, Joy (University of Wisconsin–Madison)",71,44,,15.56,https://doi.org/10.1890/ehs14-0024.1,https://app.dimensions.ai/details/publication/pub.1046453861,05 Environmental Sciences; 06 Biological Sciences; 0602 Ecology; 0502 Environmental Science and Management,05 Environmental Sciences,06 Biological Sciences,0602 Ecology,0502 Environmental Science and Management,
20,100,pub.1042729648,10.1111/1365-2664.12388,,,Thresholds in Caribbean coral reefs: implications for ecosystem‐based fishery management,Journal of Applied Ecology,,,2015-04,2015,52,2,402-412,All OA; Gold,Article,"Karr, Kendra A.; Fujita, Rod; Halpern, Benjamin S.; Kappel, Carrie V.; Crowder, Larry; Selkoe, Kimberly A.; Alcolado, Pedro M.; Rader, Doug",,"Karr, Kendra A. (Environmental Defense Fund; University of California, Santa Cruz); Fujita, Rod (Environmental Defense Fund; Stanford University); Halpern, Benjamin S. (University of California, Santa Barbara; Imperial College London); Kappel, Carrie V. (University of California, Santa Barbara); Crowder, Larry (Stanford University); Selkoe, Kimberly A. (University of California, Santa Barbara; University of Hawaii at Manoa); Alcolado, Pedro M. (); Rader, Doug (Environmental Defense Fund)",34,12,,7.9,https://besjournals.onlinelibrary.wiley.com/doi/pdf/10.1111/1365-2664.12388,https://app.dimensions.ai/details/publication/pub.1042729648,0602 Ecology; 0502 Environmental Science and Management; 0501 Ecological Applications; 05 Environmental Sciences; 06 Biological Sciences,0602 Ecology,0502 Environmental Science and Management,0501 Ecological Applications,05 Environmental Sciences,06 Biological Sciences
21,100,pub.1003245604,10.1111/geb.12218,,,Strengthening confidence in climate impact science,Global Ecology and Biogeography,,,2015-01,2015,24,1,64-76,All OA; Gold,Article,"O'Connor, Mary I.; Holding, Johnna M.; Kappel, Carrie V.; Duarte, Carlos M.; Brander, Keith; Brown, Christopher J.; Bruno, John F.; Buckley, Lauren; Burrows, Michael T.; Halpern, Benjamin S.; Kiessling, Wolfgang; Moore, Pippa; Pandolfi, John M.; Parmesan, Camille; Poloczanska, Elvira S.; Schoeman, David S.; Sydeman, William J.; Richardson, Anthony J.",,"O'Connor, Mary I. (University of British Columbia; University of California, Santa Barbara); Holding, Johnna M. (); Kappel, Carrie V. (University of California, Santa Barbara); Duarte, Carlos M. (); Brander, Keith (); Brown, Christopher J. (University of Queensland); Bruno, John F. (University of North Carolina System); Buckley, Lauren (University of North Carolina System); Burrows, Michael T. (Scottish Association For Marine Science); Halpern, Benjamin S. (University of California, Santa Barbara; Imperial College London); Kiessling, Wolfgang (); Moore, Pippa (Edith Cowan University; Institute of Biological, Environmental and Rural Sciences); Pandolfi, John M. (ARC Centre of Excellence For Coral Reef Studies); Parmesan, Camille (Plymouth University; The University of Texas at Austin); Poloczanska, Elvira S. (); Schoeman, David S. (University of the Sunshine Coast); Sydeman, William J. (Farallon Institute); Richardson, Anthony J. (University of Queensland)",20,3,,4.24,https://onlinelibrary.wiley.com/doi/pdf/10.1111/geb.12218,https://app.dimensions.ai/details/publication/pub.1003245604,0602 Ecology; 0406 Physical Geography and Environmental Geoscience; 0501 Ecological Applications; 04 Earth Sciences; 05 Environmental Sciences; 06 Biological Sciences,0602 Ecology,0406 Physical Geography and Environmental Geoscience,0501 Ecological Applications,04 Earth Sciences,05 Environmental Sciences
22,400,pub.1035517753,10.1038/nature12976,24509712,,Geographical limits to species-range shifts are suggested by climate velocity,Nature,,"Animal Migration; Animals; Australia; Biodiversity; Climate; Climate Change; Ecosystem; Geographic Mapping; Geography; Models, Theoretical; Population Dynamics; Seawater; Temperature; Time Factors; Uncertainty",2014-03,2014,507,7493,492-495,"All OA; Green, Published",Article,"Burrows, Michael T.; Schoeman, David S.; Richardson, Anthony J.; Molinos, Jorge García; Hoffmann, Ary; Buckley, Lauren B.; Moore, Pippa J.; Brown, Christopher J.; Bruno, John F.; Duarte, Carlos M.; Halpern, Benjamin S.; Hoegh-Guldberg, Ove; Kappel, Carrie V.; Kiessling, Wolfgang; O’Connor, Mary I.; Pandolfi, John M.; Parmesan, Camille; Sydeman, William J.; Ferrier, Simon; Williams, Kristen J.; Poloczanska, Elvira S.","Burrows, Michael T.","Burrows, Michael T. (Scottish Association For Marine Science); Schoeman, David S. (University of the Sunshine Coast); Richardson, Anthony J. (University of Queensland); Molinos, Jorge García (Scottish Association For Marine Science); Hoffmann, Ary (University of Melbourne); Buckley, Lauren B. (University of North Carolina at Chapel Hill); Moore, Pippa J. (Aberystwyth University; Edith Cowan University); Brown, Christopher J. (University of Queensland); Bruno, John F. (University of North Carolina at Chapel Hill); Duarte, Carlos M. (University of Western Australia; Mediterranean Institute for Advanced Studies; King Abdulaziz University); Halpern, Benjamin S. (University of California, Santa Barbara; Imperial College London); Hoegh-Guldberg, Ove (University of Queensland); Kappel, Carrie V. (University of California, Santa Barbara); Kiessling, Wolfgang (University of Erlangen-Nuremberg; Museum für Naturkunde - Leibniz Institute for Evolution and Biodiversity Science); O’Connor, Mary I. (University of British Columbia); Pandolfi, John M. (University of Queensland); Parmesan, Camille (The University of Texas at Austin; Plymouth University); Sydeman, William J. (Farallon Institute); Ferrier, Simon (Ecosystem Sciences); Williams, Kristen J. (Ecosystem Sciences); Poloczanska, Elvira S. ()",225,76,6.66,36.71,https://pearl.plymouth.ac.uk/bitstream/10026.1/10115/1/VoCC%26Conservation%20Burrows%20Ntr2014.pdf,https://app.dimensions.ai/details/publication/pub.1035517753,0602 Ecology; 06 Biological Sciences,0602 Ecology,06 Biological Sciences,,,
23,100,pub.1038454725,10.1016/j.biocon.2013.12.029,,,High vulnerability of ecosystem function and services to diversity loss in Caribbean coral reefs,Biological Conservation,,,2014-03,2014,171,Ecol. Lett. 6 2003,186-194,Closed,Article,"Micheli, Fiorenza; Mumby, Peter J.; Brumbaugh, Daniel R.; Broad, Kenny; Dahlgren, Craig P.; Harborne, Alastair R.; Holmes, Katherine E.; Kappel, Carrie V.; Litvin, Steven Y.; Sanchirico, James N.","Micheli, Fiorenza","Micheli, Fiorenza (Stanford University); Mumby, Peter J. (University of Queensland); Brumbaugh, Daniel R. (American Museum of Natural History; University of California, Santa Cruz); Broad, Kenny (University of Miami); Dahlgren, Craig P. (Perry Institute for Marine Science); Harborne, Alastair R. (University of Queensland); Holmes, Katherine E. (American Museum of Natural History; Wildlife Conservation Society); Kappel, Carrie V. (University of California, Santa Barbara); Litvin, Steven Y. (Stanford University); Sanchirico, James N. (University of California, Davis)",41,12,,8.26,,https://app.dimensions.ai/details/publication/pub.1038454725,0602 Ecology; 0502 Environmental Science and Management; 0704 Fisheries Sciences; 0501 Ecological Applications; 05 Environmental Sciences; 06 Biological Sciences; 07 Agricultural and Veterinary Sciences,0602 Ecology,0502 Environmental Science and Management,0704 Fisheries Sciences,0501 Ecological Applications,05 Environmental Sciences
24,100,pub.1027107230,10.1038/nclimate1958,,,Global imprint of climate change on marine life,Nature Climate Change,,,2013-10,2013,3,10,919-925,"All OA; Green, Accepted & Submitted",Article,"Poloczanska, Elvira S.; Brown, Christopher J.; Sydeman, William J.; Kiessling, Wolfgang; Schoeman, David S.; Moore, Pippa J.; Brander, Keith; Bruno, John F.; Buckley, Lauren B.; Burrows, Michael T.; Duarte, Carlos M.; Halpern, Benjamin S.; Holding, Johnna; Kappel, Carrie V.; O’Connor, Mary I.; Pandolfi, John M.; Parmesan, Camille; Schwing, Franklin; Thompson, Sarah Ann; Richardson, Anthony J.","Poloczanska, Elvira S.","Poloczanska, Elvira S. (); Brown, Christopher J. (University of Queensland); Sydeman, William J. (Farallon Institute); Kiessling, Wolfgang (Museum für Naturkunde - Leibniz Institute for Evolution and Biodiversity Science; University of Erlangen-Nuremberg); Schoeman, David S. (University of the Sunshine Coast; Nelson Mandela University); Moore, Pippa J. (Edith Cowan University; Aberystwyth University); Brander, Keith (Technical University of Denmark); Bruno, John F. (University of North Carolina at Chapel Hill); Buckley, Lauren B. (University of North Carolina at Chapel Hill); Burrows, Michael T. (Scottish Association For Marine Science); Duarte, Carlos M. (Mediterranean Institute for Advanced Studies; University of Western Australia); Halpern, Benjamin S. (University of California, Santa Barbara); Holding, Johnna (Mediterranean Institute for Advanced Studies); Kappel, Carrie V. (University of California, Santa Barbara); O’Connor, Mary I. (University of British Columbia); Pandolfi, John M. (University of Queensland); Parmesan, Camille (The University of Texas at Austin; Plymouth University); Schwing, Franklin (); Thompson, Sarah Ann (Farallon Institute); Richardson, Anthony J. (University of Queensland)",667,299,,100.19,http://digital.csic.es/bitstream/10261/88790/1/accesoRestringido.pdf,https://app.dimensions.ai/details/publication/pub.1027107230,0502 Environmental Science and Management; 04 Earth Sciences; 05 Environmental Sciences; 0405 Oceanography,0502 Environmental Science and Management,04 Earth Sciences,05 Environmental Sciences,0405 Oceanography,
25,100,pub.1040897576,10.1002/aqc.2365,,,Linking human activity and ecosystem condition to inform marine ecosystem based management,Aquatic Conservation Marine and Freshwater Ecosystems,,,2013-08,2013,23,4,506-514,Closed,Article,"Menzel, Susanne; Kappel, Carrie V.; Broitman, Bernardo R.; Micheli, Fiorenza; Rosenberg, Andrew A.",,"Menzel, Susanne (Swiss Federal Institute for Forest, Snow and Landscape Research); Kappel, Carrie V. (University of California, Santa Barbara); Broitman, Bernardo R. (Catholic University of the North); Micheli, Fiorenza (Stanford University); Rosenberg, Andrew A. ()",9,4,,1.59,,https://app.dimensions.ai/details/publication/pub.1040897576,0602 Ecology; 0502 Environmental Science and Management; 0501 Ecological Applications; 05 Environmental Sciences; 06 Biological Sciences,0602 Ecology,0502 Environmental Science and Management,0501 Ecological Applications,05 Environmental Sciences,06 Biological Sciences
26,100,pub.1023289811,10.3955/046.087.0211,,,"Invasion Status of Terrestrial Mammals on Uninhabited Islands within the San Juan Archipelago, Washington",Northwest Science,,,2013-05,2013,87,2,178-184,Closed,Article,"Kurle, Carolyn M.; Kappel, Carrie V.; Hope, David D.; Lam, Athena",,"Kurle, Carolyn M. (University of California, San Diego); Kappel, Carrie V. (University of California, Santa Barbara); Hope, David D. (Simon Fraser University); Lam, Athena (University of California, San Diego)",0,0,,0,,https://app.dimensions.ai/details/publication/pub.1023289811,05 Environmental Sciences; 06 Biological Sciences; 0602 Ecology; 0502 Environmental Science and Management,05 Environmental Sciences,06 Biological Sciences,0602 Ecology,0502 Environmental Science and Management,
27,100,pub.1033034215,10.1016/b978-0-12-384719-5.00329-4,,,Countryside Biogeography,,Encyclopedia of Biodiversity,,2013,2013,,,347-360,Closed,Chapter,"Mendenhall, Chase D.; Kappel, Carrie V.; Ehrlich, Paul R.",,"Mendenhall, Chase D. (Stanford University); Kappel, Carrie V. (University of California, Santa Barbara); Ehrlich, Paul R. (Stanford University)",9,5,,1.63,,https://app.dimensions.ai/details/publication/pub.1033034215,0602 Ecology; 0502 Environmental Science and Management; 0603 Evolutionary Biology; 0501 Ecological Applications; 05 Environmental Sciences; 06 Biological Sciences,0602 Ecology,0502 Environmental Science and Management,0603 Evolutionary Biology,0501 Ecological Applications,05 Environmental Sciences
28,400,pub.1018641274,10.1098/rsbl.2012.0530,22791706,PMC3497116,Climate change and marine life,Biology Letters,,"Climate Change; Data Collection; Data Interpretation, Statistical; Ecosystem; Geography; Marine Biology; Oceanography; Oceans and Seas; Time Factors",2012-12-23,2012,8,6,907-909,All OA; Gold,Article,"Richardson, Anthony J.; Brown, Christopher J.; Brander, Keith; Bruno, John F.; Buckley, Lauren; Burrows, Michael T.; Duarte, Carlos M.; Halpern, Benjamin S.; Hoegh-Guldberg, Ove; Holding, Johnna; Kappel, Carrie V.; Kiessling, Wolfgang; Moore, Pippa J.; O'Connor, Mary I.; Pandolfi, John M.; Parmesan, Camille; Schoeman, David S.; Schwing, Frank; Sydeman, William J.; Poloczanska, Elvira S.",,"Richardson, Anthony J. (University of Queensland); Brown, Christopher J. (University of Queensland); Brander, Keith (Technical University of Denmark); Bruno, John F. (University of North Carolina at Chapel Hill); Buckley, Lauren (University of North Carolina at Chapel Hill); Burrows, Michael T. (Scottish Association For Marine Science); Duarte, Carlos M. (Mediterranean Institute for Advanced Studies; University of Western Australia); Halpern, Benjamin S. (University of California, Santa Barbara); Hoegh-Guldberg, Ove (University of Queensland); Holding, Johnna (Mediterranean Institute for Advanced Studies); Kappel, Carrie V. (University of California, Santa Barbara); Kiessling, Wolfgang (Museum für Naturkunde - Leibniz Institute for Evolution and Biodiversity Science); Moore, Pippa J. (Aberystwyth University); O'Connor, Mary I. (University of British Columbia); Pandolfi, John M. (University of Queensland); Parmesan, Camille (The University of Texas at Austin; Plymouth University); Schoeman, David S. (University of the Sunshine Coast; Nelson Mandela University); Schwing, Frank (Southwest Fisheries Science Center); Sydeman, William J. (Farallon Institute); Poloczanska, Elvira S. ()",48,10,0.84,5.75,http://rsbl.royalsocietypublishing.org/content/8/6/907.full.pdf,https://app.dimensions.ai/details/publication/pub.1018641274,0602 Ecology; 06 Biological Sciences,0602 Ecology,06 Biological Sciences,,,
29,400,pub.1045252640,10.1073/pnas.1114215109,22392996,PMC3311352,Ecosystem service tradeoff analysis reveals the value of marine spatial planning for multiple ocean uses,Proceedings of the National Academy of Sciences,,"Animals; Catalysis; Conservation of Natural Resources; Ecosystem; Fisheries; Fishes; Marine Biology; Massachusetts; Models, Biological; Models, Economic; Nephropidae; Oceans and Seas; Whales",2012-03-20,2012,109,12,4696-4701,All OA; Gold,Article,"White, Crow; Halpern, Benjamin S.; Kappel, Carrie V.",,"White, Crow (University of California, Santa Barbara); Halpern, Benjamin S. (University of California, Santa Barbara); Kappel, Carrie V. (University of California, Santa Barbara)",214,64,1.65,36.58,http://www.pnas.org/content/109/12/4696.full.pdf,https://app.dimensions.ai/details/publication/pub.1045252640,05 Environmental Sciences; 0502 Environmental Science and Management,05 Environmental Sciences,0502 Environmental Science and Management,,,
30,200,pub.1062608740,10.1126/science.335.6068.538-a,,,Invasive Species Unchecked by Climate—Response,Science,,,2012-02-03,2012,335,6068,538-539,"All OA; Green, Accepted & Submitted",Article,"Burrows, Michael T.; Schoeman, David S.; Duarte, Carlos M.; O'Connor, Mary I.; Buckley, Lauren B.; Kappel, Carrie V.; Parmesan, Camille; Halpern, Benjamin S.; Brown, Chris; Brander, Keith M.; Bruno, John F.; Pandolfi, John M.; Sydeman, William J.; Moore, Pippa; Kiessling, Wolfgang; Richardson, Anthony J.; Poloczanska, Elvira S.",,"Burrows, Michael T. (Scottish Association For Marine Science); Schoeman, David S. (University of Ulster; Nelson Mandela University); Duarte, Carlos M. (University of Western Australia; Mediterranean Institute for Advanced Studies); O'Connor, Mary I. (University of British Columbia); Buckley, Lauren B. (University of North Carolina at Chapel Hill); Kappel, Carrie V. (University of California, Santa Barbara); Parmesan, Camille (The University of Texas at Austin); Halpern, Benjamin S. (University of California, Santa Barbara); Brown, Chris (University of Queensland); Brander, Keith M. (Technical University of Denmark); Bruno, John F. (University of North Carolina at Chapel Hill); Pandolfi, John M. (University of Queensland); Sydeman, William J. (Farallon Institute); Moore, Pippa (Aberystwyth University; Edith Cowan University); Kiessling, Wolfgang (Museum für Naturkunde - Leibniz Institute for Evolution and Biodiversity Science); Richardson, Anthony J. (University of Queensland); Poloczanska, Elvira S. ()",3,0,,,https://digital.csic.es/bitstream/10261/89753/1/accesoRestringido.pdf,https://app.dimensions.ai/details/publication/pub.1062608740,,,,,,
31,100,pub.1087459590,10.5822/978-1-61091-182-5_16,,,Extinction Risk in a Changing Ocean,,Saving a Million Species,,2012,2012,,,285-307,Closed,Chapter,"Halpern, Benjamin S.; Kappel, Carrie V.","Halpern, Benjamin S.","Halpern, Benjamin S. (University of California, Santa Barbara); Kappel, Carrie V. (University of California, Santa Barbara)",5,1,,0.66,,https://app.dimensions.ai/details/publication/pub.1087459590,0602 Ecology; 0405 Oceanography; 0502 Environmental Science and Management; 04 Earth Sciences; 05 Environmental Sciences; 06 Biological Sciences,0602 Ecology,0405 Oceanography,0502 Environmental Science and Management,04 Earth Sciences,05 Environmental Sciences
32,100,pub.1041619139,10.1007/978-1-4614-1034-8_13,,,Eliciting Expert Knowledge of Ecosystem Vulnerability to Human Stressors to Support Comprehensive Ocean Management,,Expert Knowledge and Its Application in Landscape Ecology,,2012,2012,,,253-277,Closed,Chapter,"Kappel, Carrie V.; Halpern, Benjamin S.; Selkoe, Kimberly A.; Cooke, Roger M.","Kappel, Carrie V.","Kappel, Carrie V. (University of California, Santa Barbara); Halpern, Benjamin S. (University of California, Santa Barbara); Selkoe, Kimberly A. (University of California, Santa Barbara); Cooke, Roger M. (Resources For The Future)",9,1,,1.19,,https://app.dimensions.ai/details/publication/pub.1041619139,0602 Ecology; 0405 Oceanography; 0502 Environmental Science and Management; 04 Earth Sciences; 05 Environmental Sciences; 06 Biological Sciences,0602 Ecology,0405 Oceanography,0502 Environmental Science and Management,04 Earth Sciences,05 Environmental Sciences
33,400,pub.1062465450,10.1126/science.1210288,22053045,,The Pace of Shifting Climate in Marine and Terrestrial Ecosystems,Science,,Biodiversity; Climate Change; Ecosystem; Oceans and Seas; Seasons,2011-11-04,2011,334,6056,652-655,"All OA; Green, Accepted & Submitted",Article,"Burrows, Michael T.; Schoeman, David S.; Buckley, Lauren B.; Moore, Pippa; Poloczanska, Elvira S.; Brander, Keith M.; Brown, Chris; Bruno, John F.; Duarte, Carlos M.; Halpern, Benjamin S.; Holding, Johnna; Kappel, Carrie V.; Kiessling, Wolfgang; O’Connor, Mary I.; Pandolfi, John M.; Parmesan, Camille; Schwing, Franklin B.; Sydeman, William J.; Richardson, Anthony J.",,"Burrows, Michael T. (Scottish Association For Marine Science); Schoeman, David S. (University of Ulster; Nelson Mandela University); Buckley, Lauren B. (University of North Carolina at Chapel Hill); Moore, Pippa (Aberystwyth University; Edith Cowan University); Poloczanska, Elvira S. (); Brander, Keith M. (Technical University of Denmark); Brown, Chris (University of Queensland); Bruno, John F. (University of North Carolina at Chapel Hill); Duarte, Carlos M. (University of Western Australia; University of the Balearic Islands); Halpern, Benjamin S. (University of California, Santa Barbara); Holding, Johnna (University of the Balearic Islands); Kappel, Carrie V. (University of California, Santa Barbara); Kiessling, Wolfgang (Museum für Naturkunde - Leibniz Institute for Evolution and Biodiversity Science); O’Connor, Mary I. (University of British Columbia); Pandolfi, John M. (University of Queensland); Parmesan, Camille (The University of Texas at Austin); Schwing, Franklin B. (Southwest Fisheries Science Center); Sydeman, William J. (Farallon Institute); Richardson, Anthony J. (University of Queensland)",600,161,9.56,72.59,https://digital.csic.es/bitstream/10261/42136/3/accesoRestringido.pdf,https://app.dimensions.ai/details/publication/pub.1062465450,0602 Ecology; 0405 Oceanography; 0501 Ecological Applications; 06 Biological Sciences; 04 Earth Sciences; 05 Environmental Sciences; 0502 Environmental Science and Management,0602 Ecology,0405 Oceanography,0501 Ecological Applications,06 Biological Sciences,04 Earth Sciences
34,400,pub.1039054625,10.1890/09-1173.1,20666257,,Using expert judgment to estimate marine ecosystem vulnerability in the California Current,Ecological Applications,,California; Ecosystem; Seawater,2010-07,2010,20,5,1402-1416,Closed,Article,"Teck, Sarah J.; Halpern, Benjamin S.; Kappel, Carrie V.; Micheli, Fiorenza; Selkoe, Kimberly A.; Crain, Caitlin M.; Martone, Rebecca; Shearer, Christine; Arvai, Joe; Fischhoff, Baruch; Murray, Grant; Neslo, Rabin; Cooke, Roger",,"Teck, Sarah J. (University of California, Santa Barbara); Halpern, Benjamin S. (University of California, Santa Barbara); Kappel, Carrie V. (University of California, Santa Barbara); Micheli, Fiorenza (Stanford University); Selkoe, Kimberly A. (University of California, Santa Barbara; University of Hawaii at Manoa); Crain, Caitlin M. (University of California, Santa Cruz); Martone, Rebecca (Stanford University); Shearer, Christine (University of California, Santa Barbara); Arvai, Joe (Michigan State University); Fischhoff, Baruch (Carnegie Mellon University); Murray, Grant (Vancouver Island University); Neslo, Rabin (Delft University of Technology); Cooke, Roger (Delft University of Technology; Resources For The Future)",89,18,1.02,10.06,,https://app.dimensions.ai/details/publication/pub.1039054625,0602 Ecology; 0502 Environmental Science and Management; 0501 Ecological Applications; 05 Environmental Sciences; 06 Biological Sciences,0602 Ecology,0502 Environmental Science and Management,0501 Ecological Applications,05 Environmental Sciences,06 Biological Sciences
35,100,pub.1001034354,10.1111/j.1365-2486.2009.02062.x,,,Conservation management approaches to protecting the capacity for corals to respond to climate change: a theoretical comparison,Global Change Biology,,,2010-04,2010,16,4,1229-1246,Closed,Article,"BASKETT, MARISSA L.; NISBET, ROGER M.; KAPPEL, CARRIE V.; MUMBY, PETER J.; GAINES, STEVEN D.",,"BASKETT, MARISSA L. (University of California, Santa Barbara); NISBET, ROGER M. (University of California, Santa Barbara); KAPPEL, CARRIE V. (University of California, Santa Barbara); MUMBY, PETER J. (University of Exeter); GAINES, STEVEN D. (University of California, Santa Barbara)",40,5,,4.23,,https://app.dimensions.ai/details/publication/pub.1001034354,0602 Ecology; 0502 Environmental Science and Management; 0699 Other Biological Sciences; 05 Environmental Sciences; 06 Biological Sciences,0602 Ecology,0502 Environmental Science and Management,0699 Other Biological Sciences,05 Environmental Sciences,06 Biological Sciences
36,400,pub.1024351944,10.1111/j.1523-1739.2009.01355.x,19906066,,Ecosystem Services as a Common Language for Coastal Ecosystem‐Based Management,Conservation Biology,,Communication; Conservation of Natural Resources; Ecosystem,2010-02,2010,24,1,207-216,Closed,Article,"GRANEK, ELISE F.; POLASKY, STEPHEN; KAPPEL, CARRIE V.; REED, DENISE J.; STOMS, DAVID M.; KOCH, EVAMARIA W.; KENNEDY, CHRIS J.; CRAMER, LORI A.; HACKER, SALLY D.; BARBIER, EDWARD B.; ASWANI, SHANKAR; RUCKELSHAUS, MARY; PERILLO, GERARDO M. E.; SILLIMAN, BRIAN R.; MUTHIGA, NYAWIRA; BAEL, DAVID; WOLANSKI, ERIC",,"GRANEK, ELISE F. (Portland State University); POLASKY, STEPHEN (University of Minnesota); KAPPEL, CARRIE V. (University of California, Santa Barbara); REED, DENISE J. (University of New Orleans); STOMS, DAVID M. (University of California, Santa Barbara); KOCH, EVAMARIA W. (University of Maryland Center For Environmental Sciences); KENNEDY, CHRIS J. (University of Wyoming); CRAMER, LORI A. (Oregon State University); HACKER, SALLY D. (Oregon State University); BARBIER, EDWARD B. (University of Wyoming); ASWANI, SHANKAR (University of California, Santa Barbara); RUCKELSHAUS, MARY (Northwest Fisheries Science Center); PERILLO, GERARDO M. E. (); SILLIMAN, BRIAN R. (University of Florida); MUTHIGA, NYAWIRA (); BAEL, DAVID (University of Minnesota); WOLANSKI, ERIC (Australian Institute of Marine Science)",151,35,1.04,17.74,,https://app.dimensions.ai/details/publication/pub.1024351944,05 Environmental Sciences; 06 Biological Sciences; 0602 Ecology; 0502 Environmental Science and Management,05 Environmental Sciences,06 Biological Sciences,0602 Ecology,0502 Environmental Science and Management,
37,200,pub.1068721655,10.1890/09-1173,,,Using expert judgment to estimate marine ecosystem vulnerability in the California Current,Ecological Applications,,,2009-12-22,2009,,,100319061507001,Closed,Article,"Teck, Sarah; Halpern, Benjamin; Kappel, Carrie; Micheli, Fiorenza; Selkoe, Kimberly; Crain, Caitlin; Martone, Rebecca; Shearer, Christine; Arvai, Joe; Fischhoff, Baruch; Murray, Grant; Neslo, Rabin; Cooke, Roger",,"Teck, Sarah (); Halpern, Benjamin (); Kappel, Carrie (); Micheli, Fiorenza (); Selkoe, Kimberly (); Crain, Caitlin (); Martone, Rebecca (); Shearer, Christine (); Arvai, Joe (); Fischhoff, Baruch (); Murray, Grant (); Neslo, Rabin (); Cooke, Roger ()",3,1,,,,https://app.dimensions.ai/details/publication/pub.1068721655,05 Environmental Sciences; 06 Biological Sciences; 07 Agricultural and Veterinary Sciences,05 Environmental Sciences,06 Biological Sciences,07 Agricultural and Veterinary Sciences,,
38,100,pub.1006700999,10.1111/j.1755-263x.2009.00060.x,,,Global priority areas for incorporating land–sea connections in marine conservation,Conservation Letters,,,2009-08,2009,2,4,189-196,All OA; Gold,Article,"Halpern, Benjamin S.; Ebert, Colin M.; Kappel, Carrie V.; Madin, Elizabeth M.P.; Micheli, Fiorenza; Perry, Matthew; Selkoe, Kimberly A.; Walbridge, Shaun",,"Halpern, Benjamin S. (University of California, Santa Barbara); Ebert, Colin M. (University of California, Santa Barbara); Kappel, Carrie V. (University of California, Santa Barbara); Madin, Elizabeth M.P. (University of California, Santa Barbara); Micheli, Fiorenza (Stanford University); Perry, Matthew (University of California, Santa Barbara); Selkoe, Kimberly A. (University of California, Santa Barbara; University of Hawaii at Manoa); Walbridge, Shaun (University of California, Santa Barbara)",58,12,,5.72,http://onlinelibrary.wiley.com/doi/10.1111/j.1755-263X.2009.00060.x/pdf,https://app.dimensions.ai/details/publication/pub.1006700999,0602 Ecology; 0405 Oceanography; 0502 Environmental Science and Management; 04 Earth Sciences; 05 Environmental Sciences; 06 Biological Sciences,0602 Ecology,0405 Oceanography,0502 Environmental Science and Management,04 Earth Sciences,05 Environmental Sciences
39,100,pub.1041458051,10.1111/j.1755-263x.2009.00058.x,,,Mapping cumulative human impacts to California Current marine ecosystems,Conservation Letters,,,2009-06,2009,2,3,138-148,All OA; Gold,Article,"Halpern, Benjamin S.; Kappel, Carrie V.; Selkoe, Kimberly A.; Micheli, Fiorenza; Ebert, Colin M.; Kontgis, Caitlin; Crain, Caitlin M.; Martone, Rebecca G.; Shearer, Christine; Teck, Sarah J.",,"Halpern, Benjamin S. (University of California, Santa Barbara); Kappel, Carrie V. (University of California, Santa Barbara); Selkoe, Kimberly A. (University of California, Santa Barbara; University of Hawaii at Manoa); Micheli, Fiorenza (Stanford University); Ebert, Colin M. (University of California, Santa Barbara); Kontgis, Caitlin (University of California, Berkeley); Crain, Caitlin M. (University of California, Santa Cruz); Martone, Rebecca G. (Stanford University); Shearer, Christine (University of California, Santa Barbara); Teck, Sarah J. (University of California, Santa Barbara)",107,20,,10.56,http://onlinelibrary.wiley.com/doi/10.1111/j.1755-263X.2009.00058.x/pdf,https://app.dimensions.ai/details/publication/pub.1041458051,0602 Ecology; 0405 Oceanography; 0502 Environmental Science and Management; 04 Earth Sciences; 05 Environmental Sciences; 06 Biological Sciences,0602 Ecology,0405 Oceanography,0502 Environmental Science and Management,04 Earth Sciences,05 Environmental Sciences
40,400,pub.1026310012,10.1111/j.1749-6632.2009.04496.x,19432644,,Understanding and Managing Human Threats to the Coastal Marine Environment,Annals of the New York Academy of Sciences,,Conservation of Natural Resources; Ecology; Ecosystem; Environment; Human Activities; Humans; Marine Biology; Oceans and Seas,2009-04,2009,1162,1,39-62,Closed,Article,"Crain, Caitlin M.; Halpern, Benjamin S.; Beck, Mike W.; Kappel, Carrie V.",,"Crain, Caitlin M. (University of California, Santa Cruz); Halpern, Benjamin S. (University of California, Santa Barbara); Beck, Mike W. (); Kappel, Carrie V. (University of California, Santa Barbara)",169,54,1.92,16.67,,https://app.dimensions.ai/details/publication/pub.1026310012,0602 Ecology; 0405 Oceanography; 0502 Environmental Science and Management; 04 Earth Sciences; 05 Environmental Sciences; 06 Biological Sciences,0602 Ecology,0405 Oceanography,0502 Environmental Science and Management,04 Earth Sciences,05 Environmental Sciences
41,100,pub.1002883213,10.1890/080126,,,Non‐linearity in ecosystem services: temporal and spatial variability in coastal protection,Frontiers in Ecology and the Environment,,,2009-02,2009,7,1,29-37,"All OA; Green, Accepted & Submitted",Article,"Koch, Evamaria W; Barbier, Edward B; Silliman, Brian R; Reed, Denise J; Perillo, Gerardo ME; Hacker, Sally D; Granek, Elise F; Primavera, Jurgenne H; Muthiga, Nyawira; Polasky, Stephen; Halpern, Benjamin S; Kennedy, Christopher J; Kappel, Carrie V; Wolanski, Eric",,"Koch, Evamaria W (University of Maryland Center For Environmental Sciences); Barbier, Edward B (University of Wyoming); Silliman, Brian R (University of Florida); Reed, Denise J (University of New Orleans); Perillo, Gerardo ME (Universidad Nacional del Sur); Hacker, Sally D (Oregon State University); Granek, Elise F (Portland State University); Primavera, Jurgenne H (Southeast Asian Fisheries Development Center); Muthiga, Nyawira (); Polasky, Stephen (University of Minnesota); Halpern, Benjamin S (University of California, Santa Barbara); Kennedy, Christopher J (University of Wyoming); Kappel, Carrie V (University of California, Santa Barbara); Wolanski, Eric (James Cook University)",867,99,,94.42,https://pdxscholar.library.pdx.edu/cgi/viewcontent.cgi?article=1056&context=iss_pub,https://app.dimensions.ai/details/publication/pub.1002883213,05 Environmental Sciences; 06 Biological Sciences; 0602 Ecology; 0502 Environmental Science and Management,05 Environmental Sciences,06 Biological Sciences,0602 Ecology,0502 Environmental Science and Management,
42,400,pub.1022550221,10.1890/07-0454.1,18839764,,"TROPICAL COASTAL HABITATS AS SURROGATES OF FISH COMMUNITY STRUCTURE, GRAZING, AND FISHERIES VALUE",Ecological Applications,,Animals; Ecosystem; Fisheries; Fishes; Geography; Oceans and Seas; Tropical Climate,2008-10,2008,18,7,1689-1701,"All OA; Green, Accepted & Submitted",Article,"Harborne, Alastair R.; Mumby, Peter J.; Kappel, Carrie V.; Dahlgren, Craig P.; Micheli, Fiorenza; Holmes, Katherine E.; Brumbaugh, Daniel R.",,"Harborne, Alastair R. (University of Exeter); Mumby, Peter J. (University of Exeter); Kappel, Carrie V. (University of California, Santa Barbara; Stanford University); Dahlgren, Craig P. (Perry Institute for Marine Science); Micheli, Fiorenza (Stanford University); Holmes, Katherine E. (American Museum of Natural History); Brumbaugh, Daniel R. (American Museum of Natural History)",46,6,0.46,4.96,http://espace.library.uq.edu.au/view/UQ:222102/UQ222102_OA.pdf,https://app.dimensions.ai/details/publication/pub.1022550221,0602 Ecology; 0502 Environmental Science and Management; 0704 Fisheries Sciences; 05 Environmental Sciences; 06 Biological Sciences; 07 Agricultural and Veterinary Sciences,0602 Ecology,0502 Environmental Science and Management,0704 Fisheries Sciences,05 Environmental Sciences,06 Biological Sciences
43,100,pub.1062457738,10.1126/science.1158007,,,"Response to Comment on ""A Global Map of Human Impact on Marine Ecosystems""",Science,,,2008-09-12,2008,321,5895,1446-1446,All OA; Gold,Article,"Selkoe, Kimberly A.; Kappel, Carrie V.; Halpern, Benjamin S.; Micheli, Fiorenza; D'Agrosa, Caterina; Bruno, John; Casey, Kenneth S.; Ebert, Colin; Fox, Helen E.; Fujita, Rod; Heinemann, Dennis; Lenihan, Hunter S.; Madin, Elizabeth M. P.; Perry, Matt; Selig, Elizabeth R.; Spalding, Mark; Steneck, Robert; Walbridge, Shaun; Watson, Reg",,"Selkoe, Kimberly A. (University of California, Santa Barbara; University of Hawaii at Manoa); Kappel, Carrie V. (University of California, Santa Barbara); Halpern, Benjamin S. (University of California, Santa Barbara); Micheli, Fiorenza (Stanford University); D'Agrosa, Caterina (Wildlife Conservation Society); Bruno, John (University of North Carolina at Chapel Hill); Casey, Kenneth S. (National Oceanic and Atmospheric Administration); Ebert, Colin (University of California, Santa Barbara); Fox, Helen E. (); Fujita, Rod (Environmental Defense Fund); Heinemann, Dennis (Ocean Conservancy); Lenihan, Hunter S. (University of California, Santa Barbara); Madin, Elizabeth M. P. (University of California, Santa Barbara); Perry, Matt (University of North Carolina at Chapel Hill); Selig, Elizabeth R. (University of North Carolina at Chapel Hill); Spalding, Mark (); Steneck, Robert (University of Maine); Walbridge, Shaun (University of California, Santa Barbara); Watson, Reg (University of British Columbia)",7,1,,0.6,http://science.sciencemag.org/content/sci/321/5895/1446.3.full.pdf,https://app.dimensions.ai/details/publication/pub.1062457738,0602 Ecology; 06 Biological Sciences,0602 Ecology,06 Biological Sciences,,,
44,400,pub.1019003429,10.1111/j.1523-1739.2008.00933.x,18477024,,"Coral Reef Habitats as Surrogates of Species, Ecological Functions, and Ecosystem Services",Conservation Biology,,Animals; Anthozoa; Conservation of Natural Resources; Ecosystem; Environmental Monitoring; Fisheries; Fishes; Forestry; Human Activities; Plants; Population Dynamics,2008-08,2008,22,4,941-951,Closed,Article,"MUMBY, PETER J.; BROAD, KENNETH; BRUMBAUGH, DANIEL R.; CRAIG, P. DAHLGREN; HARBORNE, ALASTAIR R.; HASTINGS, ALAN; HOLMES, KATHERINE E.; KAPPEL, CARRIE V.; MICHELI, FIORENZA; SANCHIRICO, JAMES N.",,"MUMBY, PETER J. (University of Exeter); BROAD, KENNETH (University of Miami); BRUMBAUGH, DANIEL R. (American Museum of Natural History); CRAIG, P. DAHLGREN (Perry Institute for Marine Science); HARBORNE, ALASTAIR R. (University of Exeter); HASTINGS, ALAN (University of California, Davis); HOLMES, KATHERINE E. (American Museum of Natural History); KAPPEL, CARRIE V. (University of California, Santa Barbara); MICHELI, FIORENZA (Stanford University); SANCHIRICO, JAMES N. (Resources For The Future)",82,15,0.72,9.14,,https://app.dimensions.ai/details/publication/pub.1019003429,0602 Ecology; 0502 Environmental Science and Management; 0501 Ecological Applications; 05 Environmental Sciences; 06 Biological Sciences,0602 Ecology,0502 Environmental Science and Management,0501 Ecological Applications,05 Environmental Sciences,06 Biological Sciences
45,100,pub.1031403680,10.1111/j.1365-2664.2008.01490.x,,,Reserve effects and natural variation in coral reef communities,Journal of Applied Ecology,,,2008-08,2008,45,4,1010-1018,All OA; Gold,Article,"Harborne, Alastair R.; Mumby, Peter J.; Kappel, Carrie V.; Dahlgren, Craig P.; Micheli, Fiorenza; Holmes, Katherine E.; Sanchirico, James N.; Broad, Kenneth; Elliott, Ian A.; Brumbaugh, Daniel R.",,"Harborne, Alastair R. (University of Exeter); Mumby, Peter J. (University of Exeter); Kappel, Carrie V. (University of California, Santa Barbara; Stanford University); Dahlgren, Craig P. (Perry Institute for Marine Science); Micheli, Fiorenza (Stanford University); Holmes, Katherine E. (American Museum of Natural History); Sanchirico, James N. (University of California, Davis); Broad, Kenneth (University of Miami); Elliott, Ian A. (University of Exeter); Brumbaugh, Daniel R. (American Museum of Natural History)",43,4,,4.79,https://besjournals.onlinelibrary.wiley.com/doi/pdf/10.1111/j.1365-2664.2008.01490.x,https://app.dimensions.ai/details/publication/pub.1031403680,0602 Ecology; 0502 Environmental Science and Management; 0501 Ecological Applications; 05 Environmental Sciences; 06 Biological Sciences,0602 Ecology,0502 Environmental Science and Management,0501 Ecological Applications,05 Environmental Sciences,06 Biological Sciences
46,200,pub.1062598371,10.1126/science.320.5873.176b,18403692,,Vegetation's Role in Coastal Protection,Science,,Conservation of Natural Resources; Disasters; Ecosystem; Plants,2008-04-11,2008,320,5873,176-177,Closed,Article,"Feagin, R. A.; Barbier, E. B.; Koch, E. W.; Silliman, B. R.; Hacker, S. D.; Wolanski, E.; Primavera, J. H.; Granek, E. F.; Polasky, S.; Aswani, S.; Cramer, L. A.; Stoms, D. M.; Kennedy, C. J.; Bael, D.; Kappel, C. V.; Perillo, G. M. E.; Reed, D. J.",,"Feagin, R. A. (); Barbier, E. B. (); Koch, E. W. (); Silliman, B. R. (); Hacker, S. D. (); Wolanski, E. (); Primavera, J. H. (); Granek, E. F. (); Polasky, S. (); Aswani, S. (); Cramer, L. A. (); Stoms, D. M. (); Kennedy, C. J. (); Bael, D. (); Kappel, C. V. (); Perillo, G. M. E. (); Reed, D. J. ()",31,5,0.11,,,https://app.dimensions.ai/details/publication/pub.1062598371,,,,,,
47,100,pub.1042963979,10.1016/j.biocon.2008.01.014,,,Persistence of depleted abalones in marine reserves of central California,Biological Conservation,,,2008-04,2008,141,4,1078-1090,Closed,Article,"Micheli, Fiorenza; Shelton, Andrew O.; Bushinsky, Seth M.; Chiu, Alice L.; Haupt, Alison J.; Heiman, Kimberly W.; Kappel, Carrie V.; Lynch, Margaret C.; Martone, Rebecca G.; Dunbar, Robert B.; Watanabe, James","Micheli, Fiorenza","Micheli, Fiorenza (Stanford University); Shelton, Andrew O. (Stanford University; University of Chicago); Bushinsky, Seth M. (Stanford University; Monterey Bay Aquarium Research Institute); Chiu, Alice L. (Stanford University); Haupt, Alison J. (Stanford University); Heiman, Kimberly W. (Stanford University; Oregon State University); Kappel, Carrie V. (Stanford University; University of California, Santa Barbara); Lynch, Margaret C. (Stanford University); Martone, Rebecca G. (Stanford University); Dunbar, Robert B. (Stanford University); Watanabe, James (Stanford University)",22,3,,1.9,,https://app.dimensions.ai/details/publication/pub.1042963979,0602 Ecology; 06 Biological Sciences,0602 Ecology,06 Biological Sciences,,,
48,400,pub.1047222897,10.1126/science.1149345,18276889,,A Global Map of Human Impact on Marine Ecosystems,Science,,"Animals; Climate; Conservation of Natural Resources; Ecosystem; Fisheries; Human Activities; Humans; Mathematics; Models, Theoretical; Oceans and Seas",2008-02-15,2008,319,5865,948-952,Closed,Article,"Halpern, Benjamin S.; Walbridge, Shaun; Selkoe, Kimberly A.; Kappel, Carrie V.; Micheli, Fiorenza; D'Agrosa, Caterina; Bruno, John F.; Casey, Kenneth S.; Ebert, Colin; Fox, Helen E.; Fujita, Rod; Heinemann, Dennis; Lenihan, Hunter S.; Madin, Elizabeth M. P.; Perry, Matthew T.; Selig, Elizabeth R.; Spalding, Mark; Steneck, Robert; Watson, Reg",,"Halpern, Benjamin S. (University of California, Santa Barbara); Walbridge, Shaun (University of California, Santa Barbara); Selkoe, Kimberly A. (University of California, Santa Barbara; University of Hawaii at Manoa); Kappel, Carrie V. (University of California, Santa Barbara); Micheli, Fiorenza (Stanford University); D'Agrosa, Caterina (Wildlife Conservation Society); Bruno, John F. (University of North Carolina at Chapel Hill); Casey, Kenneth S. (National Oceanic and Atmospheric Administration); Ebert, Colin (University of California, Santa Barbara); Fox, Helen E. (World Wildlife Fund); Fujita, Rod (); Heinemann, Dennis (Ocean Conservancy); Lenihan, Hunter S. (University of California, Santa Barbara); Madin, Elizabeth M. P. (University of California, Santa Barbara); Perry, Matthew T. (University of California, Santa Barbara); Selig, Elizabeth R. (National Oceanic and Atmospheric Administration; University of North Carolina at Chapel Hill); Spalding, Mark (); Steneck, Robert (University of Maine); Watson, Reg (University of British Columbia)",2980,808,33.41,332.24,,https://app.dimensions.ai/details/publication/pub.1047222897,0602 Ecology; 0502 Environmental Science and Management; 0501 Ecological Applications; 05 Environmental Sciences; 06 Biological Sciences,0602 Ecology,0502 Environmental Science and Management,0501 Ecological Applications,05 Environmental Sciences,06 Biological Sciences
49,400,pub.1062457127,10.1126/science.1150349,18202288,,Coastal Ecosystem-Based Management with Nonlinear Ecological Functions and Values,Science,,Alismatales; Animals; Anthozoa; Aquaculture; Conservation of Natural Resources; Cost-Benefit Analysis; Ecology; Ecosystem; Fisheries; Lythraceae; Penaeidae; Rhizophoraceae; Thailand; Trees; Water Movements; Wetlands; Wood,2008-01-18,2008,319,5861,321-323,"All OA; Green, Published",Article,"Barbier, Edward B.; Koch, Evamaria W.; Silliman, Brian R.; Hacker, Sally D.; Wolanski, Eric; Primavera, Jurgenne; Granek, Elise F.; Polasky, Stephen; Aswani, Shankar; Cramer, Lori A.; Stoms, David M.; Kennedy, Chris J.; Bael, David; Kappel, Carrie V.; Perillo, Gerardo M. E.; Reed, Denise J.",,"Barbier, Edward B. (University of Wyoming); Koch, Evamaria W. (University of Maryland Center For Environmental Sciences); Silliman, Brian R. (University of Florida); Hacker, Sally D. (Oregon State University); Wolanski, Eric (Australian Institute of Marine Science); Primavera, Jurgenne (Southeast Asian Fisheries Development Center); Granek, Elise F. (Portland State University); Polasky, Stephen (University of Minnesota); Aswani, Shankar (University of California, Santa Barbara); Cramer, Lori A. (Oregon State University); Stoms, David M. (University of California, Santa Barbara); Kennedy, Chris J. (University of Wyoming); Bael, David (University of Minnesota); Kappel, Carrie V. (University of California, Santa Barbara); Perillo, Gerardo M. E. (); Reed, Denise J. (University of New Orleans)",494,114,3.25,53.22,http://www.edc.uri.edu/temp/ci/ciip/FallClass/Docs_2008/Barbier%20et%20al.%202008.pdf,https://app.dimensions.ai/details/publication/pub.1062457127,05 Environmental Sciences; 06 Biological Sciences; 0602 Ecology; 0502 Environmental Science and Management,05 Environmental Sciences,06 Biological Sciences,0602 Ecology,0502 Environmental Science and Management,
50,100,pub.1049168020,10.1007/978-1-4020-9026-4_17,,,Modeling Stakeholder Preferences with Probabilistic Inversion,NATO Science for Peace and Security Series C: Environmental Security,Real-Time and Deliberative Decision Making,,2008,2008,,,265-284,Closed,Chapter,"Neslo, R.; Micheli, F.; Kappel, C. V.; Selkoe, K. A.; Halpern, B. S.; Cooke, R. M.","Neslo, R.","Neslo, R. (Delft University of Technology); Micheli, F. (Stanford University); Kappel, C. V. (University of California, Santa Barbara); Selkoe, K. A. (University of Hawaii at Manoa); Halpern, B. S. (University of California, Santa Barbara); Cooke, R. M. (Delft University of Technology)",11,0,,1.49,,https://app.dimensions.ai/details/publication/pub.1049168020,05 Environmental Sciences; 0502 Environmental Science and Management,05 Environmental Sciences,0502 Environmental Science and Management,,,
51,400,pub.1035536561,10.1111/j.1523-1739.2007.00752.x,17883495,,Evaluating and Ranking the Vulnerability of Global Marine Ecosystems to Anthropogenic Threats,Conservation Biology,,Conservation of Natural Resources; Ecosystem; Environmental Monitoring; Human Activities; Oceans and Seas; Water Pollutants,2007-10,2007,21,5,1301-1315,Closed,Article,"HALPERN, BENJAMIN S.; SELKOE, KIMBERLY A.; MICHELI, FIORENZA; KAPPEL, CARRIE V.",,"HALPERN, BENJAMIN S. (University of California, Santa Barbara); SELKOE, KIMBERLY A. (University of California, Santa Barbara; University of Hawaii at Manoa); MICHELI, FIORENZA (Stanford University); KAPPEL, CARRIE V. (University of California, Santa Barbara; Stanford University)",375,104,4.36,36.53,,https://app.dimensions.ai/details/publication/pub.1035536561,05 Environmental Sciences; 06 Biological Sciences; 0602 Ecology; 0502 Environmental Science and Management,05 Environmental Sciences,06 Biological Sciences,0602 Ecology,0502 Environmental Science and Management,
52,400,pub.1052249769,10.1073/pnas.0702602104,17488824,PMC1895955,Trophic cascade facilitates coral recruitment in a marine reserve,Proceedings of the National Academy of Sciences,,"Animals; Anthozoa; Biodiversity; Conservation of Natural Resources; Eukaryota; Fishes; Food Chain; Larva; Models, Biological; Predatory Behavior",2007-05-15,2007,104,20,8362-8367,All OA; Gold,Article,"Mumby, Peter J.; Harborne, Alastair R.; Williams, Jodene; Kappel, Carrie V.; Brumbaugh, Daniel R.; Micheli, Fiorenza; Holmes, Katherine E.; Dahlgren, Craig P.; Paris, Claire B.; Blackwell, Paul G.",,"Mumby, Peter J. (University of Exeter); Harborne, Alastair R. (University of Exeter); Williams, Jodene (University of Exeter); Kappel, Carrie V. (University of California, Santa Barbara; Stanford University); Brumbaugh, Daniel R. (American Museum of Natural History); Micheli, Fiorenza (Stanford University); Holmes, Katherine E. (American Museum of Natural History); Dahlgren, Craig P. (Perry Institute for Marine Science); Paris, Claire B. (University of Miami); Blackwell, Paul G. (University of Sheffield)",240,29,2.38,26.04,http://www.pnas.org/content/104/20/8362.full.pdf,https://app.dimensions.ai/details/publication/pub.1052249769,0602 Ecology; 0502 Environmental Science and Management; 0501 Ecological Applications; 05 Environmental Sciences; 06 Biological Sciences,0602 Ecology,0502 Environmental Science and Management,0501 Ecological Applications,05 Environmental Sciences,06 Biological Sciences
53,400,pub.1062453271,10.1126/science.1121129,16400152,,"Fishing, Trophic Cascades, and the Process of Grazing on Coral Reefs",Science,,Animals; Anthozoa; Bahamas; Biomass; Body Size; Conservation of Natural Resources; Ecosystem; Fisheries; Fishes; Perciformes; Population Density; Population Dynamics; Predatory Behavior,2006-01-06,2006,311,5757,98-101,Closed,Article,"Mumby, Peter J.; Dahlgren, Craig P.; Harborne, Alastair R.; Kappel, Carrie V.; Micheli, Fiorenza; Brumbaugh, Daniel R.; Holmes, Katherine E.; Mendes, Judith M.; Broad, Kenneth; Sanchirico, James N.; Buch, Kevin; Box, Steve; Stoffle, Richard W.; Gill, Andrew B.",,"Mumby, Peter J. (University of Exeter); Dahlgren, Craig P. (Perry Institute for Marine Science); Harborne, Alastair R. (University of Exeter); Kappel, Carrie V. (Stanford University); Micheli, Fiorenza (Stanford University); Brumbaugh, Daniel R. (American Museum of Natural History); Holmes, Katherine E. (American Museum of Natural History); Mendes, Judith M. (University of the West Indies); Broad, Kenneth (University of Miami); Sanchirico, James N. (Resources For The Future); Buch, Kevin (Perry Institute for Marine Science); Box, Steve (University of Exeter); Stoffle, Richard W. (University of Arizona); Gill, Andrew B. (Cranfield University)",525,85,5.16,52.69,,https://app.dimensions.ai/details/publication/pub.1062453271,0602 Ecology; 0502 Environmental Science and Management; 0501 Ecological Applications; 05 Environmental Sciences; 06 Biological Sciences,0602 Ecology,0502 Environmental Science and Management,0501 Ecological Applications,05 Environmental Sciences,06 Biological Sciences
54,100,pub.1046033185,10.1890/1540-9295(2005)003[0275:lpotpt]2.0.co;2,,,"Losing pieces of the puzzle: threats to marine, estuarine, and diadromous species",Frontiers in Ecology and the Environment,,,2005-06,2005,3,5,275-282,Closed,Article,"Kappel, Carrie V.",,"Kappel, Carrie V. (Stanford University)",91,17,,8.06,,https://app.dimensions.ai/details/publication/pub.1046033185,05 Environmental Sciences; 06 Biological Sciences; 0602 Ecology; 0502 Environmental Science and Management,05 Environmental Sciences,06 Biological Sciences,0602 Ecology,0502 Environmental Science and Management,
55,200,pub.1062451118,10.1126/science.1104258,15774744,,Are U.S. Coral Reefs on the Slippery Slope to Slime?,Science,,Animals; Anthozoa; Biodiversity; Biomass; Conservation of Natural Resources; Ecosystem; Eutrophication; Fishes; Food Chain; Greenhouse Effect; International Cooperation; Public Policy; United States; Water Pollution,2005-03-18,2005,307,5716,1725-1726,Closed,Article,"Pandolfi, J. M.; Jackson, J. B. C.; Baron, N.; Bradbury, R. H.; Guzman, H. M.; Hughes, T. P.; Kappel, C. V.; Micheli, F.; Ogden, J. C.; Possingham, H. P.; Sala, E.",,"Pandolfi, J. M. (); Jackson, J. B. C. (Scripps Institution of Oceanography; Smithsonian Tropical Research Institute); Baron, N. (); Bradbury, R. H. (Australian National University); Guzman, H. M. (Smithsonian Tropical Research Institute); Hughes, T. P. (James Cook University); Kappel, C. V. (Stanford University); Micheli, F. (Stanford University); Ogden, J. C. (Florida Institute of Oceanography); Possingham, H. P. (University of Queensland); Sala, E. (Scripps Institution of Oceanography)",293,18,2.71,,,https://app.dimensions.ai/details/publication/pub.1062451118,,,,,,
