,"""About the data: Exported on Nov 01, 2019. Criteria: Researcher is Douglas J Mccauley. © 2019 Digital Science and Research Solutions Inc. All rights reserved. Unless otherwise agreed, redistribution / external use of this work is not permitted.""
",Unnamed: 1,Unnamed: 2,Unnamed: 3,Unnamed: 4,Unnamed: 5,Unnamed: 6,Unnamed: 7,Unnamed: 8,Unnamed: 9,Unnamed: 10,Unnamed: 11,Unnamed: 12,Unnamed: 13,Unnamed: 14,Unnamed: 15,Unnamed: 16,Unnamed: 17,Unnamed: 18,Unnamed: 19,Unnamed: 20,Unnamed: 21,Unnamed: 22,Unnamed: 23,Unnamed: 24,Unnamed: 25,Unnamed: 26,Unnamed: 27,Unnamed: 28,Unnamed: 29,Unnamed: 30
0,Rank,Publication ID,DOI,PMID,PMCID,Title,Source title,Anthology title,MeSH terms,Publication Date,PubYear,Volume,Issue,Pagination,Open Access,Publication Type,Authors,Corresponding Author,Authors Affiliations,Times cited,Recent citations,RCR,FCR,Source Linkout,Dimensions URL,FOR (ANZSRC) Categories,FOR 1,FOR 2,FOR 3,FOR 4,FOR 5
1,100,pub.1113056153,10.1080/01431161.2019.1594440,,,Quantifying coconut palm extent on Pacific islands using spectral and textural analysis of very high resolution imagery,International Journal of Remote Sensing,,,2019-10-02,2019,40,19,1-27,Closed,Article,"Burnett, Michael W.; White, Timothy D.; McCauley, Douglas J.; De Leo, Giulio A.; Micheli, Fiorenza",,"Burnett, Michael W. (Stanford University); White, Timothy D. (Stanford University); McCauley, Douglas J. (University of California, Santa Barbara); De Leo, Giulio A. (Stanford University); Micheli, Fiorenza (Stanford University)",0,0,,,,https://app.dimensions.ai/details/publication/pub.1113056153,09 Engineering; 0909 Geomatic Engineering; 04 Earth Sciences; 0406 Physical Geography and Environmental Geoscience,09 Engineering,0909 Geomatic Engineering,04 Earth Sciences,0406 Physical Geography and Environmental Geoscience,
2,500,pub.1113668325,10.1038/s41586-019-1132-4,31019302,,Greater vulnerability to warming of marine versus terrestrial ectotherms,Nature,,Animals; Aquatic Organisms; Biodiversity; Body Temperature; Conservation of Natural Resources; Ecosystem; Global Warming; Hot Temperature; Oceans and Seas; Time Factors,2019-05,2019,569,7754,108-111,Closed,Article,"Pinsky, Malin L.; Eikeset, Anne Maria; McCauley, Douglas J.; Payne, Jonathan L.; Sunday, Jennifer M.","Pinsky, Malin L.","Pinsky, Malin L. (Rutgers, The State University of New Jersey); Eikeset, Anne Maria (); McCauley, Douglas J. (University of California, Santa Barbara); Payne, Jonathan L. (Stanford University); Sunday, Jennifer M. (McGill University)",20,20,,,,https://app.dimensions.ai/details/publication/pub.1113668325,0602 Ecology; 0502 Environmental Science and Management; 0603 Evolutionary Biology; 0501 Ecological Applications; 05 Environmental Sciences; 06 Biological Sciences,0602 Ecology,0502 Environmental Science and Management,0603 Evolutionary Biology,0501 Ecological Applications,05 Environmental Sciences
3,100,pub.1112519652,10.1007/s00338-019-01781-0,,,"Chemistry of the consumption and excretion of the bumphead parrotfish (Bolbometopon muricatum), a coral reef mega-consumer",Coral Reefs,,,2019-04,2019,38,2,347-357,Closed,Article,"Goldberg, E. Grace; Raab, Ted K.; Desalles, Paul; Briggs, Amy A.; Dunbar, Robert B.; Millero, Frank J.; Woosley, Ryan J.; Young, Hillary S.; Micheli, Fiorenza; Mccauley, Douglas J.","Goldberg, E. Grace","Goldberg, E. Grace (Stanford University); Raab, Ted K. (Department of Plant Biology); Desalles, Paul (University of California, Santa Barbara); Briggs, Amy A. (University of Georgia); Dunbar, Robert B. (Stanford University); Millero, Frank J. (University of Miami); Woosley, Ryan J. (University of Miami); Young, Hillary S. (University of California, Santa Barbara); Micheli, Fiorenza (Stanford University); Mccauley, Douglas J. (University of California, Santa Barbara)",0,0,,,,https://app.dimensions.ai/details/publication/pub.1112519652,05 Environmental Sciences; 06 Biological Sciences; 0602 Ecology; 0502 Environmental Science and Management,05 Environmental Sciences,06 Biological Sciences,0602 Ecology,0502 Environmental Science and Management,
4,100,pub.1107499294,10.1111/conl.12610,,,Leveraging satellite technology to create true shark sanctuaries,Conservation Letters,,,2019-03,2019,12,2,e12610,All OA; Gold,Article,"Bradley, Darcy; Mayorga, Juan; McCauley, Douglas J.; Cabral, Reniel B.; Douglas, Patric; Gaines, Steven D.",,"Bradley, Darcy (University of California, Santa Barbara); Mayorga, Juan (University of California, Santa Barbara; National Geographic Society); McCauley, Douglas J. (University of California, Santa Barbara); Cabral, Reniel B. (University of California, Santa Barbara); Douglas, Patric (); Gaines, Steven D. (University of California, Santa Barbara)",3,3,,,https://onlinelibrary.wiley.com/doi/pdf/10.1111/conl.12610,https://app.dimensions.ai/details/publication/pub.1107499294,0704 Fisheries Sciences; 07 Agricultural and Veterinary Sciences,0704 Fisheries Sciences,07 Agricultural and Veterinary Sciences,,,
5,200,pub.1106012389,10.1111/aje.12543,,,Hippopotamus dung inputs accelerate fish predation by terrestrial consumers,African Journal of Ecology,,,2018-12,2018,56,4,1034-1038,Closed,Article,"Stears, Keenan; McCauley, Douglas J.",,"Stears, Keenan (University of California, Santa Barbara); McCauley, Douglas J. (University of California, Santa Barbara)",0,0,,,,https://app.dimensions.ai/details/publication/pub.1106012389,0602 Ecology; 06 Biological Sciences,0602 Ecology,06 Biological Sciences,,,
6,500,pub.1106120693,10.1007/s00442-018-4243-y,30099603,,Diverse effects of the common hippopotamus on plant communities and soil chemistry,Oecologia,,Animals; Artiodactyla; Ecosystem; Herbivory; Plants; Soil,2018-11,2018,188,3,821-835,Closed,Article,"McCauley, Douglas J.; Graham, Stuart I.; Dawson, Todd E.; Power, Mary E.; Ogada, Mordecai; Nyingi, Wanja D.; Githaiga, John M.; Nyunja, Judith; Hughey, Lacey F.; Brashares, Justin S.","McCauley, Douglas J.","McCauley, Douglas J. (University of California, Santa Barbara); Graham, Stuart I. (University of Washington); Dawson, Todd E. (University of California, Berkeley); Power, Mary E. (University of California, Berkeley); Ogada, Mordecai (); Nyingi, Wanja D. (National Museums of Kenya); Githaiga, John M. (University of Nairobi); Nyunja, Judith (Kenya Wildlife Service); Hughey, Lacey F. (University of California, Santa Barbara); Brashares, Justin S. (University of California, Berkeley)",0,0,,,,https://app.dimensions.ai/details/publication/pub.1106120693,0602 Ecology; 06 Biological Sciences,0602 Ecology,06 Biological Sciences,,,
7,500,pub.1105947119,10.1126/sciadv.aau2161,30083613,PMC6070320,Wealthy countries dominate industrial fishing,Science Advances,,Animals; Developed Countries; Fisheries; Oceans and Seas,2018-08,2018,4,8,eaau2161,All OA; Gold,Article,"McCauley, Douglas J.; Jablonicky, Caroline; Allison, Edward H.; Golden, Christopher D.; Joyce, Francis H.; Mayorga, Juan; Kroodsma, David",,"McCauley, Douglas J. (University of California, Santa Barbara); Jablonicky, Caroline (University of California, Santa Barbara); Allison, Edward H. (University of Washington; WorldFish); Golden, Christopher D. (Harvard University); Joyce, Francis H. (University of California, Santa Barbara); Mayorga, Juan (University of California, Santa Barbara; National Geographic Society); Kroodsma, David ()",5,5,,,https://advances.sciencemag.org/content/advances/4/8/eaau2161.full.pdf,https://app.dimensions.ai/details/publication/pub.1105947119,1402 Applied Economics; 14 Economics,1402 Applied Economics,14 Economics,,,
8,100,pub.1103444459,10.1111/faf.12285,,,Empowering high seas governance with satellite vessel tracking data,Fish and Fisheries,,,2018-07,2018,19,4,729-739,All OA; Gold,Article,"Dunn, Daniel C; Jablonicky, Caroline; Crespo, Guillermo O; McCauley, Douglas J; Kroodsma, David A; Boerder, Kristina; Gjerde, Kristina M; Halpin, Patrick N",,"Dunn, Daniel C (Duke University); Jablonicky, Caroline (University of California, Santa Barbara); Crespo, Guillermo O (Duke University); McCauley, Douglas J (University of California, Santa Barbara); Kroodsma, David A (); Boerder, Kristina (Dalhousie University); Gjerde, Kristina M (); Halpin, Patrick N (Duke University)",14,14,,,https://onlinelibrary.wiley.com/doi/pdf/10.1111/faf.12285,https://app.dimensions.ai/details/publication/pub.1103444459,0602 Ecology; 06 Biological Sciences,0602 Ecology,06 Biological Sciences,,,
9,200,pub.1104564642,10.1073/pnas.1805120115,29899151,PMC6042129,Reply to Pincheira-Donoso and Hodgson: Both the largest and smallest vertebrates have elevated extinction risk,Proceedings of the National Academy of Sciences,,"Animals; Extinction, Biological; Risk; Vertebrates",2018-06-26,2018,115,26,201805120,All OA; Gold,Article,"Ripple, William J.; Wolf, Christopher; Newsome, Thomas M.; Hoffmann, Michael; Wirsing, Aaron J.; McCauley, Douglas J.",,"Ripple, William J. (Oregon State University); Wolf, Christopher (Oregon State University); Newsome, Thomas M. (Oregon State University; University of Sydney; University of Washington); Hoffmann, Michael (Zoological Society of London); Wirsing, Aaron J. (University of Washington); McCauley, Douglas J. (University of California, Santa Barbara)",0,0,,,https://www.pnas.org/content/pnas/115/26/E5847.full.pdf,https://app.dimensions.ai/details/publication/pub.1104564642,,,,,,
10,200,pub.1103854995,10.1098/rstb.2018.0210,29735744,PMC5941185,"Correction to ‘Migration in the Anthropocene: how collective navigation, environmental system and taxonomy shape the vulnerability of migratory species’",Philosophical Transactions of the Royal Society B Biological Sciences,,,2018-06-19,2018,373,1749,20180210,All OA; Gold,Article,"Hardesty-Moore, Molly; Deinet, Stefanie; Freeman, Robin; Titcomb, Georgia C; Dillon, Erin M; Stears, Keenan; Klope, Maggie; Bui, An; Orr, Devyn; Young, Hillary S; Kuile, Ana Miller-Ter; Hughey, Lacey F; McCauley, Douglas J",,"Hardesty-Moore, Molly (); Deinet, Stefanie (); Freeman, Robin (); Titcomb, Georgia C (); Dillon, Erin M (); Stears, Keenan (); Klope, Maggie (); Bui, An (); Orr, Devyn (); Young, Hillary S (); Kuile, Ana Miller-Ter (); Hughey, Lacey F (); McCauley, Douglas J ()",0,0,,,https://royalsocietypublishing.org/doi/pdf/10.1098/rstb.2018.0210,https://app.dimensions.ai/details/publication/pub.1103854995,11 Medical and Health Sciences; 06 Biological Sciences,11 Medical and Health Sciences,06 Biological Sciences,,,
11,500,pub.1103975913,10.1073/pnas.1800407115,29760056,PMC5984519,Effects of the hippopotamus on the chemistry and ecology of a changing watershed,Proceedings of the National Academy of Sciences,,Animals; Artiodactyla; Ecosystem; Eutrophication; Fishes; Oxygen; Rivers,2018-05-29,2018,115,22,201800407,All OA; Gold,Article,"Stears, Keenan; McCauley, Douglas J.; Finlay, Jacques C.; Mpemba, James; Warrington, Ian T.; Mutayoba, Benezeth M.; Power, Mary E.; Dawson, Todd E.; Brashares, Justin S.",,"Stears, Keenan (University of California, Santa Barbara); McCauley, Douglas J. (University of California, Santa Barbara); Finlay, Jacques C. (University of Minnesota System); Mpemba, James (); Warrington, Ian T. (University of Calgary); Mutayoba, Benezeth M. (Sokoine University of Agriculture); Power, Mary E. (University of California, Berkeley); Dawson, Todd E. (University of California, Berkeley); Brashares, Justin S. (University of California, Berkeley)",6,6,,,https://www.pnas.org/content/pnas/115/22/E5028.full.pdf,https://app.dimensions.ai/details/publication/pub.1103975913,05 Environmental Sciences; 06 Biological Sciences; 0602 Ecology; 0502 Environmental Science and Management,05 Environmental Sciences,06 Biological Sciences,0602 Ecology,0502 Environmental Science and Management,
12,500,pub.1101763987,10.1098/rstb.2017.0017,29581401,PMC5882986,"Migration in the Anthropocene: how collective navigation, environmental system and taxonomy shape the vulnerability of migratory species",Philosophical Transactions of the Royal Society B Biological Sciences,,Animal Migration; Animals; Birds; Environment; Fishes; Mammals; Phylogeny; Spatial Navigation,2018-05-19,2018,373,1746,20170017,All OA; Gold,Article,"Hardesty-Moore, Molly; Deinet, Stefanie; Freeman, Robin; Titcomb, Georgia C.; Dillon, Erin M.; Stears, Keenan; Klope, Maggie; Bui, An; Orr, Devyn; Young, Hillary S.; Kuile, Ana Miller-ter; Hughey, Lacey F.; McCauley, Douglas J.",,"Hardesty-Moore, Molly (University of California, Santa Barbara); Deinet, Stefanie (University of California, Santa Barbara); Freeman, Robin (University of California, Santa Barbara); Titcomb, Georgia C. (University of California, Santa Barbara); Dillon, Erin M. (University of California, Santa Barbara); Stears, Keenan (University of California, Santa Barbara); Klope, Maggie (University of California, Santa Barbara); Bui, An (University of California, Santa Barbara); Orr, Devyn (University of California, Santa Barbara); Young, Hillary S. (University of California, Santa Barbara); Kuile, Ana Miller-ter (University of California, Santa Barbara); Hughey, Lacey F. (University of California, Santa Barbara); McCauley, Douglas J. (University of California, Santa Barbara; Zoological Society of London)",10,10,,,https://royalsocietypublishing.org/doi/pdf/10.1098/rstb.2017.0017,https://app.dimensions.ai/details/publication/pub.1101763987,0602 Ecology; 06 Biological Sciences; 0603 Evolutionary Biology,0602 Ecology,06 Biological Sciences,0603 Evolutionary Biology,,
13,500,pub.1100953462,10.1093/biosci/biy021,29731514,PMC5925769,Addressing Criticisms of Large-Scale Marine Protected Areas.,BioScience,,,2018-05-01,2018,68,5,359-370,All OA; Gold,Article,"O'Leary, Bethan C; Ban, Natalie C; Fernandez, Miriam; Friedlander, Alan M; García-Borboroglu, Pablo; Golbuu, Yimnang; Guidetti, Paolo; Harris, Jean M; Hawkins, Julie P; Langlois, Tim; McCauley, Douglas J; Pikitch, Ellen K; Richmond, Robert H; Roberts, Callum M",,"O'Leary, Bethan C (); Ban, Natalie C (); Fernandez, Miriam (Pontifical Catholic University of Chile); Friedlander, Alan M (University of Hawaii at Manoa); García-Borboroglu, Pablo (); Golbuu, Yimnang (); Guidetti, Paolo (); Harris, Jean M (); Hawkins, Julie P (); Langlois, Tim (); McCauley, Douglas J (University of California, Santa Barbara); Pikitch, Ellen K (Stony Brook University); Richmond, Robert H (University of Hawaii at Manoa); Roberts, Callum M ()",18,18,,,https://academic.oup.com/bioscience/article-pdf/68/5/359/25082923/biy021.pdf,https://app.dimensions.ai/details/publication/pub.1100953462,05 Environmental Sciences; 06 Biological Sciences; 0602 Ecology; 0502 Environmental Science and Management,05 Environmental Sciences,06 Biological Sciences,0602 Ecology,0502 Environmental Science and Management,
14,100,pub.1092193839,10.1002/aqc.2837,,,The worth of giants: The consumptive and non‐consumptive use value of the giant sea bass (Stereolepis gigas),Aquatic Conservation Marine and Freshwater Ecosystems,,,2018-04,2018,28,2,296-304,Closed,Article,"Guerra, Ana Sofía; Madigan, Daniel J.; Love, Milton S.; McCauley, Douglas J.",,"Guerra, Ana Sofía (); Madigan, Daniel J. (Harvard University); Love, Milton S. (University of California, Santa Barbara); McCauley, Douglas J. (University of California, Santa Barbara)",1,1,,,,https://app.dimensions.ai/details/publication/pub.1092193839,0602 Ecology; 06 Biological Sciences,0602 Ecology,06 Biological Sciences,,,
15,500,pub.1100269827,10.1111/ele.12900,29316114,,On the prevalence and dynamics of inverted trophic pyramids and otherwise top‐heavy communities,Ecology Letters,,Biomass; Brazil; Ecology; Food Chain; Humans; Prevalence,2018-03,2018,21,3,439-454,All OA; Gold,Article,"McCauley, Douglas J.; Gellner, Gabriel; Martinez, Neo D.; Williams, Richard J.; Sandin, Stuart A.; Micheli, Fiorenza; Mumby, Peter J.; McCann, Kevin S.",,"McCauley, Douglas J. (University of California, Santa Barbara); Gellner, Gabriel (Colorado State University); Martinez, Neo D. (University of Arizona); Williams, Richard J. (Vibrant Data (United States)); Sandin, Stuart A. (Scripps Institution of Oceanography); Micheli, Fiorenza (Stanford University); Mumby, Peter J. (University of Queensland); McCann, Kevin S. (University of Guelph)",24,24,,,https://onlinelibrary.wiley.com/doi/pdf/10.1111/ele.12900,https://app.dimensions.ai/details/publication/pub.1100269827,0602 Ecology; 06 Biological Sciences,0602 Ecology,06 Biological Sciences,,,
16,200,pub.1092613977,10.1073/pnas.1717570114,29122936,PMC5715796,Reply to Kalinkat et al.: Smallest terrestrial vertebrates are highly imperiled,Proceedings of the National Academy of Sciences,,Animals; Environmental Monitoring; Vertebrates,2017-11-28,2017,114,48,e10265-e10265,"All OA; Green, Published",Article,"Ripple, William J.; Wolf, Christopher; Newsome, Thomas M.; Hoffmann, Michael; Wirsing, Aaron J.; McCauley, Douglas J.",,"Ripple, William J. (Oregon State University); Wolf, Christopher (Oregon State University); Newsome, Thomas M. (Oregon State University; Deakin University; University of Sydney; University of Washington); Hoffmann, Michael (International Union for Conservation of Nature; Zoological Society of London); Wirsing, Aaron J. (University of Washington); McCauley, Douglas J. (University of California, Santa Barbara)",0,0,0,,http://europepmc.org/articles/pmc5715796?pdf=render,https://app.dimensions.ai/details/publication/pub.1092613977,,,,,,
17,200,pub.1092303082,10.1126/science.aao1919,29051362,,Digital nature: Are field trips a thing of the past?,Science,,,2017-10-20,2017,358,6361,298-300,"All OA; Green, Accepted & Submitted",Article,"McCauley, Douglas J.",,"McCauley, Douglas J. (University of California, Santa Barbara)",6,6,0,,https://escholarship.org/content/qt0827s57q/qt0827s57q.pdf?t=ozrrqp,https://app.dimensions.ai/details/publication/pub.1092303082,,,,,,
18,500,pub.1091834152,10.1073/pnas.1702078114,28923917,PMC5635868,Extinction risk is most acute for the world’s largest and smallest vertebrates,Proceedings of the National Academy of Sciences,,"Animals; Biological Evolution; Body Size; Databases, Factual; Extinction, Biological; Models, Biological; Vertebrates",2017-10-03,2017,114,40,10678-10683,All OA; Gold,Article,"Ripple, William J.; Wolf, Christopher; Newsome, Thomas M.; Hoffmann, Michael; Wirsing, Aaron J.; McCauley, Douglas J.",,"Ripple, William J. (Oregon State University); Wolf, Christopher (Oregon State University); Newsome, Thomas M. (Oregon State University; Deakin University; University of Sydney; University of Washington); Hoffmann, Michael (International Union for Conservation of Nature; Zoological Society of London); Wirsing, Aaron J. (University of Washington); McCauley, Douglas J. (University of California, Santa Barbara)",47,45,3.12,19.58,https://www.pnas.org/content/pnas/114/40/10678.full.pdf,https://app.dimensions.ai/details/publication/pub.1091834152,05 Environmental Sciences; 06 Biological Sciences; 0602 Ecology; 0502 Environmental Science and Management,05 Environmental Sciences,06 Biological Sciences,0602 Ecology,0502 Environmental Science and Management,
19,500,pub.1090956499,10.1371/journal.pone.0181526,28767677,PMC5540553,Limited trophic partitioning among sympatric delphinids off a tropical oceanic atoll,PLoS ONE,,"Animals; Behavior, Animal; Biopsy; Dolphins; Ecosystem; Feeding Behavior; Food Chain; Nutritional Status; Remote Sensing Technology; Skin",2017-08-02,2017,12,8,e0181526,All OA; Gold,Article,"Young, Hillary; Nigro, Katherine; McCauley, Douglas J.; Ballance, Lisa T.; Oleson, Erin M.; Baumann-Pickering, Simone",,"Young, Hillary (University of California, Santa Barbara); Nigro, Katherine (University of California, Santa Barbara); McCauley, Douglas J. (University of California, Santa Barbara); Ballance, Lisa T. (Southwest Fisheries Science Center; Scripps Institution of Oceanography); Oleson, Erin M. (Pacific Islands Fisheries Science Center); Baumann-Pickering, Simone (Scripps Institution of Oceanography)",1,1,0,0.39,https://journals.plos.org/plosone/article/file?id=10.1371/journal.pone.0181526&type=printable,https://app.dimensions.ai/details/publication/pub.1090956499,0602 Ecology; 06 Biological Sciences,0602 Ecology,06 Biological Sciences,,,
20,500,pub.1085870506,10.1073/pnas.1701262114,28584096,PMC5474809,Marine reserves can mitigate and promote adaptation to climate change,Proceedings of the National Academy of Sciences,,"Adaptation, Physiological; Animals; Aquatic Organisms; Climate Change; Conservation of Natural Resources; Ecosystem",2017-06-13,2017,114,24,6167-6175,All OA; Gold,Article,"Roberts, Callum M.; O’Leary, Bethan C.; McCauley, Douglas J.; Cury, Philippe Maurice; Duarte, Carlos M.; Lubchenco, Jane; Pauly, Daniel; Sáenz-Arroyo, Andrea; Sumaila, Ussif Rashid; Wilson, Rod W.; Worm, Boris; Castilla, Juan Carlos",,"Roberts, Callum M. (University of York); O’Leary, Bethan C. (University of York); McCauley, Douglas J. (University of California, Santa Barbara); Cury, Philippe Maurice (); Duarte, Carlos M. (King Abdullah University of Science and Technology); Lubchenco, Jane (Oregon State University); Pauly, Daniel (University of British Columbia); Sáenz-Arroyo, Andrea (El Colegio de la Frontera Sur); Sumaila, Ussif Rashid (University of British Columbia); Wilson, Rod W. (University of Exeter); Worm, Boris (Dalhousie University); Castilla, Juan Carlos (Pontifical Catholic University of Chile)",85,83,2.61,31.29,https://www.pnas.org/content/pnas/114/24/6167.full.pdf,https://app.dimensions.ai/details/publication/pub.1085870506,0602 Ecology; 0502 Environmental Science and Management; 0699 Other Biological Sciences; 0501 Ecological Applications; 05 Environmental Sciences; 06 Biological Sciences,0602 Ecology,0502 Environmental Science and Management,0699 Other Biological Sciences,0501 Ecological Applications,05 Environmental Sciences
21,500,pub.1085054290,10.1098/rstb.2016.0116,28438909,PMC5413868,Interacting effects of land use and climate on rodent-borne pathogens in central Kenya,Philosophical Transactions of the Royal Society B Biological Sciences,,Agriculture; Animals; Climate Change; Conservation of Natural Resources; Disease Vectors; Kenya; Prevalence; Public Health; Rodentia; Zoonoses,2017-06-05,2017,372,1722,20160116,All OA; Gold,Article,"Young, Hillary S.; McCauley, Douglas J.; Dirzo, Rodolfo; Nunn, Charles L.; Campana, Michael G.; Agwanda, Bernard; Otarola-Castillo, Erik R.; Castillo, Eric R.; Pringle, Robert M.; Veblen, Kari E.; Salkeld, Daniel J.; Stewardson, Kristin; Fleischer, Robert; Lambin, Eric F.; Palmer, Todd M.; Helgen, Kristofer M.",,"Young, Hillary S. (University of California, Santa Barbara; Mpala Research Center and Wildlife Foundation); McCauley, Douglas J. (University of California, Santa Barbara; Mpala Research Center and Wildlife Foundation); Dirzo, Rodolfo (Stanford University); Nunn, Charles L. (Duke University); Campana, Michael G. (National Zoological Park); Agwanda, Bernard (National Museums of Kenya); Otarola-Castillo, Erik R. (Purdue University West Lafayette); Castillo, Eric R. (Harvard University); Pringle, Robert M. (Mpala Research Center and Wildlife Foundation; Princeton University); Veblen, Kari E. (Mpala Research Center and Wildlife Foundation; Utah State University); Salkeld, Daniel J. (Colorado State University); Stewardson, Kristin (National Zoological Park); Fleischer, Robert (National Zoological Park); Lambin, Eric F. (Stanford University); Palmer, Todd M. (Mpala Research Center and Wildlife Foundation; University of Florida); Helgen, Kristofer M. (National Museum of Natural History; University of Adelaide)",10,6,1.45,,https://royalsocietypublishing.org/doi/pdf/10.1098/rstb.2016.0116,https://app.dimensions.ai/details/publication/pub.1085054290,11 Medical and Health Sciences; 06 Biological Sciences,11 Medical and Health Sciences,06 Biological Sciences,,,
22,200,pub.1051475892,10.1111/1365-2435.12728,,,A mammoth undertaking: harnessing insight from functional ecology to shape de‐extinction priority setting,Functional Ecology,,,2017-05,2017,31,5,1003-1011,All OA; Gold,Article,"McCauley, Douglas J.; Hardesty‐Moore, Molly; Halpern, Benjamin S.; Young, Hillary S.",,"McCauley, Douglas J. (); Hardesty‐Moore, Molly (); Halpern, Benjamin S. (University of California, Santa Barbara; Imperial College London); Young, Hillary S. ()",16,8,,,https://besjournals.onlinelibrary.wiley.com/doi/pdf/10.1111/1365-2435.12728,https://app.dimensions.ai/details/publication/pub.1051475892,05 Environmental Sciences; 06 Biological Sciences,05 Environmental Sciences,06 Biological Sciences,,,
23,500,pub.1083852593,10.1038/srep43131,28220895,PMC5318939,Resetting predator baselines in coral reef ecosystems,Scientific Reports,,Animals; Coral Reefs; Ecosystem; Population Density; Sharks,2017-03,2017,7,1,43131,All OA; Gold,Article,"Bradley, Darcy; Conklin, Eric; Papastamatiou, Yannis P.; McCauley, Douglas J.; Pollock, Kydd; Pollock, Amanda; Kendall, Bruce E.; Gaines, Steven D.; Caselle, Jennifer E.","Bradley, Darcy","Bradley, Darcy (University of California, Santa Barbara); Conklin, Eric (The Nature Conservancy); Papastamatiou, Yannis P. (Florida International University); McCauley, Douglas J. (University of California, Santa Barbara); Pollock, Kydd (The Nature Conservancy); Pollock, Amanda (United States Fish and Wildlife Service); Kendall, Bruce E. (University of California, Santa Barbara); Gaines, Steven D. (University of California, Santa Barbara); Caselle, Jennifer E. (University of California, Santa Barbara)",23,19,2.01,8.96,https://www.nature.com/articles/srep43131.pdf,https://app.dimensions.ai/details/publication/pub.1083852593,0602 Ecology; 06 Biological Sciences,0602 Ecology,06 Biological Sciences,,,
24,100,pub.1083421148,10.1016/j.biocon.2017.01.009,,,Assessing the effectiveness of a large marine protected area for reef shark conservation,Biological Conservation,,,2017-03,2017,207,J. Exp. Mar. Biol. Ecol. 356 2008,64-71,Closed,Article,"White, Timothy D.; Carlisle, Aaron B.; Kroodsma, David A.; Block, Barbara A.; Casagrandi, Renato; De Leo, Giulio A.; Gatto, Marino; Micheli, Fiorenza; McCauley, Douglas J.","White, Timothy D.","White, Timothy D. (Stanford University); Carlisle, Aaron B. (Stanford University); Kroodsma, David A. (); Block, Barbara A. (Stanford University); Casagrandi, Renato (Polytechnic University of Milan); De Leo, Giulio A. (Stanford University); Gatto, Marino (Polytechnic University of Milan); Micheli, Fiorenza (Stanford University); McCauley, Douglas J. (University of California, Santa Barbara)",40,36,,16.66,,https://app.dimensions.ai/details/publication/pub.1083421148,05 Environmental Sciences; 06 Biological Sciences; 0602 Ecology; 0502 Environmental Science and Management,05 Environmental Sciences,06 Biological Sciences,0602 Ecology,0502 Environmental Science and Management,
25,100,pub.1018397620,10.1139/cjz-2016-0107,,,Cascading community and ecosystem consequences of introduced coconut palms (Cocos nucifera) in tropical islands1,Canadian Journal of Zoology,,,2017-03,2017,95,3,139-148,"All OA; Green, Accepted & Submitted",Article,"Young, H.S.; Kuile, A. Miller-ter; McCauley, D.J.; Dirzo, R.",,"Young, H.S. (University of California, Santa Barbara); Kuile, A. Miller-ter (University of California, Santa Barbara); McCauley, D.J. (University of California, Santa Barbara); Dirzo, R. (Stanford University)",3,2,,1.17,https://escholarship.org/content/qt6vv0t4vd/qt6vv0t4vd.pdf?t=ozrww8,https://app.dimensions.ai/details/publication/pub.1018397620,0602 Ecology; 06 Biological Sciences,0602 Ecology,06 Biological Sciences,,,
26,500,pub.1083844438,10.1371/journal.pone.0172370,28207874,PMC5313192,Growth and life history variability of the grey reef shark (Carcharhinus amblyrhynchos) across its range,PLoS ONE,,Animals; Conservation of Natural Resources; Ecosystem; Female; Life Cycle Stages; Male; Population Density; Sharks,2017-02-16,2017,12,2,e0172370,All OA; Gold,Article,"Bradley, Darcy; Conklin, Eric; Papastamatiou, Yannis P.; McCauley, Douglas J.; Pollock, Kydd; Kendall, Bruce E.; Gaines, Steven D.; Caselle, Jennifer E.",,"Bradley, Darcy (University of California, Santa Barbara); Conklin, Eric (The Nature Conservancy); Papastamatiou, Yannis P. (Florida International University); McCauley, Douglas J. (University of California, Santa Barbara); Pollock, Kydd (The Nature Conservancy); Kendall, Bruce E. (University of California, Santa Barbara); Gaines, Steven D. (University of California, Santa Barbara); Caselle, Jennifer E. (University of California, Santa Barbara)",8,8,1.66,3.33,https://journals.plos.org/plosone/article/file?id=10.1371/journal.pone.0172370&type=printable,https://app.dimensions.ai/details/publication/pub.1083844438,05 Environmental Sciences; 06 Biological Sciences; 0602 Ecology; 0502 Environmental Science and Management,05 Environmental Sciences,06 Biological Sciences,0602 Ecology,0502 Environmental Science and Management,
27,200,pub.1012435353,10.1038/540038b,27905433,,Conservation: smart advocacy needs data,Nature,,,2016-12,2016,540,7631,38-38,All OA; Gold,Article,"McCauley, Douglas J.; Joyce, Francis H.; Lubchenco, Jane","McCauley, Douglas J.","McCauley, Douglas J. (University of California, Santa Barbara); Joyce, Francis H. (University of California, Santa Barbara); Lubchenco, Jane (Oregon State University)",0,0,0,,http://www.nature.com/articles/540038b.pdf,https://app.dimensions.ai/details/publication/pub.1012435353,,,,,,
28,200,pub.1063176617,10.1146/annurev-ecolsys-112414-054142,,,"Patterns, Causes, and Consequences of Anthropocene Defaunation",Annual Review of Ecology Evolution and Systematics,,,2016-11,2016,47,1,333-358,Closed,Article,"Young, Hillary S.; McCauley, Douglas J.; Galetti, Mauro; Dirzo, Rodolfo",,"Young, Hillary S. (University of California, Santa Barbara); McCauley, Douglas J. (University of California, Santa Barbara); Galetti, Mauro (Sao Paulo State University); Dirzo, Rodolfo (Stanford University)",28,22,,,,https://app.dimensions.ai/details/publication/pub.1063176617,05 Environmental Sciences; 06 Biological Sciences; 07 Agricultural and Veterinary Sciences,05 Environmental Sciences,06 Biological Sciences,07 Agricultural and Veterinary Sciences,,
29,100,pub.1049849972,10.1146/annurev-environ-110615-085622,,,Megafaunal Impacts on Structure and Function of Ocean Ecosystems,Annual Review of Environment and Resources,,,2016-11,2016,41,1,83-116,"All OA; Green, Published",Article,"Estes, James A.; Heithaus, Michael; McCauley, Douglas J.; Rasher, Douglas B.; Worm, Boris",,"Estes, James A. (University of California, Santa Cruz); Heithaus, Michael (Florida International University); McCauley, Douglas J. (University of California, Santa Barbara); Rasher, Douglas B. (University of Maine); Worm, Boris (Dalhousie University)",39,34,,10.25,https://escholarship.org/content/qt2zw4n4f0/qt2zw4n4f0.pdf?t=ozrxe8,https://app.dimensions.ai/details/publication/pub.1049849972,0602 Ecology; 0405 Oceanography; 0502 Environmental Science and Management; 04 Earth Sciences; 05 Environmental Sciences; 06 Biological Sciences,0602 Ecology,0405 Oceanography,0502 Environmental Science and Management,04 Earth Sciences,05 Environmental Sciences
30,400,pub.1051895350,10.1126/science.aaf2416,27629258,,Ecological selectivity of the emerging mass extinction in the oceans,Science,,"Animals; Aquatic Organisms; Biodiversity; Biological Evolution; Body Size; Extinction, Biological; Oceans and Seas",2016-09-16,2016,353,6305,1284-1286,All OA; Gold,Article,"Payne, Jonathan L.; Bush, Andrew M.; Heim, Noel A.; Knope, Matthew L.; McCauley, Douglas J.",,"Payne, Jonathan L. (Stanford University); Bush, Andrew M. (University of Connecticut); Heim, Noel A. (Stanford University); Knope, Matthew L. (University of Hawaii at Hilo); McCauley, Douglas J. (University of California, Santa Barbara)",54,41,1.86,16.44,https://science.sciencemag.org/content/sci/353/6305/1284.full.pdf,https://app.dimensions.ai/details/publication/pub.1051895350,0602 Ecology; 0502 Environmental Science and Management; 0603 Evolutionary Biology; 0501 Ecological Applications; 05 Environmental Sciences; 06 Biological Sciences,0602 Ecology,0502 Environmental Science and Management,0603 Evolutionary Biology,0501 Ecological Applications,05 Environmental Sciences
31,100,pub.1010950809,10.1016/j.jembe.2016.04.012,,,Use of high-resolution acoustic cameras to study reef shark behavioral ecology,Journal of Experimental Marine Biology and Ecology,,,2016-09,2016,482,Environ. Biol. Fish 58 2000,128-133,All OA; Gold,Article,"McCauley, Douglas J.; DeSalles, Paul A.; Young, Hillary S.; Gardner, Jonathan P.A.; Micheli, Fiorenza","McCauley, Douglas J.","McCauley, Douglas J. (University of California, Santa Barbara); DeSalles, Paul A. (University of California, Santa Barbara); Young, Hillary S. (University of California, Santa Barbara); Gardner, Jonathan P.A. (Victoria University of Wellington); Micheli, Fiorenza (Stanford University)",3,2,,0.87,https://manuscript.elsevier.com/S0022098116300855/pdf/S0022098116300855.pdf,https://app.dimensions.ai/details/publication/pub.1010950809,05 Environmental Sciences; 06 Biological Sciences; 0602 Ecology; 0502 Environmental Science and Management,05 Environmental Sciences,06 Biological Sciences,0602 Ecology,0502 Environmental Science and Management,
32,300,pub.1046448190,10.1038/534317a,27306172,,Nutrition: Fall in fish catch threatens human health,Nature,,"Animals; Aquaculture; Child, Preschool; Developing Countries; Female; Fisheries; Fishes; Food Supply; Humans; Male; Malnutrition; Micronutrients; Nutritional Status; Population Dynamics",2016-06,2016,534,7607,317-320,All OA; Gold,Article,"Golden, Christopher D.; Allison, Edward H.; Cheung, William W. L.; Dey, Madan M.; Halpern, Benjamin S.; McCauley, Douglas J.; Smith, Matthew; Vaitla, Bapu; Zeller, Dirk; Myers, Samuel S.","Golden, Christopher D.","Golden, Christopher D. (Harvard University); Allison, Edward H. (University of Washington); Cheung, William W. L. (University of British Columbia); Dey, Madan M. (University of Arkansas at Pine Bluff); Halpern, Benjamin S. (University of California, Santa Barbara); McCauley, Douglas J. (University of California, Santa Barbara); Smith, Matthew (Harvard University); Vaitla, Bapu (Harvard University); Zeller, Dirk (University of British Columbia); Myers, Samuel S. (Harvard University)",125,87,4.5,,http://www.nature.com:80/polopoly_fs/1.20074!/menu/main/topColumns/topLeftColumn/pdf/534317a.pdf,https://app.dimensions.ai/details/publication/pub.1046448190,,,,,,
33,100,pub.1032458027,10.1111/1365-2435.12542,,,Large wildlife removal drives immune defence increases in rodents,Functional Ecology,,,2016-05,2016,30,5,799-807,All OA; Gold,Article,"Young, Hillary S.; Dirzo, Rodolfo; Helgen, Kristofer M.; McCauley, Douglas J.; Nunn, Charles L.; Snyder, Paul; Veblen, Kari E.; Zhao, Serena; Ezenwa, Vanessa O.",,"Young, Hillary S. (University of California, Santa Barbara; National Museum of Natural History; Mpala Research Center and Wildlife Foundation); Dirzo, Rodolfo (Stanford University); Helgen, Kristofer M. (National Museum of Natural History); McCauley, Douglas J. (University of California, Santa Barbara; Mpala Research Center and Wildlife Foundation); Nunn, Charles L. (Duke University); Snyder, Paul (University of Georgia; Oregon State University); Veblen, Kari E. (Mpala Research Center and Wildlife Foundation; Utah State University); Zhao, Serena (National Museum of Natural History; Mpala Research Center and Wildlife Foundation); Ezenwa, Vanessa O. (Mpala Research Center and Wildlife Foundation; University of Georgia)",9,6,,2.62,https://besjournals.onlinelibrary.wiley.com/doi/pdf/10.1111/1365-2435.12542,https://app.dimensions.ai/details/publication/pub.1032458027,05 Environmental Sciences; 06 Biological Sciences; 0602 Ecology; 0502 Environmental Science and Management,05 Environmental Sciences,06 Biological Sciences,0602 Ecology,0502 Environmental Science and Management,
34,200,pub.1016592728,10.1126/science.aad5686,26965610,,Ending hide and seek at sea,Science,,,2016-03-11,2016,351,6278,1148-1150,All OA; Gold,Article,"McCauley, Douglas J.; Woods, Paul; Sullivan, Brian; Bergman, Bjorn; Jablonicky, Caroline; Roan, Aaron; Hirshfield, Michael; Boerder, Kristina; Worm, Boris",,"McCauley, Douglas J. (University of California, Santa Barbara); Woods, Paul (); Sullivan, Brian (Google); Bergman, Bjorn (); Jablonicky, Caroline (University of California, Santa Barbara); Roan, Aaron (Google); Hirshfield, Michael (); Boerder, Kristina (Dalhousie University); Worm, Boris (Dalhousie University)",71,53,2.43,,https://science.sciencemag.org/content/sci/351/6278/1148.full.pdf,https://app.dimensions.ai/details/publication/pub.1016592728,,,,,,
35,200,pub.1045413834,10.1017/s0266467415000498,,,Differential plant damage due to litterfall in palm-dominated forest stands in a Central Pacific atoll – CORRIGENDUM,Journal of Tropical Ecology,,,2015-11,2015,31,6,573-573,All OA; Gold,Article,"Young, Hillary S.; McCauley, Douglas J.; Pollock, Amanda; Dirzo, Rodolfo",,"Young, Hillary S. (); McCauley, Douglas J. (); Pollock, Amanda (); Dirzo, Rodolfo ()",0,0,,0,https://www.cambridge.org/core/services/aop-cambridge-core/content/view/1E8A1AD2A1A27E73859E8E1C774E61B7/S0266467415000498a.pdf/div-class-title-differential-plant-damage-due-to-litterfall-in-palm-dominated-forest-stands-in-a-central-pacific-atoll-corrigendum-div.pdf,https://app.dimensions.ai/details/publication/pub.1045413834,16 Studies in Human Society; 0602 Ecology; 1601 Anthropology; 06 Biological Sciences,16 Studies in Human Society,0602 Ecology,1601 Anthropology,06 Biological Sciences,
36,200,pub.1110695631,10.4324/9780203115398-8,,,Ocean Health,,Routledge Handbook of Ocean Resources and Management,,2015-10-16,2015,,,108-126,Closed,Chapter,"Micheli, Fiorenza; De Leo, Giulio; Ferretti, Francesco; Margaret Hines, A.; Honey, Kristen; Kroeker, Kristy; Martone, Rebecca G.; McCauley, Douglas J.; O’Leary, Jennifer K.; Rosim, Daniele F.; Sokolow, Susanne H.; Stock, Andy; Wood, Chelsea L.",,"Micheli, Fiorenza (); De Leo, Giulio (); Ferretti, Francesco (); Margaret Hines, A. (); Honey, Kristen (); Kroeker, Kristy (); Martone, Rebecca G. (); McCauley, Douglas J. (); O’Leary, Jennifer K. (); Rosim, Daniele F. (); Sokolow, Susanne H. (); Stock, Andy (); Wood, Chelsea L. ()",0,0,,,,https://app.dimensions.ai/details/publication/pub.1110695631,,,,,,
37,400,pub.1003335623,10.1645/14-684.1,25634599,,Drivers of Intensity and Prevalence of Flea Parasitism on Small Mammals in East African Savanna Ecosystems,Journal of Parasitology,,Animals; Body Size; Ecosystem; Female; Flea Infestations; Grassland; Host-Pathogen Interactions; Kenya; Male; Plants; Prevalence; Rain; Rodent Diseases; Rodentia; Seasons; Siphonaptera; Soil,2015-06-01,2015,101,3,327-335,"All OA; Green, Accepted & Submitted",Article,"Young, Hillary S.; Dirzo, Rodolfo; McCauley, Douglas J.; Agwanda, Bernard; Cattaneo, Lia; Dittmar, Katharina; Eckerlin, Ralph P.; Fleischer, Robert C.; Helgen, Lauren E.; Hintz, Ashley; Montinieri, John; Zhao, Serena; Helgen, Kristofer M.",,"Young, Hillary S. (University of California, Santa Barbara); Dirzo, Rodolfo (University of California, Santa Barbara); McCauley, Douglas J. (University of California, Santa Barbara); Agwanda, Bernard (University of California, Santa Barbara); Cattaneo, Lia (University of California, Santa Barbara); Dittmar, Katharina (University of California, Santa Barbara); Eckerlin, Ralph P. (University of California, Santa Barbara); Fleischer, Robert C. (University of California, Santa Barbara); Helgen, Lauren E. (University of California, Santa Barbara); Hintz, Ashley (University of California, Santa Barbara); Montinieri, John (University of California, Santa Barbara); Zhao, Serena (University of California, Santa Barbara); Helgen, Kristofer M. (University of California, Santa Barbara)",12,8,0.98,2.35,https://escholarship.org/content/qt2mn8h7qh/qt2mn8h7qh.pdf?t=ozrxzf,https://app.dimensions.ai/details/publication/pub.1003335623,0602 Ecology; 06 Biological Sciences,0602 Ecology,06 Biological Sciences,,,
38,400,pub.1048249848,10.4269/ajtmh.14-0504,25711606,PMC4385772,Effects of Land Use on Plague (Yersinia pestis) Activity in Rodents in Tanzania,American Journal of Tropical Medicine and Hygiene,,"Agriculture; Animals; Conservation of Natural Resources; DNA Barcoding, Taxonomic; Disease Reservoirs; Ecosystem; Female; Geography; Humans; Plague; Prevalence; Rodent Diseases; Rodentia; Seroepidemiologic Studies; Siphonaptera; Tanzania; Yersinia pestis; Zoonoses",2015-04-01,2015,92,4,776-783,All OA; Gold,Article,"McCauley, Douglas J.; Salkeld, Daniel J.; Young, Hillary S.; Makundi, Rhodes; Dirzo, Rodolfo; Eckerlin, Ralph P.; Lambin, Eric F.; Gaffikin, Lynne; Barry, Michele; Helgen, Kristofer M.",,"McCauley, Douglas J. (); Salkeld, Daniel J. (); Young, Hillary S. (); Makundi, Rhodes (); Dirzo, Rodolfo (); Eckerlin, Ralph P. (); Lambin, Eric F. (); Gaffikin, Lynne (); Barry, Michele (); Helgen, Kristofer M. ()",14,6,1.21,,http://www.ajtmh.org/deliver/fulltext/14761645/92/4/776.pdf?itemId=/content/journals/10.4269/ajtmh.14-0504&mimeType=pdf&containerItemId=content/journals/14761645,https://app.dimensions.ai/details/publication/pub.1048249848,11 Medical and Health Sciences,11 Medical and Health Sciences,,,,
39,100,pub.1023271745,10.1890/es14-00514.1,,,Carbon stable isotopes suggest that hippopotamus‐vectored nutrients subsidize aquatic consumers in an East African river,Ecosphere,,,2015-04,2015,6,4,1-11,All OA; Gold,Article,"McCauley, Douglas J.; Dawson, Todd E.; Power, Mary E.; Finlay, Jacques C.; Ogada, Mordecai; Gower, Drew B.; Caylor, Kelly; Nyingi, Wanja D.; Githaiga, John M.; Nyunja, Judith; Joyce, Francis H.; Lewison, Rebecca L.; Brashares, Justin S.",,"McCauley, Douglas J. (University of California, Santa Barbara); Dawson, Todd E. (University of California, Berkeley); Power, Mary E. (University of California, Berkeley); Finlay, Jacques C. (University of Minnesota); Ogada, Mordecai (); Gower, Drew B. (Princeton University); Caylor, Kelly (Princeton University); Nyingi, Wanja D. (National Museums of Kenya); Githaiga, John M. (University of Nairobi); Nyunja, Judith (Kenya Wildlife Service); Joyce, Francis H. (University of California, Santa Barbara); Lewison, Rebecca L. (San Diego State University); Brashares, Justin S. (University of California, Berkeley)",16,11,,3.51,https://esajournals.onlinelibrary.wiley.com/doi/pdf/10.1890/ES14-00514.1,https://app.dimensions.ai/details/publication/pub.1023271745,05 Environmental Sciences; 06 Biological Sciences; 0602 Ecology; 0502 Environmental Science and Management,05 Environmental Sciences,06 Biological Sciences,0602 Ecology,0502 Environmental Science and Management,
40,400,pub.1010403358,10.1890/14-0995.1,26263659,,Context‐dependent effects of large‐wildlife declines on small‐mammal communities in central Kenya,Ecological Applications,,"Animals; Animals, Wild; Biodiversity; Body Size; Conservation of Natural Resources; Kenya; Population Dynamics",2015-03,2015,25,2,348-360,"All OA; Green, Accepted & Submitted",Article,"Young, Hillary S.; McCauley, Douglas J.; Dirzo, Rodolfo; Goheen, Jacob R.; Agwanda, Bernard; Brook, Cara; Otárola-Castillo, Erik; Ferguson, Adam W.; Kinyua, Stephen N.; McDonough, Molly M.; Palmer, Todd M.; Pringle, Robert M.; Young, Truman P.; Helgen, Kristofer M.",,"Young, Hillary S. (University of California, Santa Barbara; National Museum of Natural History; Mpala Research Center and Wildlife Foundation; Stanford University); McCauley, Douglas J. (University of California, Santa Barbara); Dirzo, Rodolfo (Stanford University); Goheen, Jacob R. (Mpala Research Center and Wildlife Foundation; University of Wyoming); Agwanda, Bernard (National Museums of Kenya); Brook, Cara (Princeton University); Otárola-Castillo, Erik (Harvard University); Ferguson, Adam W. (Texas Tech University); Kinyua, Stephen N. (Mpala Research Center and Wildlife Foundation); McDonough, Molly M. (National Museum of Natural History; Texas Tech University); Palmer, Todd M. (Mpala Research Center and Wildlife Foundation; University of Florida); Pringle, Robert M. (Mpala Research Center and Wildlife Foundation; Princeton University); Young, Truman P. (Mpala Research Center and Wildlife Foundation; University of California, Davis); Helgen, Kristofer M. (National Museum of Natural History)",30,16,1.79,6.58,https://escholarship.org/content/qt403903qq/qt403903qq.pdf?t=ozry34,https://app.dimensions.ai/details/publication/pub.1010403358,05 Environmental Sciences; 06 Biological Sciences; 0602 Ecology; 0502 Environmental Science and Management,05 Environmental Sciences,06 Biological Sciences,0602 Ecology,0502 Environmental Science and Management,
41,400,pub.1062470062,10.1126/science.1255641,25593191,,Marine defaunation: Animal loss in the global ocean,Science,,"Animals; Animals, Wild; Aquatic Organisms; Biodiversity; Climate Change; Ecosystem; Endangered Species; Extinction, Biological; Human Activities; Humans; Oceans and Seas; Population Dynamics; Seawater",2015-01-16,2015,347,6219,1255641,"All OA; Green, Published",Article,"McCauley, Douglas J.; Pinsky, Malin L.; Palumbi, Stephen R.; Estes, James A.; Joyce, Francis H.; Warner, Robert R.",,"McCauley, Douglas J. (University of California, Santa Barbara); Pinsky, Malin L. (Rutgers, The State University of New Jersey); Palumbi, Stephen R. (Stanford University); Estes, James A. (University of California, Santa Cruz); Joyce, Francis H. (University of California, Santa Barbara); Warner, Robert R. (University of California, Santa Barbara)",391,192,11.83,76.77,https://escholarship.org/content/qt1gj9w82r/qt1gj9w82r.pdf?t=nvg2ee,https://app.dimensions.ai/details/publication/pub.1062470062,0602 Ecology; 0405 Oceanography; 06 Biological Sciences; 04 Earth Sciences; 05 Environmental Sciences; 0502 Environmental Science and Management,0602 Ecology,0405 Oceanography,06 Biological Sciences,04 Earth Sciences,05 Environmental Sciences
42,200,pub.1003657548,10.1890/0012-9623-96.1.157,,,Context‐Dependent Effects of Largewildlife Declines on Small‐Mammal Communities in Central Kenya,Bulletin of the Ecological Society of America,,,2015-01,2015,96,1,157-160,All OA; Gold,Article,"Young, Hillary S.; McCauley, Douglas J.; Dirzo, Rodolfo; Goheen, Jacob R.; Agwanda, Bernard; Brook, Cara; Castillo, Erik O.; Ferguson, Adam W.; Kinyua, Stephen N.; McDonough, Molly M.; Palmer, Todd M.; Pringle, Robert M.; Young, Truman P.; Helgen, Kristofer M.",,"Young, Hillary S. (); McCauley, Douglas J. (); Dirzo, Rodolfo (); Goheen, Jacob R. (); Agwanda, Bernard (); Brook, Cara (); Castillo, Erik O. (); Ferguson, Adam W. (); Kinyua, Stephen N. (); McDonough, Molly M. (); Palmer, Todd M. (); Pringle, Robert M. (); Young, Truman P. (); Helgen, Kristofer M. ()",2,0,,,https://esajournals.onlinelibrary.wiley.com/doi/pdf/10.1890/0012-9623-96.1.157,https://app.dimensions.ai/details/publication/pub.1003657548,,,,,,
43,100,pub.1044516084,10.1146/annurev-ecolsys-112414-054142,,,"Patterns, Causes, and Consequences of Anthropocene Defaunation",Annual Review of Ecology Evolution and Systematics,,,2014-12,2014,47,1,1-26,Closed,Article,"Young, Hillary S.; McCauley, Douglas J.; Galetti, Mauro; Dirzo, Rodolfo",,"Young, Hillary S. (); McCauley, Douglas J. (); Galetti, Mauro (); Dirzo, Rodolfo ()",0,0,,0,,https://app.dimensions.ai/details/publication/pub.1044516084,0602 Ecology; 0502 Environmental Science and Management; 0603 Evolutionary Biology; 0501 Ecological Applications; 05 Environmental Sciences; 06 Biological Sciences,0602 Ecology,0502 Environmental Science and Management,0603 Evolutionary Biology,0501 Ecological Applications,05 Environmental Sciences
44,200,pub.1062615468,10.1126/science.346.6211.819-c,25395527,,Fauna in decline—Response,Science,,Conservation of Natural Resources; Humans; Security Measures,2014-11-14,2014,346,6211,819-820,Closed,Article,"Withey, Lauren; Seto, Katherine; McCauley, Douglas J.; Fiorella, Kathryn J.; Marsh, Ryan A.; Abrahms, Briana; Nuñez, Tristan A.; Golden, Christopher D.; Brashares, Justin S.",,"Withey, Lauren (University of California, Berkeley); Seto, Katherine (University of California, Berkeley); McCauley, Douglas J. (University of California, Santa Barbara); Fiorella, Kathryn J. (University of California, Berkeley); Marsh, Ryan A. (University of California, Berkeley); Abrahms, Briana (University of California, Berkeley); Nuñez, Tristan A. (University of California, Berkeley); Golden, Christopher D. (Wildlife Conservation Society); Brashares, Justin S. (University of California, Berkeley)",0,0,0,,,https://app.dimensions.ai/details/publication/pub.1062615468,,,,,,
45,400,pub.1009755675,10.1111/cobi.12314,25065396,,Positive and Negative Effects of a Threatened Parrotfish on Reef Ecosystems,Conservation Biology,,"Animals; Conservation of Natural Resources; Coral Reefs; Endangered Species; Feeding Behavior; Food Chain; Models, Biological; Perciformes; Polynesia",2014-10,2014,28,5,1312-1321,"All OA; Green, Accepted & Submitted",Article,"MCCAULEY, DOUGLAS J.; YOUNG, HILLARY S.; GUEVARA, ROGER; WILLIAMS, GARETH J.; POWER, ELEANOR A.; DUNBAR, ROBERT B.; BIRD, DOUGLAS W.; DURHAM, WILLIAM H.; MICHELI, FIORENZA",,"MCCAULEY, DOUGLAS J. (University of California, Santa Barbara); YOUNG, HILLARY S. (University of California, Santa Barbara); GUEVARA, ROGER (); WILLIAMS, GARETH J. (Scripps Institution of Oceanography); POWER, ELEANOR A. (Stanford University); DUNBAR, ROBERT B. (Stanford University); BIRD, DOUGLAS W. (Stanford University); DURHAM, WILLIAM H. (Stanford University); MICHELI, FIORENZA (Stanford University)",16,4,0.46,3.16,https://escholarship.org/content/qt3z36t1jp/qt3z36t1jp.pdf?t=ozrywd,https://app.dimensions.ai/details/publication/pub.1009755675,0602 Ecology; 0502 Environmental Science and Management; 0501 Ecological Applications; 05 Environmental Sciences; 06 Biological Sciences,0602 Ecology,0502 Environmental Science and Management,0501 Ecological Applications,05 Environmental Sciences,06 Biological Sciences
46,100,pub.1037528561,10.1007/s00227-014-2478-7,,,Reliance of mobile species on sensitive habitats: a case study of manta rays (Manta alfredi) and lagoons,Marine Biology,,,2014-09,2014,161,9,1987-1998,"All OA; Green, Accepted & Submitted",Article,"McCauley, Douglas J.; DeSalles, Paul A.; Young, Hillary S.; Papastamatiou, Yannis P.; Caselle, Jennifer E.; Deakos, Mark H.; Gardner, Jonathan P. A.; Garton, David W.; Collen, John D.; Micheli, Fiorenza","McCauley, Douglas J.","McCauley, Douglas J. (University of California, Santa Barbara); DeSalles, Paul A. (Stanford University); Young, Hillary S. (University of California, Santa Barbara); Papastamatiou, Yannis P. (University of St Andrews); Caselle, Jennifer E. (University of California, Santa Barbara); Deakos, Mark H. (); Gardner, Jonathan P. A. (Victoria University of Wellington); Garton, David W. (Georgia Institute of Technology); Collen, John D. (Victoria University of Wellington); Micheli, Fiorenza (Stanford University)",17,7,,3.14,https://escholarship.org/content/qt2b70j073/qt2b70j073.pdf?t=ozryqq,https://app.dimensions.ai/details/publication/pub.1037528561,05 Environmental Sciences; 06 Biological Sciences; 0602 Ecology; 0502 Environmental Science and Management,05 Environmental Sciences,06 Biological Sciences,0602 Ecology,0502 Environmental Science and Management,
47,200,pub.1010691403,10.1126/science.1256734,25061187,,Wildlife decline and social conflict,Science,,Conflict (Psychology); Conservation of Natural Resources; Crime; Employment; Enslavement; Human Trafficking; Humans; Security Measures,2014-07-25,2014,345,6195,376-378,"All OA; Green, Accepted & Submitted",Article,"Brashares, Justin S.; Abrahms, Briana; Fiorella, Kathryn J.; Golden, Christopher D.; Hojnowski, Cheryl E.; Marsh, Ryan A.; McCauley, Douglas J.; Nuñez, Tristan A.; Seto, Katherine; Withey, Lauren",,"Brashares, Justin S. (University of California, Berkeley); Abrahms, Briana (University of California, Berkeley); Fiorella, Kathryn J. (University of California, Berkeley); Golden, Christopher D. (Wildlife Conservation Society); Hojnowski, Cheryl E. (University of California, Berkeley); Marsh, Ryan A. (University of California, Berkeley); McCauley, Douglas J. (University of California, Santa Barbara); Nuñez, Tristan A. (University of California, Berkeley); Seto, Katherine (University of California, Berkeley); Withey, Lauren (University of California, Berkeley)",50,18,0.67,,https://cloudfront.escholarship.org/dist/prd/content/qt5cw3p58h/qt5cw3p58h.pdf?t=ohrxsq,https://app.dimensions.ai/details/publication/pub.1010691403,,,,,,
48,400,pub.1015923903,10.1111/biom.12139,24571609,PMC4108159,Assessing the significance of global and local correlations under spatial autocorrelation: A nonparametric approach,Biometrics,,"Algorithms; Biodiversity; Biometry; Computer Simulation; Ecosystem; Geographic Mapping; Models, Statistical; Monte Carlo Method; Normal Distribution; Sample Size; Statistics, Nonparametric",2014-06,2014,70,2,409-418,"All OA; Green, Accepted & Submitted",Article,"Viladomat, Júlia; Mazumder, Rahul; McInturff, Alex; McCauley, Douglas J.; Hastie, Trevor",,"Viladomat, Júlia (Stanford University); Mazumder, Rahul (Columbia University); McInturff, Alex (Stanford University); McCauley, Douglas J. (University of California, Santa Barbara); Hastie, Trevor (Stanford University)",9,2,0.32,5.09,http://europepmc.org/articles/pmc4108159?pdf=render,https://app.dimensions.ai/details/publication/pub.1015923903,01 Mathematical Sciences; 0104 Statistics,01 Mathematical Sciences,0104 Statistics,,,
49,400,pub.1032136830,10.1073/pnas.1404958111,24778215,PMC4024866,Declines in large wildlife increase landscape-level prevalence of rodent-borne disease in Africa,Proceedings of the National Academy of Sciences,,"Africa, Eastern; Animals; Animals, Wild; Bartonella Infections; Biodiversity; Ecosystem; Flea Infestations; Humans; Kenya; Lice Infestations; Prevalence; Risk Factors; Rodent Diseases; Rodentia; Xenopsylla; Zoonoses",2014-05-13,2014,111,19,7036-7041,All OA; Gold,Article,"Young, Hillary S.; Dirzo, Rodolfo; Helgen, Kristofer M.; McCauley, Douglas J.; Billeter, Sarah A.; Kosoy, Michael Y.; Osikowicz, Lynn M.; Salkeld, Daniel J.; Young, Truman P.; Dittmar, Katharina",,"Young, Hillary S. (University of California, Santa Barbara; National Museum of Natural History); Dirzo, Rodolfo (); Helgen, Kristofer M. (National Museum of Natural History); McCauley, Douglas J. (University of California, Santa Barbara); Billeter, Sarah A. (National Center for Infectious Diseases); Kosoy, Michael Y. (National Center for Infectious Diseases); Osikowicz, Lynn M. (National Center for Infectious Diseases); Salkeld, Daniel J. (Stanford University); Young, Truman P. (University of California, Davis); Dittmar, Katharina (University at Buffalo, State University of New York)",53,15,2.65,9.79,http://www.pnas.org/content/111/19/7036.full.pdf,https://app.dimensions.ai/details/publication/pub.1032136830,05 Environmental Sciences; 06 Biological Sciences; 0602 Ecology; 0502 Environmental Science and Management,05 Environmental Sciences,06 Biological Sciences,0602 Ecology,0502 Environmental Science and Management,
50,100,pub.1053810675,10.1017/s026646741400008x,,,Differential plant damage due to litterfall in palm-dominated forest stands in a Central Pacific atoll,Journal of Tropical Ecology,,,2014-05,2014,30,3,231-236,"All OA; Green, Accepted & Submitted",Article,"Young, Hillary S.; McCauley, Douglas J.; Pollock, Amanda; Dirzo, Rodolfo",,"Young, Hillary S. (Stanford University; Smithsonian Institution); McCauley, Douglas J. (Stanford University); Pollock, Amanda (United States Fish and Wildlife Service); Dirzo, Rodolfo (Stanford University)",8,3,,1.31,https://escholarship.org/content/qt4px903xq/qt4px903xq.pdf?t=ozryyp,https://app.dimensions.ai/details/publication/pub.1053810675,0602 Ecology; 06 Biological Sciences,0602 Ecology,06 Biological Sciences,,,
51,200,pub.1050498112,10.1016/j.biocon.2014.02.030,,,Pushing back against paper-park pushers – Reply to Craigie et al.,Biological Conservation,,,2014-04,2014,172,,223-224,"All OA; Green, Published",Article,"McCauley, Douglas J.; Young, Hillary S.; Power, Eleanor A.; Bird, Douglas W.; Durham, William H.; McInturff, Alex; Dunbar, Robert B.; Micheli, Fiorenza; Young, Hillary S.","McCauley, Douglas J.","McCauley, Douglas J. (University of California, Santa Barbara); Young, Hillary S. (Smithsonian Institution); Power, Eleanor A. (Stanford University); Bird, Douglas W. (Stanford University); Durham, William H. (Stanford University); McInturff, Alex (University of California, Berkeley); Dunbar, Robert B. (Stanford University); Micheli, Fiorenza (Stanford University)",2,0,,,https://escholarship.org/content/qt4965q22n/qt4965q22n.pdf?t=ozrysy,https://app.dimensions.ai/details/publication/pub.1050498112,05 Environmental Sciences; 06 Biological Sciences; 07 Agricultural and Veterinary Sciences,05 Environmental Sciences,06 Biological Sciences,07 Agricultural and Veterinary Sciences,,
52,100,pub.1007460544,10.1017/s175526721400116x,,,"First records of the sicklefin lemon shark, Negaprion acutidens, at Palmyra Atoll, central Pacific: a recent colonization event?",Marine Biodiversity Records,,,2014,2014,7,,,"All OA; Green, Accepted & Submitted",Article,"Papastamatiou, Yannis P.; Wood, Chelsea L.; Bradley, Darcy; McCauley, Douglas J.; Pollock, Amanda L.; Caselle, Jennifer E.",,"Papastamatiou, Yannis P. (University of St Andrews); Wood, Chelsea L. (); Bradley, Darcy (University of California, Santa Barbara); McCauley, Douglas J. (University of California, Santa Barbara); Pollock, Amanda L. (United States Fish and Wildlife Service); Caselle, Jennifer E. (University of California, Santa Barbara)",3,1,,0.49,https://research-repository.st-andrews.ac.uk/bitstream/10023/7646/1/Lemon_sharks_at_Palmyra.pdf,https://app.dimensions.ai/details/publication/pub.1007460544,0602 Ecology; 06 Biological Sciences,0602 Ecology,06 Biological Sciences,,,
53,100,pub.1004122787,10.1016/j.biocon.2013.05.026,,,Conservation at the edges of the world,Biological Conservation,,,2013-09,2013,165,Conserv. Soc. 7 2009,139-145,"All OA; Green, Published",Article,"McCauley, Douglas J.; Power, Eleanor A.; Bird, Douglas W.; McInturff, Alex; Dunbar, Robert B.; Durham, William H.; Micheli, Fiorenza; Young, Hillary S.","McCauley, Douglas J.","McCauley, Douglas J. (Stanford University); Power, Eleanor A. (Stanford University); Bird, Douglas W. (Stanford University); McInturff, Alex (Stanford University); Dunbar, Robert B. (Stanford University); Durham, William H. (Stanford University); Micheli, Fiorenza (Stanford University); Young, Hillary S. (Stanford University; Harvard University; Smithsonian Institution)",17,3,,2.78,https://escholarship.org/content/qt97p46983/qt97p46983.pdf?t=ozrz0e,https://app.dimensions.ai/details/publication/pub.1004122787,05 Environmental Sciences; 06 Biological Sciences; 0602 Ecology; 0502 Environmental Science and Management,05 Environmental Sciences,06 Biological Sciences,0602 Ecology,0502 Environmental Science and Management,
54,400,pub.1051799047,10.1111/1365-2745.12096,24014216,PMC3758959,Effects of mammalian herbivore declines on plant communities: observations and experiments in an African savanna,Journal of Ecology,,,2013-07,2013,101,4,1030-1041,"All OA; Green, Published",Article,"Young, Hillary S.; McCauley, Douglas J.; Helgen, Kristofer M.; Goheen, Jacob R.; Otárola‐Castillo, Erik; Palmer, Todd M.; Pringle, Robert M.; Young, Truman P.; Dirzo, Rodolfo",,"Young, Hillary S. (Smithsonian Institution; Stanford University; Mpala Research Center and Wildlife Foundation; Harvard University); McCauley, Douglas J. (Mpala Research Center and Wildlife Foundation; University of California, Berkeley); Helgen, Kristofer M. (Smithsonian Institution); Goheen, Jacob R. (Mpala Research Center and Wildlife Foundation; University of Wyoming); Otárola‐Castillo, Erik (Harvard University; Iowa State University); Palmer, Todd M. (Mpala Research Center and Wildlife Foundation; University of Florida); Pringle, Robert M. (Mpala Research Center and Wildlife Foundation; Princeton University); Young, Truman P. (Mpala Research Center and Wildlife Foundation; University of California, Davis); Dirzo, Rodolfo (Stanford University)",55,19,1.63,8.99,http://europepmc.org/articles/pmc3758959?pdf=render,https://app.dimensions.ai/details/publication/pub.1051799047,05 Environmental Sciences; 06 Biological Sciences; 0602 Ecology; 0502 Environmental Science and Management,05 Environmental Sciences,06 Biological Sciences,0602 Ecology,0502 Environmental Science and Management,
55,400,pub.1030829909,10.1007/s00442-012-2542-2,23229391,,Consumer preference for seeds and seedlings of rare species impacts tree diversity at multiple scales,Oecologia,,Animals; Biodiversity; Crustacea; Herbivory; Seeds; Trees,2013-07,2013,172,3,857-867,Closed,Article,"Young, Hillary S.; McCauley, Douglas J.; Guevara, Roger; Dirzo, Rodolfo","Young, Hillary S.","Young, Hillary S. (Stanford University; Smithsonian Institution; Harvard University); McCauley, Douglas J. (Stanford University); Guevara, Roger (Instituto de Ecología); Dirzo, Rodolfo (Stanford University)",9,2,0.4,1.54,,https://app.dimensions.ai/details/publication/pub.1030829909,0607 Plant Biology; 0602 Ecology; 06 Biological Sciences,0607 Plant Biology,0602 Ecology,06 Biological Sciences,,
56,400,pub.1027624682,10.1890/12-0729.1,23687895,,The roles of productivity and ecosystem size in determining food chain length in tropical terrestrial ecosystems,Ecology,,"Animals; Demography; Diet; Food Chain; Models, Biological; Predatory Behavior; Tropical Climate",2013-03,2013,94,3,692-701,Closed,Article,"Young, Hillary S.; McCauley, Douglas J.; Dunbar, Robert B.; Hutson, Michael S.; Ter-Kuile, Ana Miller; Dirzo, Rodolfo",,"Young, Hillary S. (Stanford University; Smithsonian Institution; Harvard University); McCauley, Douglas J. (Stanford University; University of California, Berkeley); Dunbar, Robert B. (Stanford University); Hutson, Michael S. (Stanford University); Ter-Kuile, Ana Miller (Stanford University); Dirzo, Rodolfo (Stanford University)",20,10,0.46,3.27,,https://app.dimensions.ai/details/publication/pub.1027624682,05 Environmental Sciences; 06 Biological Sciences; 0602 Ecology; 0502 Environmental Science and Management,05 Environmental Sciences,06 Biological Sciences,0602 Ecology,0502 Environmental Science and Management,
57,400,pub.1006249693,10.1038/srep00409,22624091,PMC3354671,From wing to wing: the persistence of long ecological interaction chains in less-disturbed ecosystems,Scientific Reports,,"Animals; Birds; Ecosystem; Food Chain; Geography; Human Activities; Humans; Models, Biological; Pacific Ocean; Phytoplankton; Salinity; Soil; Temperature; Trees; Wings, Animal; Zooplankton",2012-12,2012,2,1,409,All OA; Gold,Article,"McCauley, Douglas J.; DeSalles, Paul A.; Young, Hillary S.; Dunbar, Robert B.; Dirzo, Rodolfo; Mills, Matthew M.; Micheli, Fiorenza",,"McCauley, Douglas J. (Stanford University; University of California, Berkeley); DeSalles, Paul A. (Stanford University); Young, Hillary S. (Harvard University; Stanford University); Dunbar, Robert B. (Stanford University); Dirzo, Rodolfo (Stanford University); Mills, Matthew M. (Stanford University); Micheli, Fiorenza (Stanford University)",53,22,1.05,6.35,https://www.nature.com/articles/srep00409.pdf,https://app.dimensions.ai/details/publication/pub.1006249693,0602 Ecology; 06 Biological Sciences,0602 Ecology,06 Biological Sciences,,,
58,400,pub.1036772904,10.1890/11-1653.1,23092009,,Assessing the effects of large mobile predators on ecosystem connectivity,Ecological Applications,,Animals; Body Size; Ecosystem; Fishes; Pacific Ocean; Predatory Behavior,2012-09,2012,22,6,1711-1717,All OA; Gold,Article,"McCauley, Douglas J.; Young, Hillary S.; Dunbar, Robert B.; Estes, James A.; Semmens, Brice X.; Micheli, Fiorenza",,"McCauley, Douglas J. (Stanford University); Young, Hillary S. (Stanford University); Dunbar, Robert B. (Stanford University); Estes, James A. (University of California, Santa Cruz); Semmens, Brice X. (University of California, San Diego); Micheli, Fiorenza (Stanford University)",111,44,2.44,17.88,http://onlinelibrary.wiley.com/doi/10.1890/11-1653.1/pdf,https://app.dimensions.ai/details/publication/pub.1036772904,0602 Ecology; 0502 Environmental Science and Management; 0501 Ecological Applications; 05 Environmental Sciences; 06 Biological Sciences,0602 Ecology,0502 Environmental Science and Management,0501 Ecological Applications,05 Environmental Sciences,06 Biological Sciences
59,400,pub.1002210924,10.1371/journal.pone.0041364,22899995,PMC3416811,Effects of Spatial Subsidies and Habitat Structure on the Foraging Ecology and Size of Geckos,PLoS ONE,,Animals; Body Size; Ecosystem; Female; Food Chain; Lizards; Male; Population Dynamics; Soil; Trees,2012-08-10,2012,7,8,e41364,All OA; Gold,Article,"Briggs, Amy A.; Young, Hillary S.; McCauley, Douglas J.; Hathaway, Stacie A.; Dirzo, Rodolfo; Fisher, Robert N.",,"Briggs, Amy A. (Stanford University); Young, Hillary S. (Stanford University); McCauley, Douglas J. (Stanford University); Hathaway, Stacie A. (); Dirzo, Rodolfo (Stanford University); Fisher, Robert N. ()",14,5,0.32,2,https://journals.plos.org/plosone/article/file?id=10.1371/journal.pone.0041364&type=printable,https://app.dimensions.ai/details/publication/pub.1002210924,05 Environmental Sciences; 06 Biological Sciences; 0602 Ecology; 0502 Environmental Science and Management,05 Environmental Sciences,06 Biological Sciences,0602 Ecology,0502 Environmental Science and Management,
60,400,pub.1051315433,10.1371/journal.pone.0038871,22719970,PMC3374761,Night Shift: Expansion of Temporal Niche Use Following Reductions in Predator Density,PLoS ONE,,Animals; Darkness; Fishes; Predatory Behavior,2012-06-13,2012,7,6,e38871,All OA; Gold,Article,"McCauley, Douglas J.; Hoffmann, Eva; Young, Hillary S.; Micheli, Fiorenza",,"McCauley, Douglas J. (Stanford University); Hoffmann, Eva (Stanford University); Young, Hillary S. (Harvard University); Micheli, Fiorenza (Stanford University)",16,6,0.34,2.29,https://journals.plos.org/plosone/article/file?id=10.1371/journal.pone.0038871&type=printable,https://app.dimensions.ai/details/publication/pub.1051315433,05 Environmental Sciences; 06 Biological Sciences; 0602 Ecology; 0502 Environmental Science and Management,05 Environmental Sciences,06 Biological Sciences,0602 Ecology,0502 Environmental Science and Management,
61,200,pub.1071170233,10.3354/meps09721,,,Area-restricted searching by manta rays and their response to spatial scale in lagoon habitats,Marine Ecology Progress Series,,,2012-06-07,2012,456,,233-244,All OA; Gold,Article,"Papastamatiou, YP; DeSalles, PA; McCauley, DJ",,"Papastamatiou, YP (); DeSalles, PA (); McCauley, DJ ()",29,12,,4.14,https://www.int-res.com/articles/meps2012/456/m456p233.pdf,https://app.dimensions.ai/details/publication/pub.1071170233,0602 Ecology; 0405 Oceanography; 04 Earth Sciences; 06 Biological Sciences; 0608 Zoology,0602 Ecology,0405 Oceanography,04 Earth Sciences,06 Biological Sciences,0608 Zoology
62,400,pub.1017287542,10.1890/11-1059.1,22611841,,Evaluating the performance of methods for estimating the abundance of rapidly declining coastal shark populations,Ecological Applications,,"Animals; Conservation of Natural Resources; Ecosystem; Environmental Monitoring; Models, Biological; Population Density; Sharks",2012-03,2012,22,2,385-392,All OA; Gold,Article,"McCauley, Douglas J.; McLean, Kevin A.; Bauer, John; Young, Hillary S.; Micheli, Fiorenza",,"McCauley, Douglas J. (Stanford University); McLean, Kevin A. (Yale University); Bauer, John (Stanford University); Young, Hillary S. (Stanford University); Micheli, Fiorenza (Stanford University)",33,8,0.86,3.96,https://esajournals.onlinelibrary.wiley.com/doi/pdf/10.1890/11-1059.1,https://app.dimensions.ai/details/publication/pub.1017287542,0602 Ecology; 06 Biological Sciences,0602 Ecology,06 Biological Sciences,,,
63,400,pub.1004480387,10.3732/ajb.1000159,21613110,,Differential responses to guano fertilization among tropical tree species with varying functional traits,American Journal of Botany,,Animals; Birds; Boraginaceae; Cocos; Fertilizers; Geography; Magnoliopsida; Manure; Nyctaginaceae; Species Specificity; Trees; Tropical Climate,2011-02,2011,98,2,207-214,All OA; Gold,Article,"Young, Hillary S.; McCauley, Douglas J.; Dirzo, Rodolfo",,"Young, Hillary S. (Stanford University); McCauley, Douglas J. (Stanford University); Dirzo, Rodolfo (Stanford University)",7,0,0.24,0.92,http://www.amjbot.org/content/98/2/207.full.pdf,https://app.dimensions.ai/details/publication/pub.1004480387,0607 Plant Biology; 0602 Ecology; 06 Biological Sciences,0607 Plant Biology,0602 Ecology,06 Biological Sciences,,
64,200,pub.1072905777,10.5479/si.00810282.632.43,,,Ecological Importance of Large Herbivores in the Ewaso Ecosystem,Smithsonian Contributions to Zoology,,,2011,2011,,632,43-53,"All OA; Green, Accepted & Submitted",Article,"Pringle, Robert M.; Palmer, Todd M.; Goheen, Jacob R.; McCauley, Douglas J.; Keesing, Felicia",,"Pringle, Robert M. (); Palmer, Todd M. (); Goheen, Jacob R. (); McCauley, Douglas J. (); Keesing, Felicia ()",17,8,,,http://tpyoung.ucdavis.edu/publications/2011PringleSmithsonian.pdf,https://app.dimensions.ai/details/publication/pub.1072905777,,,,,,
65,400,pub.1000192453,10.1007/s00227-010-1533-2,24391253,PMC3873048,Acute effects of removing large fish from a near-pristine coral reef,Marine Biology,,,2010-12,2010,157,12,2739-2750,All OA; Gold,Article,"McCauley, Douglas J.; Micheli, Fiorenza; Young, Hillary S.; Tittensor, Derek P.; Brumbaugh, Daniel R.; Madin, Elizabeth M. P.; Holmes, Katherine E.; Smith, Jennifer E.; Lotze, Heike K.; DeSalles, Paul A.; Arnold, Suzanne N.; Worm, Boris","McCauley, Douglas J.","McCauley, Douglas J. (Stanford University); Micheli, Fiorenza (Stanford University); Young, Hillary S. (Stanford University); Tittensor, Derek P. (Dalhousie University); Brumbaugh, Daniel R. (American Museum of Natural History; University of California, Santa Cruz); Madin, Elizabeth M. P. (University of California, Santa Barbara); Holmes, Katherine E. (American Museum of Natural History); Smith, Jennifer E. (Scripps Institution of Oceanography); Lotze, Heike K. (Dalhousie University); DeSalles, Paul A. (Stanford University); Arnold, Suzanne N. (University of Maine); Worm, Boris (Dalhousie University)",34,8,0.32,3.84,https://link.springer.com/content/pdf/10.1007%2Fs00227-010-1533-2.pdf,https://app.dimensions.ai/details/publication/pub.1000192453,0602 Ecology; 0502 Environmental Science and Management; 0501 Ecological Applications; 05 Environmental Sciences; 06 Biological Sciences,0602 Ecology,0502 Environmental Science and Management,0501 Ecological Applications,05 Environmental Sciences,06 Biological Sciences
66,100,pub.1041907282,10.1111/j.1654-1103.2010.01219.x,,,"The coconut palm, Cocos nucifera, impacts forest composition and soil characteristics at Palmyra Atoll, Central Pacific",Journal of Vegetation Science,,,2010-12,2010,21,6,1058-1068,Closed,Article,"Young, Hillary S.; Raab, Ted K.; McCauley, Douglas J.; Briggs, Amy A.; Dirzo, Rodolfo",,"Young, Hillary S. (Stanford University); Raab, Ted K. (Stanford University); McCauley, Douglas J. (Stanford University); Briggs, Amy A. (Stanford University); Dirzo, Rodolfo (Stanford University)",12,2,,1.12,,https://app.dimensions.ai/details/publication/pub.1041907282,0602 Ecology; 06 Biological Sciences,0602 Ecology,06 Biological Sciences,,,
67,200,pub.1071168951,10.3354/meps08756,,,Niche partitioning among and within sympatric tropical seabirds revealed by stable isotope analysis,Marine Ecology Progress Series,,,2010-10-14,2010,416,,285-294,All OA; Gold,Article,"Young, HS; McCauley, DJ; Dirzo, R; Dunbar, RB; Shaffer, SA",,"Young, HS (); McCauley, DJ (); Dirzo, R (); Dunbar, RB (); Shaffer, SA ()",39,11,,4.54,https://www.int-res.com/articles/meps2010/416/m416p285.pdf,https://app.dimensions.ai/details/publication/pub.1071168951,0602 Ecology; 0405 Oceanography; 04 Earth Sciences; 06 Biological Sciences; 0608 Zoology,0602 Ecology,0405 Oceanography,04 Earth Sciences,06 Biological Sciences,0608 Zoology
68,100,pub.1019584387,10.2984/64.2.349,,,"An Observation of Mating in Free-Ranging Blacktip Reef Sharks, Carcbarbinus melanopterus1",Pacific Science,,,2010-04,2010,64,2,349-352,Closed,Article,"McCauley, Douglas J.; Papastamatiou, Yannis P.; Young, Hillary S.",,"McCauley, Douglas J. (Stanford University); Papastamatiou, Yannis P. (); Young, Hillary S. (Stanford University)",9,2,,0.84,,https://app.dimensions.ai/details/publication/pub.1019584387,0602 Ecology; 06 Biological Sciences,0602 Ecology,06 Biological Sciences,,,
69,200,pub.1071168574,10.3354/meps08478,,,Resource partitioning by species but not sex in sympatric boobies in the central Pacific Ocean,Marine Ecology Progress Series,,,2010-03-22,2010,403,,291-301,All OA; Gold,Article,"Young, HS; Shaffer, SA; McCauley, DJ; Foley, DG; Dirzo, R; Block, BA",,"Young, HS (); Shaffer, SA (); McCauley, DJ (); Foley, DG (); Dirzo, R (); Block, BA ()",38,6,,4.42,https://www.int-res.com/articles/meps2010/403/m403p291.pdf,https://app.dimensions.ai/details/publication/pub.1071168574,0602 Ecology; 0405 Oceanography; 04 Earth Sciences; 06 Biological Sciences; 0608 Zoology,0602 Ecology,0405 Oceanography,04 Earth Sciences,06 Biological Sciences,0608 Zoology
70,400,pub.1044403426,10.1073/pnas.0914169107,20133852,PMC2836700,Plants cause ecosystem nutrient depletion via the interruption of bird-derived spatial subsidies,Proceedings of the National Academy of Sciences,,Animals; Biomass; Birds; Cocos; Diet; Ecosystem; Food Chain; Marine Biology; Pacific Islands; Plants; Soil; Trees; Tropical Climate,2010-02-02,2010,107,5,2072-2077,All OA; Gold,Article,"Young, Hillary S.; McCauley, Douglas J.; Dunbar, Robert B.; Dirzo, Rodolfo",,"Young, Hillary S. (); McCauley, Douglas J. (); Dunbar, Robert B. (Stanford University); Dirzo, Rodolfo ()",46,10,0.73,5.91,http://www.pnas.org/content/107/5/2072.full.pdf,https://app.dimensions.ai/details/publication/pub.1044403426,0602 Ecology; 0502 Environmental Science and Management; 0607 Plant Biology; 05 Environmental Sciences; 06 Biological Sciences,0602 Ecology,0502 Environmental Science and Management,0607 Plant Biology,05 Environmental Sciences,06 Biological Sciences
71,400,pub.1039177110,10.3376/1081-1710-33.2.263,19263845,,Effects of the removal of large herbivores on fleas of small mammals,Journal of Vector Ecology,,Animals; Ecosystem; Feeding Behavior; Host-Parasite Interactions; Kenya; Mammals; Plants; Population Dynamics; Siphonaptera,2008-12,2008,33,2,263-268,Closed,Article,"McCauley, Douglas J.; Keesing, Felicia; Young, Truman; Dittmar, Katharina",,"McCauley, Douglas J. (Stanford University); Keesing, Felicia (); Young, Truman (University of California, Davis); Dittmar, Katharina (University at Buffalo, State University of New York)",23,6,0.58,1.98,,https://app.dimensions.ai/details/publication/pub.1039177110,0602 Ecology; 06 Biological Sciences,0602 Ecology,06 Biological Sciences,,,
72,400,pub.1043580181,10.1073/pnas.0609840104,17190823,PMC1765433,Herbivore-initiated interaction cascades and their modulation by productivity in an African savanna,Proceedings of the National Academy of Sciences,,Animals; Arthropods; Ecosystem; Feeding Behavior; Food Chain; Lizards; Population Density; Predatory Behavior; Ruminants; Trees,2007-01-02,2007,104,1,193-197,All OA; Gold,Article,"Pringle, Robert M.; Young, Truman P.; Rubenstein, Daniel I.; McCauley, Douglas J.",,"Pringle, Robert M. (University of Oxford; Mpala Research Center and Wildlife Foundation); Young, Truman P. (Mpala Research Center and Wildlife Foundation; University of California, Davis); Rubenstein, Daniel I. (Mpala Research Center and Wildlife Foundation; Princeton University); McCauley, Douglas J. (Mpala Research Center and Wildlife Foundation)",133,21,1.99,14.43,https://www.pnas.org/content/pnas/104/1/193.full.pdf,https://app.dimensions.ai/details/publication/pub.1043580181,0602 Ecology; 0502 Environmental Science and Management; 0501 Ecological Applications; 05 Environmental Sciences; 06 Biological Sciences,0602 Ecology,0502 Environmental Science and Management,0501 Ecological Applications,05 Environmental Sciences,06 Biological Sciences
73,400,pub.1034086613,10.1890/0012-9658(2006)87[2657:ieolho]2.0.co;2,17089673,,INDIRECT EFFECTS OF LARGE HERBIVORES ON SNAKES IN AN AFRICAN SAVANNA,Ecology,,Animals; Ecosystem; Feeding Behavior; Kenya; Mammals; Plants; Predatory Behavior; Raptors; Snakes,2006-10,2006,87,10,2657-2663,Closed,Article,"McCauley, Douglas J.; Keesing, Felicia; Young, Truman P.; Allan, Brian F.; Pringle, Robert M.",,"McCauley, Douglas J. (Stanford University; Mpala Research Center and Wildlife Foundation); Keesing, Felicia (Bard College); Young, Truman P. (University of California, Davis; Mpala Research Center and Wildlife Foundation); Allan, Brian F. (Washington University in St. Louis); Pringle, Robert M. (Stanford University; Mpala Research Center and Wildlife Foundation)",53,10,0.49,5.11,,https://app.dimensions.ai/details/publication/pub.1034086613,05 Environmental Sciences; 06 Biological Sciences; 0602 Ecology; 0502 Environmental Science and Management,05 Environmental Sciences,06 Biological Sciences,0602 Ecology,0502 Environmental Science and Management,
74,300,pub.1051015380,10.1038/443027a,16957711,,Selling out on nature,Nature,,Africa; Animals; Biodiversity; Conservation of Natural Resources; Costa Rica; Ecology; Ecosystem; Humans; United States,2006-09,2006,443,7107,27-28,Closed,Article,"McCauley, Douglas J.",,"McCauley, Douglas J. (Stanford University)",379,82,1.64,126.34,,https://app.dimensions.ai/details/publication/pub.1051015380,"15 Commerce, Management, Tourism and Services; 1502 Banking, Finance and Investment","15 Commerce, Management, Tourism and Services","1502 Banking, Finance and Investment",,,
