,"""About the data: Exported on Nov 01, 2019. Criteria: Researcher is Ira Leifer. © 2019 Digital Science and Research Solutions Inc. All rights reserved. Unless otherwise agreed, redistribution / external use of this work is not permitted.""
",Unnamed: 1,Unnamed: 2,Unnamed: 3,Unnamed: 4,Unnamed: 5,Unnamed: 6,Unnamed: 7,Unnamed: 8,Unnamed: 9,Unnamed: 10,Unnamed: 11,Unnamed: 12,Unnamed: 13,Unnamed: 14,Unnamed: 15,Unnamed: 16,Unnamed: 17,Unnamed: 18,Unnamed: 19,Unnamed: 20,Unnamed: 21,Unnamed: 22,Unnamed: 23,Unnamed: 24,Unnamed: 25,Unnamed: 26,Unnamed: 27,Unnamed: 28,Unnamed: 29,Unnamed: 30
0,Rank,Publication ID,DOI,PMID,PMCID,Title,Source title,Anthology title,MeSH terms,Publication Date,PubYear,Volume,Issue,Pagination,Open Access,Publication Type,Authors,Corresponding Author,Authors Affiliations,Times cited,Recent citations,RCR,FCR,Source Linkout,Dimensions URL,FOR (ANZSRC) Categories,FOR 1,FOR 2,FOR 3,FOR 4,FOR 5
1,100,pub.1121885025,10.1155/2019/4724587,,,A Synthesis Review of Emissions and Fates for the Coal Oil Point Marine Hydrocarbon Seep Field and California Marine Seepage,Geofluids,,,2019-10-17,2019,2019,,1-48,Closed,Article,"Leifer, Ira",,"Leifer, Ira ()",0,0,,,,https://app.dimensions.ai/details/publication/pub.1121885025,04 Earth Sciences; 0405 Oceanography,04 Earth Sciences,0405 Oceanography,,,
2,100,pub.1113997256,10.1029/2018ea000419,,,Multi‐Order Carbon Spectral Imager: A Sensor Concept for Carbon Cycle Investigations,Earth and Space Science,,,2019-05-09,2019,6,6,990-1003,All OA; Gold,Article,"Hall, Jeffrey L.; Leifer, Ira; Warren, David W.; Hayhurst, Thomas L.; Lampen, Caleb P.; Tratt, David M.",,"Hall, Jeffrey L. (The Aerospace Corporation); Leifer, Ira (); Warren, David W. (The Aerospace Corporation); Hayhurst, Thomas L. (The Aerospace Corporation); Lampen, Caleb P. (The Aerospace Corporation); Tratt, David M. (The Aerospace Corporation)",0,0,,,https://agupubs.onlinelibrary.wiley.com/doi/pdf/10.1029/2018EA000419,https://app.dimensions.ai/details/publication/pub.1113997256,03 Chemical Sciences; 0399 Other Chemical Sciences,03 Chemical Sciences,0399 Other Chemical Sciences,,,
3,100,pub.1110129161,10.5194/tc-2018-237,,,"Satellite ice extent, sea surface temperature, and atmospheric methane trends in the Barents and Kara Seas",The Cryosphere Discussions,,,2018-11-22,2018,,,1-43,All OA; Gold,Article,"Leifer, Ira; Chen, F. Robert; McClimans, Thomas; Karger, Frank Muller; Yurganov, Leonid",,"Leifer, Ira (); Chen, F. Robert (University of South Florida); McClimans, Thomas (); Karger, Frank Muller (University of South Florida); Yurganov, Leonid (University of Maryland, Baltimore)",0,0,,,https://www.the-cryosphere-discuss.net/tc-2018-237/tc-2018-237.pdf,https://app.dimensions.ai/details/publication/pub.1110129161,04 Earth Sciences; 0405 Oceanography,04 Earth Sciences,0405 Oceanography,,,
4,500,pub.1105566594,10.1016/j.envpol.2018.03.078,30005944,,Validation of mobile in situ measurements of dairy husbandry emissions by fusion of airborne/surface remote sensing with seasonal context from the Chino Dairy Complex,Environmental Pollution,,Air Pollutants; Ammonia; Animal Husbandry; Climate Change; Dairying; Environmental Monitoring; Gases; Los Angeles; Manure; Methane; Natural Gas; Remote Sensing Technology; Seasons,2018-11,2018,242,Nutrient Cycl. Agroecosyst. 60 2001,2111-2134,Closed,Article,"Leifer, Ira; Melton, Christopher; Tratt, David M.; Buckland, Kerry N.; Chang, Clement S.; Frash, Jason; Hall, Jeffrey L.; Kuze, Akihiko; Leen, Brian; Clarisse, Lieven; Lundquist, Tryg; Van Damme, Martin; Vigil, Sam; Whitburn, Simon; Yurganov, Leonid","Leifer, Ira","Leifer, Ira (); Melton, Christopher (); Tratt, David M. (The Aerospace Corporation); Buckland, Kerry N. (The Aerospace Corporation); Chang, Clement S. (The Aerospace Corporation); Frash, Jason (); Hall, Jeffrey L. (The Aerospace Corporation); Kuze, Akihiko (); Leen, Brian (ABB (United States)); Clarisse, Lieven (Université Libre de Bruxelles); Lundquist, Tryg (California Polytechnic State University); Van Damme, Martin (Université Libre de Bruxelles); Vigil, Sam (California Polytechnic State University); Whitburn, Simon (Université Libre de Bruxelles); Yurganov, Leonid (University of Maryland, Baltimore)",1,1,,,,https://app.dimensions.ai/details/publication/pub.1105566594,09 Engineering; 0909 Geomatic Engineering,09 Engineering,0909 Geomatic Engineering,,,
5,100,pub.1103986304,10.5194/tc-2018-75,,,"Satellite ice extent, sea surface temperature, and atmospheric methane trends in the Barents and Kara seas",The Cryosphere Discussions,,,2018-05-14,2018,,,1-45,All OA; Gold,Article,"Leifer, Ira; Chen, F. Robert; McClimans, Thomas; Karger, Frank Muller; Yurganov, Leonid",,"Leifer, Ira (); Chen, F. Robert (University of South Florida); McClimans, Thomas (); Karger, Frank Muller (University of South Florida); Yurganov, Leonid (University of Maryland, Baltimore)",0,0,,,https://www.the-cryosphere-discuss.net/tc-2018-75/tc-2018-75.pdf,https://app.dimensions.ai/details/publication/pub.1103986304,0406 Physical Geography and Environmental Geoscience; 04 Earth Sciences,0406 Physical Geography and Environmental Geoscience,04 Earth Sciences,,,
6,100,pub.1103673815,10.1117/1.jrs.12.026008,,,Remote sensing estimation of surface oil volume during the 2010 Deepwater Horizon oil blowout in the Gulf of Mexico: scaling up AVIRIS observations with MODIS measurements,Journal of Applied Remote Sensing,,,2018-04-27,2018,12,2,026008,All OA; Gold,Article,"Hu, Chuanmin; Feng, Lian; Holmes, Jamie; Swayze, Gregg A; Leifer, Ira; Melton, Christopher; Garcia, Oscar; MacDonald, Ian; Hess, Mark; Muller-Karger, Frank; Graettinger, George; Green, Rebecca",,"Hu, Chuanmin (); Feng, Lian (); Holmes, Jamie (); Swayze, Gregg A (United States Geological Survey); Leifer, Ira (); Melton, Christopher (); Garcia, Oscar (); MacDonald, Ian (Florida State University); Hess, Mark (); Muller-Karger, Frank (); Graettinger, George (); Green, Rebecca (Bureau of Ocean Energy Management)",5,5,,,https://www.spiedigitallibrary.org/journals/Journal-of-Applied-Remote-Sensing/volume-12/issue-2/026008/Remote-sensing-estimation-of-surface-oil-volume-during-the-2010/10.1117/1.JRS.12.026008.pdf,https://app.dimensions.ai/details/publication/pub.1103673815,09 Engineering; 0909 Geomatic Engineering,09 Engineering,0909 Geomatic Engineering,,,
7,100,pub.1101768867,10.5194/amt-11-1689-2018,,,Atmospheric characterization through fused mobile airborne and surface in situ surveys: methane emissions quantification from a producing oil field,Atmospheric Measurement Techniques Discussions,,,2018-03-27,2018,11,3,1689-1705,All OA; Gold,Article,"Leifer, Ira; Melton, Christopher; Fischer, Marc L.; Fladeland, Matthew; Frash, Jason; Gore, Warren; Iraci, Laura T.; Marrero, Josette E.; Ryoo, Ju-Mee; Tanaka, Tomoaki; Yates, Emma L.",,"Leifer, Ira (); Melton, Christopher (); Fischer, Marc L. (Lawrence Berkeley National Laboratory); Fladeland, Matthew (Ames Research Center); Frash, Jason (); Gore, Warren (Ames Research Center); Iraci, Laura T. (Ames Research Center); Marrero, Josette E. (Ames Research Center); Ryoo, Ju-Mee (Ames Research Center); Tanaka, Tomoaki (Ames Research Center); Yates, Emma L. (Ames Research Center)",1,1,,,https://www.atmos-meas-tech.net/11/1689/2018/amt-11-1689-2018.pdf,https://app.dimensions.ai/details/publication/pub.1101768867,04 Earth Sciences; 0401 Atmospheric Sciences,04 Earth Sciences,0401 Atmospheric Sciences,,,
8,100,pub.1101266185,10.1002/2017gl076606,,,Was the Deepwater Horizon Well Discharge Churn Flow? Implications on the Estimation of the Oil Discharge and Droplet Size Distribution,Geophysical Research Letters,,,2018-03-16,2018,45,5,2396-2403,All OA; Gold,Article,"Boufadel, Michel C.; Gao, Feng; Zhao, Lin; Özgökmen, Tamay; Miller, Richard; King, Thomas; Robinson, Brian; Lee, Kenneth; Leifer, Ira",,"Boufadel, Michel C. (New Jersey Institute of Technology); Gao, Feng (New Jersey Institute of Technology); Zhao, Lin (New Jersey Institute of Technology); Özgökmen, Tamay (University of Miami); Miller, Richard (Clemson University); King, Thomas (Bedford Institute of Oceanography); Robinson, Brian (Bedford Institute of Oceanography); Lee, Kenneth (Bedford Institute of Oceanography); Leifer, Ira ()",8,8,,,https://agupubs.onlinelibrary.wiley.com/doi/pdf/10.1002/2017GL076606,https://app.dimensions.ai/details/publication/pub.1101266185,0915 Interdisciplinary Engineering; 09 Engineering,0915 Interdisciplinary Engineering,09 Engineering,,,
9,100,pub.1092656899,10.3390/rs9111162,,,Reduced Methane Emissions from Santa Barbara Marine Seeps,Remote Sensing,,,2017-11-13,2017,9,11,1162,All OA; Gold,Article,"Krings, Thomas; Leifer, Ira; Krautwurst, Sven; Gerilowski, Konstantin; Horstjann, Markus; Bovensmann, Heinrich; Buchwitz, Michael; Burrows, John P.; Kolyer, Richard W.; Jonsson, Haflidi H.; Fladeland, Matthew M.",,"Krings, Thomas (); Leifer, Ira (); Krautwurst, Sven (); Gerilowski, Konstantin (); Horstjann, Markus (); Bovensmann, Heinrich (); Buchwitz, Michael (); Burrows, John P. (); Kolyer, Richard W. (); Jonsson, Haflidi H. (); Fladeland, Matthew M. ()",0,0,,0,https://www.mdpi.com/2072-4292/9/11/1162/pdf,https://app.dimensions.ai/details/publication/pub.1092656899,09 Engineering; 0909 Geomatic Engineering; 0907 Environmental Engineering,09 Engineering,0909 Geomatic Engineering,0907 Environmental Engineering,,
10,100,pub.1091883540,10.5194/amt-10-3429-2017,,,"Methane emissions from a Californian landfill, determined from airborne remote sensing and in situ measurements",Atmospheric Measurement Techniques Discussions,,,2017-09-20,2017,10,9,3429-3452,All OA; Gold,Article,"Krautwurst, Sven; Gerilowski, Konstantin; Jonsson, Haflidi H.; Thompson, David R.; Kolyer, Richard W.; Iraci, Laura T.; Thorpe, Andrew K.; Horstjann, Markus; Eastwood, Michael; Leifer, Ira; Vigil, Samuel A.; Krings, Thomas; Borchardt, Jakob; Buchwitz, Michael; Fladeland, Matthew M.; Burrows, John P.; Bovensmann, Heinrich",,"Krautwurst, Sven (University of Bremen); Gerilowski, Konstantin (University of Bremen); Jonsson, Haflidi H. (); Thompson, David R. (Jet Propulsion Lab); Kolyer, Richard W. (Ames Research Center); Iraci, Laura T. (Ames Research Center); Thorpe, Andrew K. (Jet Propulsion Lab); Horstjann, Markus (University of Bremen); Eastwood, Michael (Jet Propulsion Lab); Leifer, Ira (); Vigil, Samuel A. (California Polytechnic State University); Krings, Thomas (University of Bremen); Borchardt, Jakob (University of Bremen); Buchwitz, Michael (University of Bremen); Fladeland, Matthew M. (Ames Research Center); Burrows, John P. (University of Bremen); Bovensmann, Heinrich (University of Bremen)",11,8,,3.33,https://www.atmos-meas-tech.net/10/3429/2017/amt-10-3429-2017.pdf,https://app.dimensions.ai/details/publication/pub.1091883540,04 Earth Sciences; 0401 Atmospheric Sciences,04 Earth Sciences,0401 Atmospheric Sciences,,,
11,100,pub.1091198389,10.3390/rs9080835,,,Challenges in Methane Column Retrievals from AVIRIS-NG Imagery over Spectrally Cluttered Surfaces: A Sensitivity Analysis,Remote Sensing,,,2017-08-12,2017,9,8,835,All OA; Gold,Article,"Zhang, Minwei; Leifer, Ira; Hu, Chuanmin",,"Zhang, Minwei (); Leifer, Ira (); Hu, Chuanmin ()",3,3,,1.32,https://www.mdpi.com/2072-4292/9/8/835/pdf,https://app.dimensions.ai/details/publication/pub.1091198389,09 Engineering; 0909 Geomatic Engineering,09 Engineering,0909 Geomatic Engineering,,,
12,100,pub.1085963075,10.5194/tc-11-1333-2017,,,Sonar gas flux estimation by bubble insonification: application to methane bubble flux from seep areas in the outer Laptev Sea,The Cryosphere,,,2017-06-09,2017,11,3,1333-1350,All OA; Gold,Article,"Leifer, Ira; Chernykh, Denis; Shakhova, Natalia; Semiletov, Igor",,"Leifer, Ira (); Chernykh, Denis (Russian Academy of Sciences; Tomsk Polytechnic University); Shakhova, Natalia (Tomsk Polytechnic University; University of Alaska Fairbanks); Semiletov, Igor (Russian Academy of Sciences; Tomsk Polytechnic University; University of Alaska Fairbanks)",6,6,,1.92,https://www.the-cryosphere.net/11/1333/2017/tc-11-1333-2017.pdf,https://app.dimensions.ai/details/publication/pub.1085963075,0406 Physical Geography and Environmental Geoscience; 04 Earth Sciences; 0405 Oceanography,0406 Physical Geography and Environmental Geoscience,04 Earth Sciences,0405 Oceanography,,
13,100,pub.1085735669,10.5194/amt-2017-133,,,Improved Atmospheric Characterization through Fused Mobile Airborne & Surface In Situ Surveys: Methane Emissions Quantification from a Producing Oil Field,Atmospheric Measurement Techniques Discussions,,,2017-06-01,2017,,,1-30,All OA; Gold,Article,"Leifer, Ira; Melton, Christopher; Fischer, Marc L.; Fladeland, Matthew; Frash, Jason; Gore, Warren; Iraci, Laura; Marrero, Josette; Ryoo, Ju-Mee; Tanaka, Tomoaki; Yates, Emma",,"Leifer, Ira (); Melton, Christopher (); Fischer, Marc L. (Lawrence Berkeley National Laboratory); Fladeland, Matthew (Ames Research Center); Frash, Jason (); Gore, Warren (Ames Research Center); Iraci, Laura (Ames Research Center); Marrero, Josette (Ames Research Center); Ryoo, Ju-Mee (Ames Research Center); Tanaka, Tomoaki (Ames Research Center); Yates, Emma (Ames Research Center)",2,1,,0.61,https://doi.org/10.5194/amt-2017-133,https://app.dimensions.ai/details/publication/pub.1085735669,04 Earth Sciences; 0401 Atmospheric Sciences,04 Earth Sciences,0401 Atmospheric Sciences,,,
14,500,pub.1044061219,10.1016/j.envpol.2016.09.083,27993424,,"Remote sensing and in situ measurements of methane and ammonia emissions from a megacity dairy complex: Chino, CA",Environmental Pollution,,Air Pollutants; Air Pollution; Ammonia; Animals; California; Carbon Dioxide; Cattle; Dairying; Environmental Monitoring; Methane; Remote Sensing Technology,2017-02,2017,221,J. Geophys. Res. Atmos. 105 2000,37-51,Closed,Article,"Leifer, Ira; Melton, Christopher; Tratt, David M.; Buckland, Kerry N.; Clarisse, Lieven; Coheur, Pierre; Frash, Jason; Gupta, Manish; Johnson, Patrick D.; Leen, J. Brian; Van Damme, Martin; Whitburn, Simon; Yurganov, Leonid","Leifer, Ira","Leifer, Ira (); Melton, Christopher (); Tratt, David M. (The Aerospace Corporation); Buckland, Kerry N. (The Aerospace Corporation); Clarisse, Lieven (Université Libre de Bruxelles); Coheur, Pierre (Université Libre de Bruxelles); Frash, Jason (); Gupta, Manish (ABB (United States)); Johnson, Patrick D. (The Aerospace Corporation); Leen, J. Brian (ABB (United States)); Van Damme, Martin (Université Libre de Bruxelles); Whitburn, Simon (Université Libre de Bruxelles); Yurganov, Leonid (University of Maryland, Baltimore County)",7,7,0,3.08,,https://app.dimensions.ai/details/publication/pub.1044061219,09 Engineering; 0909 Geomatic Engineering,09 Engineering,0909 Geomatic Engineering,,,
15,200,pub.1100123723,10.21046/2070-7401-2017-14-5-248-258,,,Evidences of accelerating the increase in the concentration of methane in the atmosphere after 2014: satellite data for the Arctic,Современные проблемы дистанционного зондирования Земли из космоса,,,2017,2017,14,5,248-258,All OA; Gold,Article,"Yurganov, L.N.; Leifer, I.; Vadakkepuliyambatta, S.",,"Yurganov, L.N. (); Leifer, I. (); Vadakkepuliyambatta, S. ()",0,0,,,https://doi.org/10.21046/2070-7401-2017-14-5-248-258,https://app.dimensions.ai/details/publication/pub.1100123723,,,,,,
16,100,pub.1034743959,10.5194/amt-2016-391,,,"Methane emissions from a Californian landfill, determined from airborne remote sensing and in-situ measurements",Atmospheric Measurement Techniques Discussions,,,2016-12-16,2016,,,1-33,All OA; Gold,Article,"Krautwurst, Sven; Gerilowski, Konstantin; Jonsson, Haflidi H.; Thompson, David R.; Kolyer, Richard W.; Thorpe, Andrew K.; Horstjann, Markus; Eastwood, Michael; Leifer, Ira; Vigil, Sam; Krings, Thomas; Borchardt, Jakob; Buchwitz, Michael; Fladeland, Matthew M.; Burrows, John P.; Bovensmann, Heinrich",,"Krautwurst, Sven (University of Bremen); Gerilowski, Konstantin (University of Bremen); Jonsson, Haflidi H. (); Thompson, David R. (Jet Propulsion Lab); Kolyer, Richard W. (Ames Research Center); Thorpe, Andrew K. (Jet Propulsion Lab); Horstjann, Markus (University of Bremen); Eastwood, Michael (Jet Propulsion Lab); Leifer, Ira (); Vigil, Sam (California Polytechnic State University); Krings, Thomas (University of Bremen); Borchardt, Jakob (University of Bremen); Buchwitz, Michael (University of Bremen); Fladeland, Matthew M. (Ames Research Center); Burrows, John P. (University of Bremen); Bovensmann, Heinrich (University of Bremen)",1,1,,0.2,https://doi.org/10.5194/amt-2016-391,https://app.dimensions.ai/details/publication/pub.1034743959,04 Earth Sciences; 0401 Atmospheric Sciences,04 Earth Sciences,0401 Atmospheric Sciences,,,
17,100,pub.1018292122,10.1002/lno.10307,,,Effects of climate change on methane emissions from seafloor sediments in the Arctic Ocean: A review,Limnology and Oceanography,,,2016-11,2016,61,S1,s283-s299,All OA; Gold,Article,"James, Rachael H.; Bousquet, Philippe; Bussmann, Ingeborg; Haeckel, Matthias; Kipfer, Rolf; Leifer, Ira; Niemann, Helge; Ostrovsky, Ilia; Piskozub, Jacek; Rehder, Gregor; Treude, Tina; Vielstädte, Lisa; Greinert, Jens",,"James, Rachael H. (National Oceanography Centre); Bousquet, Philippe (Laboratoire des Sciences du Climat et de l'Environnement); Bussmann, Ingeborg (); Haeckel, Matthias (GEOMAR Helmholtz Centre for Ocean Research Kiel); Kipfer, Rolf (Swiss Federal Institute of Aquatic Science and Technology; Swiss Federal Institute of Technology in Zurich); Leifer, Ira (); Niemann, Helge (University of Basel; Centre for Arctic Gas Hydrate, Environment and Climate); Ostrovsky, Ilia (Israel Oceanographic and Limnological Research); Piskozub, Jacek (Institute of Oceanology); Rehder, Gregor (Leibniz Institute for Baltic Sea Research); Treude, Tina (); Vielstädte, Lisa (GEOMAR Helmholtz Centre for Ocean Research Kiel); Greinert, Jens (GEOMAR Helmholtz Centre for Ocean Research Kiel; Centre for Arctic Gas Hydrate, Environment and Climate; Kiel University)",36,28,,8.26,https://aslopubs.onlinelibrary.wiley.com/doi/pdf/10.1002/lno.10307,https://app.dimensions.ai/details/publication/pub.1018292122,0406 Physical Geography and Environmental Geoscience; 04 Earth Sciences; 0405 Oceanography; 0402 Geochemistry,0406 Physical Geography and Environmental Geoscience,04 Earth Sciences,0405 Oceanography,0402 Geochemistry,
18,100,pub.1049481175,10.3389/fenvs.2016.00059,,,Fusion of Mobile In situ and Satellite Remote Sensing Observations of Chemical Release Emissions to Improve Disaster Response,Frontiers in Environmental Science,,,2016-09-22,2016,4,,59,All OA; Gold,Article,"Leifer, Ira; Melton, Christopher; Frash, Jason; Fischer, Marc L.; Cui, Xinguang; Murray, John J.; Green, David S.",,"Leifer, Ira (); Melton, Christopher (); Frash, Jason (); Fischer, Marc L. (Lawrence Berkeley National Laboratory); Cui, Xinguang (Lawrence Berkeley National Laboratory); Murray, John J. (Langley Research Center); Green, David S. (National Aeronautics and Space Administration)",3,3,,1.05,https://www.frontiersin.org/articles/10.3389/fenvs.2016.00059/pdf,https://app.dimensions.ai/details/publication/pub.1049481175,09 Engineering; 0909 Geomatic Engineering,09 Engineering,0909 Geomatic Engineering,,,
19,100,pub.1094441948,10.1109/whispers.2016.8071725,,,Comparing Imaging Spectroscopy and in Situ Observations of Chino Dairy Complex Emissions,,2016 8th Workshop on Hyperspectral Image and Signal Processing: Evolution in Remote Sensing (WHISPERS),,2016-08,2016,,,1-6,Closed,Proceeding,"Leifer, Ira; Melton, Chris; Tratt, David; Frash, Jason; Gupta, Manish X.; Leen, Brian; Buckland, Kerry N.; Johnson, Patrick D.",,"Leifer, Ira (); Melton, Chris (); Tratt, David (The Aerospace Corporation); Frash, Jason (); Gupta, Manish X. (); Leen, Brian (); Buckland, Kerry N. (The Aerospace Corporation); Johnson, Patrick D. (The Aerospace Corporation)",3,1,,1.05,,https://app.dimensions.ai/details/publication/pub.1094441948,09 Engineering; 0909 Geomatic Engineering,09 Engineering,0909 Geomatic Engineering,,,
20,100,pub.1048667007,10.5194/tc-2016-156,,,Sonar Gas Flux Estimation by Bubble Insonification: Application to Methane Bubble Fluxes from the East Siberian Arctic Shelf Seabed,The Cryosphere Discussions,,,2016-07-07,2016,0,,1-36,All OA; Gold,Article,"Leifer, Ira; Chernykh, Denis; Shakhova, Natalia; Semiletov, Igor",,"Leifer, Ira (); Chernykh, Denis (Russian Academy of Sciences); Shakhova, Natalia (University of Alaska Fairbanks); Semiletov, Igor (Russian Academy of Sciences; University of Alaska Fairbanks)",0,0,,0,https://doi.org/10.5194/tc-2016-156,https://app.dimensions.ai/details/publication/pub.1048667007,0911 Maritime Engineering; 09 Engineering,0911 Maritime Engineering,09 Engineering,,,
21,200,pub.1068837330,10.21046/2070-7401-2016-13-3-231-234,,,Abnormal concentrations of atmospheric methane over the Sea of Okhotsk during 2015/2016 winter,Современные проблемы дистанционного зондирования Земли из космоса,,,2016-07,2016,13,3,231-234,All OA; Gold,Article,"Yurganov, L.N.; Leifer, I.",,"Yurganov, L.N. (); Leifer, I. ()",1,1,,,https://doi.org/10.21046/2070-7401-2016-13-3-231-234,https://app.dimensions.ai/details/publication/pub.1068837330,,,,,,
22,200,pub.1068837324,10.21046/2070-7401-2016-13-3-173-183,,,Estimates of methane emission rates from some Arctic and sub-Arctic areas based on orbital interferometer IASI data,Современные проблемы дистанционного зондирования Земли из космоса,,,2016-07,2016,13,3,173-183,All OA; Gold,Article,"Yurganov, L.N.; Leifer, I.",,"Yurganov, L.N. (); Leifer, I. ()",1,1,,,https://doi.org/10.21046/2070-7401-2016-13-3-173-183,https://app.dimensions.ai/details/publication/pub.1068837324,,,,,,
23,200,pub.1057645817,10.1061/(asce)ww.1943-5460.0000292,,,Fluid Motions Associated with Engineered Area Bubble Plumes,Journal of Waterway Port Coastal and Ocean Engineering,,,2016-03,2016,142,2,04015015,Closed,Article,"Leifer, I.; McClimans, T. A.; Gjøsund, S. H.; Grimaldo, E.",,"Leifer, I. (University of California, Santa Barbara); McClimans, T. A. (The Foundation for Scientific and Industrial Research); Gjøsund, S. H. (The Foundation for Scientific and Industrial Research); Grimaldo, E. (The Foundation for Scientific and Industrial Research)",4,1,,1.44,,https://app.dimensions.ai/details/publication/pub.1057645817,0911 Maritime Engineering; 09 Engineering; 0905 Civil Engineering; 0403 Geology; 04 Earth Sciences,0911 Maritime Engineering,09 Engineering,0905 Civil Engineering,0403 Geology,04 Earth Sciences
24,400,pub.1039662591,10.1016/j.marpolbul.2015.12.003,26725867,,Oil slick morphology derived from AVIRIS measurements of the Deepwater Horizon oil spill: Implications for spatial resolution requirements of remote sensors,Marine Pollution Bulletin,,Environmental Monitoring; Geographic Information Systems; Mexico; Petroleum Pollution; Water Movements,2016-02,2016,103,1-2,276-285,Closed,Article,"Sun, Shaojie; Hu, Chuanmin; Feng, Lian; Swayze, Gregg A.; Holmes, Jamie; Graettinger, George; MacDonald, Ian; Garcia, Oscar; Leifer, Ira","Sun, Shaojie","Sun, Shaojie (University of South Florida); Hu, Chuanmin (University of South Florida); Feng, Lian (University of South Florida); Swayze, Gregg A. (United States Geological Survey); Holmes, Jamie (Abt Associates (United States)); Graettinger, George (); MacDonald, Ian (Florida State University); Garcia, Oscar (Florida State University); Leifer, Ira ()",26,11,1.68,9.1,,https://app.dimensions.ai/details/publication/pub.1039662591,09 Engineering; 0909 Geomatic Engineering,09 Engineering,0909 Geomatic Engineering,,,
25,200,pub.1068837293,10.21046/2070-7401-2016-13-2-107-119,,,Seasonal and interannual variability of atmospheric methane over Arctic Ocean from satellite data,Современные проблемы дистанционного зондирования Земли из космоса,,,2016,2016,13,2,107-119,All OA; Gold,Article,"Yurganov, L.N.; Leifer, I.; Lund Myhre, C.",,"Yurganov, L.N. (); Leifer, I. (); Lund Myhre, C. ()",6,4,,,https://doi.org/10.21046/2070-7401-2016-13-2-107-119,https://app.dimensions.ai/details/publication/pub.1068837293,,,,,,
26,400,pub.1031213434,10.1002/2015jc011062,27774370,PMC5064732,Natural and unnatural oil slicks in the Gulf of Mexico,Journal of Geophysical Research Oceans,,,2015-12,2015,120,12,8364-8380,All OA; Gold,Article,"MacDonald, I. R.; Garcia‐Pineda, O.; Beet, A.; Asl, S. Daneshgar; Feng, L.; Graettinger, G.; French‐McCay, D.; Holmes, J.; Hu, C.; Huffer, F.; Leifer, I.; Muller‐Karger, F.; Solow, A.; Silva, M.; Swayze, G.",,"MacDonald, I. R. (Florida State University); Garcia‐Pineda, O. (Florida State University); Beet, A. (Woods Hole Oceanographic Institution); Asl, S. Daneshgar (Florida State University); Feng, L. (University of South Florida); Graettinger, G. (); French‐McCay, D. (Applied Science Associates (United States)); Holmes, J. (Abt Associates (United States)); Hu, C. (University of South Florida); Huffer, F. (Florida State University); Leifer, I. (); Muller‐Karger, F. (University of South Florida); Solow, A. (Woods Hole Oceanographic Institution); Silva, M. (Florida State University); Swayze, G. (United States Geological Survey)",80,42,1.68,12.67,https://agupubs.onlinelibrary.wiley.com/doi/pdf/10.1002/2015JC011062,https://app.dimensions.ai/details/publication/pub.1031213434,04 Earth Sciences; 0405 Oceanography,04 Earth Sciences,0405 Oceanography,,,
27,200,pub.1022711784,10.1016/j.marpetgeo.2015.11.020,,,"The 22/4b Study, Preface",Marine and Petroleum Geology,,,2015-12,2015,68,,705,Closed,Article,"Leifer, Ira; Judd, Alan","Leifer, Ira","Leifer, Ira (); Judd, Alan ()",1,0,,0.22,,https://app.dimensions.ai/details/publication/pub.1022711784,0403 Geology; 04 Earth Sciences; 0404 Geophysics,0403 Geology,04 Earth Sciences,0404 Geophysics,,
28,100,pub.1048853078,10.1016/j.marpetgeo.2015.02.011,,,Long-term acoustic monitoring at North Sea well site 22/4b,Marine and Petroleum Geology,,,2015-12,2015,68,J. Fluid Mech. 249 1993,776-788,All OA; Gold,Article,"Wiggins, Sean M.; Leifer, Ira; Linke, Peter; Hildebrand, John A.","Wiggins, Sean M.","Wiggins, Sean M. (Scripps Institution of Oceanography); Leifer, Ira (University of California, Santa Barbara); Linke, Peter (); Hildebrand, John A. (Scripps Institution of Oceanography)",15,4,,3.36,https://doi.org/10.1016/j.marpetgeo.2015.02.011,https://app.dimensions.ai/details/publication/pub.1048853078,0403 Geology; 04 Earth Sciences; 0404 Geophysics,0403 Geology,04 Earth Sciences,0404 Geophysics,,
29,100,pub.1047736412,10.1016/j.marpetgeo.2015.08.032,,,Seabed bubble flux estimation by calibrated video survey for a large blowout seep in the North Sea,Marine and Petroleum Geology,,,2015-12,2015,68,J. Geophys. Res. Oceans 106 2001,743-752,Closed,Article,"Leifer, Ira","Leifer, Ira","Leifer, Ira (University of California, Santa Barbara)",13,2,,2.91,,https://app.dimensions.ai/details/publication/pub.1047736412,0403 Geology; 04 Earth Sciences; 0404 Geophysics,0403 Geology,04 Earth Sciences,0404 Geophysics,,
30,100,pub.1044578999,10.1016/j.marpetgeo.2015.07.025,,,"The fate of bubbles in a large, intense bubble megaplume for stratified and unstratified water: Numerical simulations of 22/4b expedition field data",Marine and Petroleum Geology,,,2015-12,2015,68,J. Fluid Mech. 249 1993,806-823,Closed,Article,"Leifer, Ira; Solomon, Evan; von Deimling, Jens Schneider; Rehder, Gregor; Coffin, Rick; Linke, Peter","Leifer, Ira","Leifer, Ira (); Solomon, Evan (University of Washington); von Deimling, Jens Schneider (GEOMAR Helmholtz Centre for Ocean Research Kiel); Rehder, Gregor (Leibniz Institute for Baltic Sea Research); Coffin, Rick (Texas A&M University); Linke, Peter (GEOMAR Helmholtz Centre for Ocean Research Kiel)",21,6,,4.7,,https://app.dimensions.ai/details/publication/pub.1044578999,0403 Geology; 04 Earth Sciences; 0404 Geophysics,0403 Geology,04 Earth Sciences,0404 Geophysics,,
31,100,pub.1020344340,10.1016/j.marpetgeo.2015.11.012,,,The UK22/4b blowout 20 years on: Investigations of continuing methane emissions from sub-seabed to the atmosphere in a North Sea context,Marine and Petroleum Geology,,,2015-12,2015,68,,706-717,Closed,Article,"Leifer, Ira; Judd, Alan","Leifer, Ira","Leifer, Ira (); Judd, Alan ()",19,3,,4.25,,https://app.dimensions.ai/details/publication/pub.1020344340,0403 Geology; 04 Earth Sciences; 0404 Geophysics,0403 Geology,04 Earth Sciences,0404 Geophysics,,
32,100,pub.1015437830,10.1016/j.marpetgeo.2015.05.003,,,Bubble momentum plume as a possible mechanism for an early breakdown of the seasonal stratification in the northern North Sea,Marine and Petroleum Geology,,,2015-12,2015,68,,789-805,"All OA; Green, Published",Article,"Nauw, Janine; Linke, Peter; Leifer, I.","Nauw, Janine","Nauw, Janine (Royal Netherlands Institute for Sea Research); Linke, Peter (GEOMAR Helmholtz Centre for Ocean Research Kiel); Leifer, I. (University of California, Santa Barbara)",8,3,,1.79,http://www.vliz.be/imisdocs/publications/73/282973.pdf,https://app.dimensions.ai/details/publication/pub.1015437830,0403 Geology; 04 Earth Sciences; 0404 Geophysics,0403 Geology,04 Earth Sciences,0404 Geophysics,,
33,100,pub.1013607739,10.1016/j.marpetgeo.2015.07.007,,,Megaplume bubble process visualization by 3D multibeam sonar mapping,Marine and Petroleum Geology,,,2015-12,2015,68,J. Fluid Mech. 249 1993,753-765,Closed,Article,"Wilson, Douglas S.; Leifer, Ira; Maillard, Eric","Wilson, Douglas S.","Wilson, Douglas S. (University of California, Santa Barbara); Leifer, Ira (); Maillard, Eric ()",11,1,,2.46,,https://app.dimensions.ai/details/publication/pub.1013607739,0403 Geology; 04 Earth Sciences; 0404 Geophysics,0403 Geology,04 Earth Sciences,0404 Geophysics,,
34,100,pub.1072660796,10.5194/amt-8-4383-2015,,,Real-time remote detection and measurement for airborne imaging spectroscopy: a case study with methane,Atmospheric Measurement Techniques Discussions,,,2015-10-19,2015,8,10,4383-4397,All OA; Gold,Article,"Thompson, D. R.; Leifer, I.; Bovensmann, H.; Eastwood, M.; Fladeland, M.; Frankenberg, C.; Gerilowski, K.; Green, R. O.; Kratwurst, S.; Krings, T.; Luna, B.; Thorpe, A. K.",,"Thompson, D. R. (Jet Propulsion Lab); Leifer, I. (); Bovensmann, H. (University of Bremen); Eastwood, M. (Jet Propulsion Lab); Fladeland, M. (Ames Research Center); Frankenberg, C. (Jet Propulsion Lab); Gerilowski, K. (University of Bremen); Green, R. O. (Jet Propulsion Lab); Kratwurst, S. (University of Bremen); Krings, T. (University of Bremen); Luna, B. (Ames Research Center); Thorpe, A. K. (Jet Propulsion Lab)",39,22,,5.83,https://www.atmos-meas-tech.net/8/4383/2015/amt-8-4383-2015.pdf,https://app.dimensions.ai/details/publication/pub.1072660796,04 Earth Sciences; 0401 Atmospheric Sciences,04 Earth Sciences,0401 Atmospheric Sciences,,,
35,100,pub.1027186603,10.1016/j.csr.2015.04.022,,,Bubble Transport Mechanism: Indications for a gas bubble-mediated inoculation of benthic methanotrophs into the water column,Continental Shelf Research,,,2015-07,2015,103,,70-78,"All OA; Green, Accepted & Submitted",Article,"Schmale, Oliver; Leifer, Ira; Deimling, Jens Schneider v.; Stolle, Christian; Krause, Stefan; Kießlich, Katrin; Frahm, Andreas; Treude, Tina","Schmale, Oliver","Schmale, Oliver (Leibniz Institute for Baltic Sea Research); Leifer, Ira (University of California, Santa Barbara); Deimling, Jens Schneider v. (GEOMAR Helmholtz Centre for Ocean Research Kiel); Stolle, Christian (Leibniz Institute for Baltic Sea Research); Krause, Stefan (GEOMAR Helmholtz Centre for Ocean Research Kiel); Kießlich, Katrin (Leibniz Institute for Baltic Sea Research); Frahm, Andreas (Leibniz Institute for Baltic Sea Research); Treude, Tina (GEOMAR Helmholtz Centre for Ocean Research Kiel)",11,4,,,http://oceanrep.geomar.de/25540/1/Schmale%20et.al.pdf,https://app.dimensions.ai/details/publication/pub.1027186603,04 Earth Sciences; 06 Biological Sciences,04 Earth Sciences,06 Biological Sciences,,,
36,100,pub.1024957943,10.5194/amtd-8-6279-2015,,,Real-time remote detection and measurement for airborne imaging spectroscopy: a case study with methane,Atmospheric Measurement Techniques Discussions,,,2015-06-22,2015,8,6,6279-6324,All OA; Gold,Article,"Thompson, D. R.; Leifer, I.; Bovensmann, H.; Eastwood, M.; Fladeland, M.; Frankenberg, C.; Gerilowski, K.; Green, R. O.; Kratwurst, S.; Krings, T.; Luna, B.; Thorpe, A. K.",,"Thompson, D. R. (Jet Propulsion Lab); Leifer, I. (); Bovensmann, H. (University of Bremen); Eastwood, M. (Jet Propulsion Lab); Fladeland, M. (Ames Research Center); Frankenberg, C. (Jet Propulsion Lab); Gerilowski, K. (University of Bremen); Green, R. O. (Jet Propulsion Lab); Kratwurst, S. (University of Bremen); Krings, T. (University of Bremen); Luna, B. (Ames Research Center); Thorpe, A. K. (Jet Propulsion Lab)",6,0,,2.01,https://doi.org/10.5194/amtd-8-6279-2015,https://app.dimensions.ai/details/publication/pub.1024957943,02 Physical Sciences; 0299 Other Physical Sciences,02 Physical Sciences,0299 Other Physical Sciences,,,
37,100,pub.1034911265,10.1007/978-1-4939-2602-2_7,,,"The Federal Oil Spill Team for Emergency Response Remote Sensing, FOSTERRS: Enabling Remote Sensing Technology for Marine Disaster Response",,Time-Sensitive Remote Sensing,,2015,2015,,,91-111,Closed,Chapter,"Leifer, Ira; Murray, John; Streett, Davida; Stough, Timothy; Ramirez, Ellen; Gallegos, Sonia","Leifer, Ira","Leifer, Ira (University of California, Santa Barbara); Murray, John (Langley Research Center); Streett, Davida (National Environmental Satellite Data and Information Service); Stough, Timothy (Jet Propulsion Lab); Ramirez, Ellen (National Environmental Satellite Data and Information Service); Gallegos, Sonia (United States Naval Research Laboratory)",1,1,,0.26,,https://app.dimensions.ai/details/publication/pub.1034911265,09 Engineering; 0909 Geomatic Engineering,09 Engineering,0909 Geomatic Engineering,,,
38,100,pub.1033189042,10.1016/j.rse.2014.08.011,,,Airborne visualization and quantification of discrete methane sources in the environment,Remote Sensing of Environment,,,2014-11,2014,154,,74-88,Closed,Article,"Tratt, David M.; Buckland, Kerry N.; Hall, Jeffrey L.; Johnson, Patrick D.; Keim, Eric R.; Leifer, Ira; Westberg, Karl; Young, Stephen J.",,"Tratt, David M. (The Aerospace Corporation); Buckland, Kerry N. (The Aerospace Corporation); Hall, Jeffrey L. (The Aerospace Corporation); Johnson, Patrick D. (The Aerospace Corporation); Keim, Eric R. (The Aerospace Corporation); Leifer, Ira (University of California, Santa Barbara; The Arctic University of Norway); Westberg, Karl (The Aerospace Corporation); Young, Stephen J. (The Aerospace Corporation)",48,17,,9.46,,https://app.dimensions.ai/details/publication/pub.1033189042,09 Engineering; 0909 Geomatic Engineering; 0406 Physical Geography and Environmental Geoscience; 04 Earth Sciences; 0404 Geophysics,09 Engineering,0909 Geomatic Engineering,0406 Physical Geography and Environmental Geoscience,04 Earth Sciences,0404 Geophysics
39,100,pub.1003695187,10.1002/2014gl061665,,,Dynamic morphology of gas hydrate on a methane bubble in water: Observations and new insights for hydrate film models,Geophysical Research Letters,,,2014-10-16,2014,41,19,6841-6847,All OA; Gold,Article,"Warzinski, Robert P.; Lynn, Ronald; Haljasmaa, Igor; Leifer, Ira; Shaffer, Frank; Anderson, Brian J.; Levine, Jonathan S.",,"Warzinski, Robert P. (National Energy Technology Laboratory); Lynn, Ronald (); Haljasmaa, Igor (); Leifer, Ira (University of California, Santa Barbara); Shaffer, Frank (National Energy Technology Laboratory); Anderson, Brian J. (West Virginia University); Levine, Jonathan S. (National Energy Technology Laboratory)",25,12,,3.5,http://onlinelibrary.wiley.com/doi/10.1002/2014GL061665/pdf,https://app.dimensions.ai/details/publication/pub.1003695187,04 Earth Sciences; 0405 Oceanography,04 Earth Sciences,0405 Oceanography,,,
40,100,pub.1005953574,10.1038/ngeo2007,,,Ebullition and storm-induced methane release from the East Siberian Arctic Shelf,Nature Geoscience,,,2014-01,2014,7,1,64-70,Closed,Article,"Shakhova, Natalia; Semiletov, Igor; Leifer, Ira; Sergienko, Valentin; Salyuk, Anatoly; Kosmach, Denis; Chernykh, Denis; Stubbs, Chris; Nicolsky, Dmitry; Tumskoy, Vladimir; Gustafsson, Örjan","Shakhova, Natalia","Shakhova, Natalia (University of Alaska System; Russian Academy of Sciences); Semiletov, Igor (University of Alaska System; Russian Academy of Sciences); Leifer, Ira (University of California, Santa Barbara); Sergienko, Valentin (Russian Academy of Sciences); Salyuk, Anatoly (Russian Academy of Sciences); Kosmach, Denis (Russian Academy of Sciences); Chernykh, Denis (Russian Academy of Sciences); Stubbs, Chris (University of California, Santa Barbara); Nicolsky, Dmitry (University of Alaska System); Tumskoy, Vladimir (Moscow State University); Gustafsson, Örjan (Stockholm University)",166,50,,24.44,,https://app.dimensions.ai/details/publication/pub.1005953574,0406 Physical Geography and Environmental Geoscience; 04 Earth Sciences; 0405 Oceanography,0406 Physical Geography and Environmental Geoscience,04 Earth Sciences,0405 Oceanography,,
41,400,pub.1065205909,10.1364/oe.21.030415,24514619,,"Performance evaluation of a 1.6-µm methane DIAL system from ground, aircraft and UAV platforms.",Optics Express,,Atmosphere; Equipment Design; Equipment Failure Analysis; Lasers; Methane; Radar; Refractometry; Remote Sensing Technology,2013-12-16,2013,21,25,30415-32,Closed,Article,"Refaat, Tamer F; Ismail, Syed; Nehrir, Amin R; Hair, John W; Crawford, James H; Leifer, Ira; Shuman, Timothy",,"Refaat, Tamer F (); Ismail, Syed (); Nehrir, Amin R (); Hair, John W (); Crawford, James H (); Leifer, Ira (); Shuman, Timothy ()",19,8,0.52,6.34,,https://app.dimensions.ai/details/publication/pub.1065205909,02 Physical Sciences; 0299 Other Physical Sciences,02 Physical Sciences,0299 Other Physical Sciences,,,
42,100,pub.1028890860,10.1016/j.atmosenv.2013.02.014,,,Transcontinental methane measurements: Part 1. A mobile surface platform for source investigations,Atmospheric Environment,,,2013-08,2013,74,Nature 476 2011,422-431,Closed,Article,"Farrell, Paige; Culling, Daniel; Leifer, Ira","Leifer, Ira","Farrell, Paige (University of California, Santa Barbara); Culling, Daniel (University of California, Santa Barbara); Leifer, Ira (University of California, Santa Barbara)",29,5,,5.75,,https://app.dimensions.ai/details/publication/pub.1028890860,09 Engineering; 0104 Statistics; 01 Mathematical Sciences; 04 Earth Sciences; 0401 Atmospheric Sciences; 0907 Environmental Engineering,09 Engineering,0104 Statistics,01 Mathematical Sciences,04 Earth Sciences,0401 Atmospheric Sciences
43,100,pub.1011596769,10.1016/j.atmosenv.2013.03.018,,,Transcontinental methane measurements: Part 2. Mobile surface investigation of fossil fuel industrial fugitive emissions,Atmospheric Environment,,,2013-08,2013,74,Energies 3 2010,432-441,Closed,Article,"Leifer, Ira; Culling, Daniel; Schneising, Oliver; Farrell, Paige; Buchwitz, Michael; Burrows, John P.","Leifer, Ira","Leifer, Ira (University of California, Santa Barbara); Culling, Daniel (University of California, Santa Barbara); Schneising, Oliver (University of Bremen); Farrell, Paige (University of California, Santa Barbara); Buchwitz, Michael (University of Bremen); Burrows, John P. (University of Bremen)",19,5,,5.26,,https://app.dimensions.ai/details/publication/pub.1011596769,0915 Interdisciplinary Engineering; 09 Engineering,0915 Interdisciplinary Engineering,09 Engineering,,,
44,100,pub.1027278309,10.1016/j.rse.2013.03.018,,,High resolution mapping of methane emissions from marine and terrestrial sources using a Cluster-Tuned Matched Filter technique and imaging spectrometry,Remote Sensing of Environment,,,2013-07,2013,134,,305-318,Closed,Article,"Thorpe, Andrew K.; Roberts, Dar A.; Bradley, Eliza S.; Funk, Christopher C.; Dennison, Philip E.; Leifer, Ira","Thorpe, Andrew K.","Thorpe, Andrew K. (University of California, Santa Barbara); Roberts, Dar A. (University of California, Santa Barbara); Bradley, Eliza S. (University of California, Santa Barbara); Funk, Christopher C. (University of California, Santa Barbara); Dennison, Philip E. (University of Utah); Leifer, Ira (University of California, Santa Barbara)",28,6,,5.2,,https://app.dimensions.ai/details/publication/pub.1027278309,09 Engineering; 0909 Geomatic Engineering; 0406 Physical Geography and Environmental Geoscience; 04 Earth Sciences; 0404 Geophysics,09 Engineering,0909 Geomatic Engineering,0406 Physical Geography and Environmental Geoscience,04 Earth Sciences,0404 Geophysics
45,100,pub.1064028121,10.1177/1475090212450273,,,Pneumatic oil barriers: The promise of area bubble plumes,Proceedings of the Institution of Mechanical Engineers Part M Journal of Engineering for the Maritime Environment,,,2013-02,2013,227,1,22-38,All OA; Gold,Article,"McClimans, Thomas; Leifer, Ira; Gjøsund, Svein Helge; Grimaldo, Eduardo; Daling, Per; Leirvik, Frode",,"McClimans, Thomas (The Foundation for Scientific and Industrial Research); Leifer, Ira (University of California, Santa Barbara); Gjøsund, Svein Helge (The Foundation for Scientific and Industrial Research); Grimaldo, Eduardo (The Foundation for Scientific and Industrial Research); Daling, Per (The Foundation for Scientific and Industrial Research); Leirvik, Frode (The Foundation for Scientific and Industrial Research)",7,1,,1.94,http://journals.sagepub.com/doi/pdf/10.1177/1475090212450273,https://app.dimensions.ai/details/publication/pub.1064028121,0915 Interdisciplinary Engineering; 09 Engineering,0915 Interdisciplinary Engineering,09 Engineering,,,
46,100,pub.1042848063,10.1029/2012eo500006,,,Remote sensing atmospheric trace gases with infrared imaging spectroscopy,Eos,,,2012-12-11,2012,93,50,525-525,All OA; Gold,Article,"Leifer, Ira; Tratt, David M.; Realmuto, Vincent J.; Gerilowski, Konstantin; Burrows, John P.",,"Leifer, Ira (University of California, Santa Barbara); Tratt, David M. (The Aerospace Corporation); Realmuto, Vincent J. (Jet Propulsion Lab); Gerilowski, Konstantin (University of Bremen); Burrows, John P. (University of Bremen)",4,2,,0.5,https://agupubs.onlinelibrary.wiley.com/doi/pdf/10.1029/2012EO500006,https://app.dimensions.ai/details/publication/pub.1042848063,03 Chemical Sciences; 0399 Other Chemical Sciences,03 Chemical Sciences,0399 Other Chemical Sciences,,,
47,100,pub.1013463962,10.1016/j.rse.2012.03.024,,,State of the art satellite and airborne marine oil spill remote sensing: Application to the BP Deepwater Horizon oil spill,Remote Sensing of Environment,,,2012-09,2012,124,,185-209,"All OA; Green, Published",Article,"Leifer, Ira; Lehr, William J.; Simecek-Beatty, Debra; Bradley, Eliza; Clark, Roger; Dennison, Philip; Hu, Yongxiang; Matheson, Scott; Jones, Cathleen E.; Holt, Benjamin; Reif, Molly; Roberts, Dar A.; Svejkovsky, Jan; Swayze, Gregg; Wozencraft, Jennifer","Leifer, Ira","Leifer, Ira (University of California, Santa Barbara); Lehr, William J. (); Simecek-Beatty, Debra (); Bradley, Eliza (University of California, Santa Barbara); Clark, Roger (United States Geological Survey); Dennison, Philip (University of Utah); Hu, Yongxiang (Langley Research Center); Matheson, Scott (University of Utah); Jones, Cathleen E. (Jet Propulsion Lab); Holt, Benjamin (Jet Propulsion Lab); Reif, Molly (); Roberts, Dar A. (University of California, Santa Barbara); Svejkovsky, Jan (); Swayze, Gregg (United States Geological Survey); Wozencraft, Jennifer ()",217,75,,51.04,http://digitalcommons.unl.edu/cgi/viewcontent.cgi?article=1344&context=usdeptcommercepub,https://app.dimensions.ai/details/publication/pub.1013463962,09 Engineering; 0909 Geomatic Engineering,09 Engineering,0909 Geomatic Engineering,,,
48,100,pub.1009589373,10.1130/ges00648.1,,,Behavior of methane seep bubbles over a pockmark on the Cascadia continental margin,Geosphere,,,2011-12-01,2011,7,6,1273-1283,All OA; Gold,Article,"Salmi, Marie S.; Johnson, H. Paul; Leifer, Ira; Keister, Julie E.",,"Salmi, Marie S. (University of Washington); Johnson, H. Paul (University of Washington); Leifer, Ira (University of California, Santa Barbara); Keister, Julie E. (University of Washington)",14,5,,1.78,https://pubs.geoscienceworld.org/gsa/geosphere/article-pdf/7/6/1273/3340709/1273.pdf,https://app.dimensions.ai/details/publication/pub.1009589373,0403 Geology; 04 Earth Sciences; 0404 Geophysics; 0402 Geochemistry,0403 Geology,04 Earth Sciences,0404 Geophysics,0402 Geochemistry,
49,100,pub.1051682413,10.1007/s12145-011-0085-4,,,Google Earth and Google Fusion Tables in support of time-critical collaboration: Mapping the deepwater horizon oil spill with the AVIRIS airborne spectrometer,Earth Science Informatics,,,2011-12,2011,4,4,169-179,Closed,Article,"Bradley, Eliza S.; Roberts, Dar A.; Dennison, Philip E.; Green, Robert O.; Eastwood, Michael; Lundeen, Sarah R.; McCubbin, Ian B.; Leifer, Ira","Bradley, Eliza S.","Bradley, Eliza S. (University of California, Santa Barbara); Roberts, Dar A. (University of California, Santa Barbara); Dennison, Philip E. (University of Utah); Green, Robert O. (Jet Propulsion Lab); Eastwood, Michael (Jet Propulsion Lab); Lundeen, Sarah R. (Jet Propulsion Lab); McCubbin, Ian B. (); Leifer, Ira (University of California, Santa Barbara)",14,1,,4.63,,https://app.dimensions.ai/details/publication/pub.1051682413,08 Information and Computing Sciences; 09 Engineering; 0806 Information Systems; 0909 Geomatic Engineering; 0803 Computer Software; 0801 Artificial Intelligence and Image Processing,08 Information and Computing Sciences,09 Engineering,0806 Information Systems,0909 Geomatic Engineering,0803 Computer Software
50,400,pub.1062464556,10.1126/science.1203307,21617058,,Comment on “A Persistent Oxygen Anomaly Reveals the Fate of Spilled Methane in the Deep Gulf of Mexico”,Science,,"Atlantic Ocean; Biodegradation, Environmental; Biomass; Environmental Pollution; Hydrocarbons; Methane; Oxidation-Reduction; Oxygen; Oxygen Consumption; Petroleum; Proteobacteria; Seawater",2011-05-27,2011,332,6033,1033-1033,All OA; Gold,Article,"Joye, Samantha B.; Leifer, Ira; MacDonald, Ian R.; Chanton, Jeffery P.; Meile, Christof D.; Teske, Andreas P.; Kostka, Joel E.; Chistoserdova, Ludmila; Coffin, Richard; Hollander, David; Kastner, Miriam; Montoya, Joseph P.; Rehder, Gregor; Solomon, Evan; Treude, Tina; Villareal, Tracy A.",,"Joye, Samantha B. (University of Georgia); Leifer, Ira (University of California, Santa Barbara); MacDonald, Ian R. (Florida State University); Chanton, Jeffery P. (Florida State University); Meile, Christof D. (University of Georgia); Teske, Andreas P. (University of North Carolina System); Kostka, Joel E. (Florida State University); Chistoserdova, Ludmila (University of Washington); Coffin, Richard (United States Naval Research Laboratory); Hollander, David (University of South Florida); Kastner, Miriam (University of California, San Diego); Montoya, Joseph P. (Georgia Institute of Technology); Rehder, Gregor (Leibniz Institute for Baltic Sea Research); Solomon, Evan (University of Washington); Treude, Tina (GEOMAR Helmholtz Centre for Ocean Research Kiel); Villareal, Tracy A. (The University of Texas at Austin)",22,2,0.43,3.62,http://science.sciencemag.org/content/332/6033/1033.3.full.pdf,https://app.dimensions.ai/details/publication/pub.1062464556,09 Engineering; 0907 Environmental Engineering,09 Engineering,0907 Environmental Engineering,,,
51,100,pub.1046879808,10.1029/2011gl046729,,,Detection of marine methane emissions with AVIRIS band ratios,Geophysical Research Letters,,,2011-05,2011,38,10,n/a-n/a,All OA; Gold,Article,"Bradley, Eliza S.; Leifer, Ira; Roberts, Dar A.; Dennison, Philip E.; Washburn, Libe",,"Bradley, Eliza S. (University of California, Santa Barbara); Leifer, Ira (University of California, Santa Barbara); Roberts, Dar A. (University of California, Santa Barbara); Dennison, Philip E. (University of Utah); Washburn, Libe (University of California, Santa Barbara)",25,9,,5.54,https://agupubs.onlinelibrary.wiley.com/doi/pdf/10.1029/2011GL046729,https://app.dimensions.ai/details/publication/pub.1046879808,09 Engineering; 0909 Geomatic Engineering,09 Engineering,0909 Geomatic Engineering,,,
52,100,pub.1026655613,10.1029/2011eo150007,,,Two Decades of Community Research on Gas in Shallow Marine Sediments,Eos,,,2011-04-12,2011,92,15,128-128,Closed,Article,"Leifer, Ira; Hovland, Martin; Zemskaya, Tamara",,"Leifer, Ira (University of California, Santa Barbara); Hovland, Martin (University of Bergen); Zemskaya, Tamara (Limnological Institute)",1,0,,0.13,,https://app.dimensions.ai/details/publication/pub.1026655613,04 Earth Sciences; 0403 Geology,04 Earth Sciences,0403 Geology,,,
53,200,pub.1062328942,10.1121/1.3588852,,,Active multibeam sonar‐derived bubble plume fluxes and dynamics.,The Journal of the Acoustical Society of America,,,2011-04,2011,129,4,2653-2653,Closed,Article,"Leifer, Ira; Luyendyk, Bruce P.; Culling, Dan",,"Leifer, Ira (); Luyendyk, Bruce P. (); Culling, Dan ()",0,0,,,,https://app.dimensions.ai/details/publication/pub.1062328942,,,,,,
54,100,pub.1049922870,10.1038/ngeo1067,,,Magnitude and oxidation potential of hydrocarbon gases released from the BP oil well blowout,Nature Geoscience,,,2011-03,2011,4,3,160-164,Closed,Article,"Joye, Samantha B.; MacDonald, Ian R.; Leifer, Ira; Asper, Vernon","Joye, Samantha B.","Joye, Samantha B. (University of Georgia); MacDonald, Ian R. (Florida State University); Leifer, Ira (University of California, Santa Barbara); Asper, Vernon ()",146,27,,15.79,,https://app.dimensions.ai/details/publication/pub.1049922870,04 Earth Sciences; 0405 Oceanography,04 Earth Sciences,0405 Oceanography,,,
55,100,pub.1020113007,10.7901/2169-3358-2011-1-161,,,Computing Mass Balance for the Deepwater Horizon Spill,International Oil Spill Conference Proceedings,,,2011-03,2011,2011,1,abs161,Closed,Article,"Lehr, William; Aliseda, Alberto; Overton, Ed; Leifer, Ira",,"Lehr, William (); Aliseda, Alberto (University of Washington); Overton, Ed (Louisiana State University); Leifer, Ira (University of California, Santa Barbara)",0,0,,0,,https://app.dimensions.ai/details/publication/pub.1020113007,09 Engineering; 0909 Geomatic Engineering,09 Engineering,0909 Geomatic Engineering,,,
56,100,pub.1022238648,10.1016/j.fishres.2010.10.018,,,"Field demonstration of a novel towed, area bubble-plume zooplankton (Calanus sp.) harvester",Fisheries Research,,,2011-01,2011,107,1-3,147-158,Closed,Article,"Grimaldo, Eduardo; Leifer, Ira; Gjøsund, Svein Helge; Larsen, Roger B.; Jeuthe, Henrik; Basedow, Sünnje","Grimaldo, Eduardo","Grimaldo, Eduardo (The Foundation for Scientific and Industrial Research); Leifer, Ira (University of California, Santa Barbara); Gjøsund, Svein Helge (The Foundation for Scientific and Industrial Research); Larsen, Roger B. (The Arctic University of Norway); Jeuthe, Henrik (The Arctic University of Norway); Basedow, Sünnje (The Arctic University of Norway)",9,0,,1.5,,https://app.dimensions.ai/details/publication/pub.1022238648,05 Environmental Sciences; 0502 Environmental Science and Management,05 Environmental Sciences,0502 Environmental Science and Management,,,
57,100,pub.1045260616,10.1016/j.atmosenv.2010.08.010,,,Long-term monitoring of a marine geologic hydrocarbon source by a coastal air pollution station in Southern California,Atmospheric Environment,,,2010-12,2010,44,38,4973-4981,Closed,Article,"Bradley, Eliza; Leifer, Ira; Roberts, Dar","Bradley, Eliza","Bradley, Eliza (University of California, Santa Barbara); Leifer, Ira (University of California, Santa Barbara); Roberts, Dar (University of California, Santa Barbara)",16,1,,2.22,,https://app.dimensions.ai/details/publication/pub.1045260616,09 Engineering; 0907 Environmental Engineering,09 Engineering,0907 Environmental Engineering,,,
58,100,pub.1046778684,10.1016/j.ces.2010.03.041,,,Consideration of the dynamic forces during bubble growth in a capillary tube,Chemical Engineering Science,,,2010-07,2010,65,13,4046-4054,Closed,Article,"Vazquez, A.; Leifer, I.; Sánchez, R.M.","Vazquez, A.","Vazquez, A. (Metropolitan Autonomous University); Leifer, I. (University of California, Santa Barbara); Sánchez, R.M. (Metropolitan Autonomous University)",8,3,,1.94,,https://app.dimensions.ai/details/publication/pub.1046778684,0915 Interdisciplinary Engineering; 09 Engineering,0915 Interdisciplinary Engineering,09 Engineering,,,
59,100,pub.1023981698,10.1007/s00367-010-0187-x,,,Formation of seep bubble plumes in the Coal Oil Point seep field,Geo-Marine Letters,,,2010-06,2010,30,3-4,339-353,All OA; Gold,Article,"Leifer, Ira; Culling, Daniel","Leifer, Ira","Leifer, Ira (University of California, Santa Barbara); Culling, Daniel (University of California, Santa Barbara)",33,6,,3.91,https://doi.org/10.1007/s00367-010-0187-x,https://app.dimensions.ai/details/publication/pub.1023981698,04 Earth Sciences; 0404 Geophysics; 0405 Oceanography,04 Earth Sciences,0404 Geophysics,0405 Oceanography,,
60,100,pub.1023666951,10.1007/s00367-010-0188-9,,,"Geologic control of natural marine hydrocarbon seep emissions, Coal Oil Point seep field, California",Geo-Marine Letters,,,2010-06,2010,30,3-4,331-338,All OA; Gold,Article,"Leifer, Ira; Kamerling, Marc J.; Luyendyk, Bruce P.; Wilson, Douglas S.","Leifer, Ira","Leifer, Ira (University of California, Santa Barbara); Kamerling, Marc J. (); Luyendyk, Bruce P. (University of California, Santa Barbara); Wilson, Douglas S. (University of California, Santa Barbara)",34,6,,5.01,https://doi.org/10.1007/s00367-010-0188-9,https://app.dimensions.ai/details/publication/pub.1023666951,04 Earth Sciences; 0404 Geophysics,04 Earth Sciences,0404 Geophysics,,,
61,100,pub.1053690538,10.1016/j.rse.2009.10.015,,,Mapping methane emissions from a marine geological seep source using imaging spectrometry,Remote Sensing of Environment,,,2010-03-15,2010,114,3,592-606,Closed,Article,"Roberts, Dar A.; Bradley, Eliza S.; Cheung, Ross; Leifer, Ira; Dennison, Philip E.; Margolis, Jack S.","Roberts, Dar A.","Roberts, Dar A. (University of California, Santa Barbara); Bradley, Eliza S. (University of California, Santa Barbara); Cheung, Ross (University of California Los Angeles); Leifer, Ira (University of California, Santa Barbara); Dennison, Philip E. (University of Utah); Margolis, Jack S. ()",33,6,,4.97,,https://app.dimensions.ai/details/publication/pub.1053690538,09 Engineering; 0909 Geomatic Engineering; 0406 Physical Geography and Environmental Geoscience; 04 Earth Sciences; 0404 Geophysics,09 Engineering,0909 Geomatic Engineering,0406 Physical Geography and Environmental Geoscience,04 Earth Sciences,0404 Geophysics
62,100,pub.1053277510,10.1029/2009jc005602,,,Geochemical and geophysical evidence of methane release over the East Siberian Arctic Shelf,Journal of Geophysical Research,,,2010,2010,115,C8,,All OA; Gold,Article,"Shakhova, N.; Semiletov, I.; Leifer, I.; Salyuk, A.; Rekant, P.; Kosmach, D.",,"Shakhova, N. (University of Alaska Fairbanks; Russian Academy of Sciences); Semiletov, I. (University of Alaska Fairbanks; Russian Academy of Sciences); Leifer, I. (University of California, Santa Barbara); Salyuk, A. (Russian Academy of Sciences); Rekant, P. (); Kosmach, D. (Russian Academy of Sciences)",87,15,,9.06,https://agupubs.onlinelibrary.wiley.com/doi/pdf/10.1029/2009JC005602,https://app.dimensions.ai/details/publication/pub.1053277510,04 Earth Sciences; 0403 Geology,04 Earth Sciences,0403 Geology,,,
63,100,pub.1009876371,10.1029/2009jc005844,,,Characteristics and scaling of bubble plumes from marine hydrocarbon seepage in the Coal Oil Point seep field,Journal of Geophysical Research,,,2010,2010,115,C11,,All OA; Gold,Article,"Leifer, Ira",,"Leifer, Ira (University of California, Santa Barbara)",31,4,,2.96,https://agupubs.onlinelibrary.wiley.com/doi/pdf/10.1029/2009JC005844,https://app.dimensions.ai/details/publication/pub.1009876371,04 Earth Sciences; 0405 Oceanography,04 Earth Sciences,0405 Oceanography,,,
64,100,pub.1027012436,10.1175/2009jpo4135.1,,,"Engineered and Natural Marine Seep, Bubble-Driven Buoyancy Flows",Journal of Physical Oceanography,,,2009-12,2009,39,12,3071-3090,Closed,Article,"Leifer, Ira; Jeuthe, Henrik; Gjøsund, Svein Helge; Johansen, Vegar",,"Leifer, Ira (); Jeuthe, Henrik (); Gjøsund, Svein Helge (); Johansen, Vegar ()",28,4,,6.35,,https://app.dimensions.ai/details/publication/pub.1027012436,0915 Interdisciplinary Engineering; 09 Engineering,0915 Interdisciplinary Engineering,09 Engineering,,,
65,100,pub.1013542481,10.1038/ngeo574,,,Considerable methane fluxes to the atmosphere from hydrocarbon seeps in the Gulf of Mexico,Nature Geoscience,,,2009-08,2009,2,8,561-565,Closed,Article,"Solomon, Evan A.; Kastner, Miriam; MacDonald, Ian R.; Leifer, Ira","Solomon, Evan A.","Solomon, Evan A. (University of California, San Diego); Kastner, Miriam (University of California, San Diego); MacDonald, Ian R. (Texas A&M University – Corpus Christi); Leifer, Ira (University of California, Santa Barbara)",118,24,,11.82,,https://app.dimensions.ai/details/publication/pub.1013542481,0405 Oceanography; 09 Engineering; 04 Earth Sciences; 0907 Environmental Engineering,0405 Oceanography,09 Engineering,04 Earth Sciences,0907 Environmental Engineering,
66,100,pub.1041802800,10.1016/j.ijheatmasstransfer.2008.09.041,,,Falling film hydrodynamics of black liquor under evaporative conditions,International Journal of Heat and Mass Transfer,,,2009-05,2009,52,11-12,2769-2778,Closed,Article,"Johansson, M.; Leifer, I.; Vamling, L.; Olausson, L.","Johansson, M.","Johansson, M. (Chalmers University of Technology); Leifer, I. (University of California, Santa Barbara); Vamling, L. (Chalmers University of Technology); Olausson, L. ()",5,0,,1.13,,https://app.dimensions.ai/details/publication/pub.1041802800,0915 Interdisciplinary Engineering; 09 Engineering,0915 Interdisciplinary Engineering,09 Engineering,,,
67,100,pub.1039511835,10.1016/j.marchem.2009.03.004,,,Controls on methane bubble dissolution inside and outside the hydrate stability field from open ocean field experiments and numerical modeling,Marine Chemistry,,,2009-04,2009,114,1-2,19-30,Closed,Article,"Rehder, Gregor; Leifer, Ira; Brewer, Peter G.; Friederich, Gernot; Peltzer, Edward T.","Rehder, Gregor","Rehder, Gregor (); Leifer, Ira (University of California, Santa Barbara); Brewer, Peter G. (Monterey Bay Aquarium Research Institute); Friederich, Gernot (Monterey Bay Aquarium Research Institute); Peltzer, Edward T. (Monterey Bay Aquarium Research Institute)",71,18,,8.33,,https://app.dimensions.ai/details/publication/pub.1039511835,0405 Oceanography; 0402 Geochemistry; 0399 Other Chemical Sciences; 03 Chemical Sciences; 04 Earth Sciences,0405 Oceanography,0402 Geochemistry,0399 Other Chemical Sciences,03 Chemical Sciences,04 Earth Sciences
68,400,pub.1042433372,10.1016/j.marpolbul.2007.04.022,17631358,,"Beach tar accumulation, transport mechanisms, and sources of variability at Coal Oil Point, California",Marine Pollution Bulletin,,Bathing Beaches; California; Environmental Monitoring; Environmental Pollutants; Seasons; Tars; Water Movements; Wind,2007-09,2007,54,9,1461-1471,Closed,Article,"Del Sontro, Tonya S.; Leifer, Ira; Luyendyk, Bruce P.; Broitman, Bernardo R.","Del Sontro, Tonya S.","Del Sontro, Tonya S. (University of California, Santa Barbara); Leifer, Ira (University of California, Santa Barbara); Luyendyk, Bruce P. (University of California System); Broitman, Bernardo R. (University of California, Santa Barbara)",17,3,0.35,3.41,,https://app.dimensions.ai/details/publication/pub.1042433372,0914 Resources Engineering and Extractive Metallurgy; 09 Engineering,0914 Resources Engineering and Extractive Metallurgy,09 Engineering,,,
69,400,pub.1002642748,10.1016/j.marpolbul.2007.03.014,17640686,,"The tidal influence on oil and gas emissions from an abandoned oil well: Nearshore Summerland, California",Marine Pollution Bulletin,,"California; Environmental Monitoring; Extraction and Processing Industry; Petroleum; Water Movements; Water Pollutants, Chemical",2007-09,2007,54,9,1495-1506,Closed,Article,"Leifer, Ira; Wilson, Ken","Leifer, Ira","Leifer, Ira (University of California, Santa Barbara); Wilson, Ken ()",15,4,0.03,4.87,,https://app.dimensions.ai/details/publication/pub.1002642748,0911 Maritime Engineering; 09 Engineering,0911 Maritime Engineering,09 Engineering,,,
70,100,pub.1052566803,10.1016/j.jmarsys.2006.01.011,,,"Characteristics of bubble plumes, bubble-plume bubbles and waves from wind-steepened wave breaking",Journal of Marine Systems,,,2007-06,2007,66,1-4,61-70,Closed,Article,"Leifer, Ira; Caulliez, Guillemette; De Leeuw, Gerrit","Leifer, Ira","Leifer, Ira (University of California, Santa Barbara); Caulliez, Guillemette (Institut de Recherche sur les Phénomènes Hors Equilibre); De Leeuw, Gerrit (Netherlands Organisation for Applied Scientific Research)",6,0,,0.49,,https://app.dimensions.ai/details/publication/pub.1052566803,04 Earth Sciences; 0405 Oceanography,04 Earth Sciences,0405 Oceanography,,,
71,100,pub.1034405256,10.1016/j.jmarsys.2006.02.011,,,Modelling of bubble-mediated gas transfer: Fundamental principles and a laboratory test,Journal of Marine Systems,,,2007-06,2007,66,1-4,71-91,"All OA; Green, Accepted & Submitted",Article,"Woolf, D.K.; Leifer, I.S.; Nightingale, P.D.; Rhee, T.S.; Bowyer, P.; Caulliez, G.; de Leeuw, G.; Larsen, S.E.; Liddicoat, M.; Baker, J.; Andreae, M.O.","Woolf, D.K.","Woolf, D.K. (National Oceanography Centre); Leifer, I.S. (University of California, Santa Barbara); Nightingale, P.D. (Plymouth Marine Laboratory; University of East Anglia); Rhee, T.S. (Max Planck Institute for Chemistry; Korea Institute of Ocean Science and Technology); Bowyer, P. (National University of Ireland, Galway); Caulliez, G. (Institut de Recherche sur les Phénomènes Hors Equilibre); de Leeuw, G. (Netherlands Organisation for Applied Scientific Research); Larsen, S.E. (Technical University of Denmark); Liddicoat, M. (Plymouth Marine Laboratory); Baker, J. (University of East Anglia; Met Office); Andreae, M.O. (Max Planck Institute for Chemistry)",45,10,,3.69,http://orbit.dtu.dk/en/publications/modelling-of-bubblemediated-gas-transfer-fundamental-principles-and-a-laboratory-test(db735d0d-b4ee-40f2-88e6-fdf9f727c81d).html,https://app.dimensions.ai/details/publication/pub.1034405256,04 Earth Sciences; 0405 Oceanography,04 Earth Sciences,0405 Oceanography,,,
72,200,pub.1062313169,10.1121/1.2401227,,,The acoustic signature of marine seep bubbles,The Journal of the Acoustical Society of America,,,2007-01,2007,121,1,el35-el40,All OA; Gold,Article,"Leifer, Ira; Tang, Dajun",,"Leifer, Ira (); Tang, Dajun ()",26,3,,,https://asa.scitation.org/doi/pdf/10.1121/1.2401227,https://app.dimensions.ai/details/publication/pub.1062313169,,,,,,
73,100,pub.1044499828,10.1029/2005gb002668,,,Natural marine seepage blowout: Contribution to atmospheric methane,Global Biogeochemical Cycles,,,2006-09,2006,20,3,n/a-n/a,All OA; Gold,Article,"Leifer, Ira; Luyendyk, Bruce P.; Boles, Jim; Clark, Jordan F.",,"Leifer, Ira (University of California, Santa Barbara); Luyendyk, Bruce P. (University of California, Santa Barbara); Boles, Jim (University of California, Santa Barbara); Clark, Jordan F. (University of California, Santa Barbara)",84,6,,6.3,https://agupubs.onlinelibrary.wiley.com/doi/pdf/10.1029/2005GB002668,https://app.dimensions.ai/details/publication/pub.1044499828,04 Earth Sciences; 0405 Oceanography,04 Earth Sciences,0405 Oceanography,,,
74,100,pub.1007573358,10.1016/j.marpetgeo.2006.05.001,,,"Tracking an oil slick from multiple natural sources, Coal Oil Point, California",Marine and Petroleum Geology,,,2006-06,2006,23,5,621-630,Closed,Article,"Leifer, Ira; Luyendyk, Bruce; Broderick, Kris","Leifer, Ira","Leifer, Ira (University of California, Santa Barbara); Luyendyk, Bruce (University of California, Santa Barbara); Broderick, Kris ()",23,6,,1.73,,https://app.dimensions.ai/details/publication/pub.1007573358,04 Earth Sciences; 0405 Oceanography,04 Earth Sciences,0405 Oceanography,,,
75,100,pub.1037365324,10.1016/j.epsl.2006.01.047,,,In situ sensing of methane emissions from natural marine hydrocarbon seeps: A potential remote sensing technology,Earth and Planetary Science Letters,,,2006-05,2006,245,3-4,509-522,Closed,Article,"Leifer, Ira; Roberts, Dar; Margolis, Jack; Kinnaman, Frank","Leifer, Ira","Leifer, Ira (University of California, Santa Barbara); Roberts, Dar (University of California, Santa Barbara); Margolis, Jack (); Kinnaman, Frank (University of California, Santa Barbara)",16,0,,,,https://app.dimensions.ai/details/publication/pub.1037365324,02 Physical Sciences; 04 Earth Sciences,02 Physical Sciences,04 Earth Sciences,,,
76,200,pub.1043462907,10.1016/j.marpetgeo.2006.02.006,,,"Corrigendum to: Measurement of marine hydrocarbon seep flow through fractured rock and unconsolidated sediment [Marine and Petroleum Geology 22 (2005), 551–558]",Marine and Petroleum Geology,,,2006-04,2006,23,3,401,Closed,Article,"Leifer, Ira; Boles, Jim","Leifer, Ira","Leifer, Ira (University of California, Santa Barbara); Boles, Jim (University of California System)",3,1,,0.36,,https://app.dimensions.ai/details/publication/pub.1043462907,0403 Geology; 04 Earth Sciences; 0404 Geophysics,0403 Geology,04 Earth Sciences,0404 Geophysics,,
77,100,pub.1044110215,10.1029/2004jc002673,,,Bubbles generated from wind‐steepened breaking waves: 1. Bubble plume bubbles,Journal of Geophysical Research,,,2006,2006,111,C6,,All OA; Gold,Article,"Leifer, Ira; de Leeuw, Gerrit",,"Leifer, Ira (University of California, Santa Barbara); de Leeuw, Gerrit ()",36,1,,7.83,https://agupubs.onlinelibrary.wiley.com/doi/pdf/10.1029/2004JC002673,https://app.dimensions.ai/details/publication/pub.1044110215,0915 Interdisciplinary Engineering; 09 Engineering,0915 Interdisciplinary Engineering,09 Engineering,,,
78,100,pub.1008104417,10.1029/2006eo220001,,,Shallow seabed methane gas could pose coastal hazard,Eos,,,2006,2006,87,22,213-217,All OA; Gold,Article,"Best, Angus I.; Richardson, Michael D.; Boudreau, Bernard P.; Judd, Alan G.; Leifer, Ira; Lyons, Anthony P.; Martens, Christopher S.; Orange, Danial L.; Wheeler, Simon J.",,"Best, Angus I. (); Richardson, Michael D. (United States Naval Research Laboratory); Boudreau, Bernard P. (Dalhousie University); Judd, Alan G. (); Leifer, Ira (University of California, Santa Barbara); Lyons, Anthony P. (Pennsylvania State University); Martens, Christopher S. (University of North Carolina System); Orange, Danial L. (); Wheeler, Simon J. (University of Glasgow)",29,10,,3.19,https://agupubs.onlinelibrary.wiley.com/doi/pdf/10.1029/2006EO220001,https://app.dimensions.ai/details/publication/pub.1008104417,0405 Oceanography; 0402 Geochemistry; 0406 Physical Geography and Environmental Geoscience; 0403 Geology; 04 Earth Sciences,0405 Oceanography,0402 Geochemistry,0406 Physical Geography and Environmental Geoscience,0403 Geology,04 Earth Sciences
79,100,pub.1003082604,10.1029/2004jc002676,,,"Bubbles generated from wind‐steepened breaking waves: 2. Bubble plumes, bubbles, and wave characteristics",Journal of Geophysical Research,,,2006,2006,111,C6,,All OA; Gold,Article,"Leifer, Ira; Caulliez, Guillemette; de Leeuw, Gerrit",,"Leifer, Ira (University of California, Santa Barbara); Caulliez, Guillemette (Institut de Recherche sur les Phénomènes Hors Equilibre); de Leeuw, Gerrit ()",29,1,,2.18,https://agupubs.onlinelibrary.wiley.com/doi/pdf/10.1029/2004JC002676,https://app.dimensions.ai/details/publication/pub.1003082604,04 Earth Sciences; 0405 Oceanography,04 Earth Sciences,0405 Oceanography,,,
80,100,pub.1028146754,10.7901/2169-3358-2005-1-849,,,"FACTORS AFFECTING MARINE HYDROCARBON EMISSIONS IN AN AREA OF NATURAL SEEPS AND ABANDONED OIL WELLS - SUMMERLAND, CALIFORNIA",International Oil Spill Conference Proceedings,,,2005-05,2005,2005,1,849-853,Closed,Article,"Leifer, Ira; Wilson, Ken; Tarpley, John; Lewis, Robin; Imai, Randy; Sowby, Michael; Mayer, Ken; Moore, Carlton",,"Leifer, Ira (University of California, Santa Barbara); Wilson, Ken (); Tarpley, John (); Lewis, Robin (); Imai, Randy (); Sowby, Michael (); Mayer, Ken (); Moore, Carlton ()",4,1,,0.85,,https://app.dimensions.ai/details/publication/pub.1028146754,0915 Interdisciplinary Engineering; 09 Engineering,0915 Interdisciplinary Engineering,09 Engineering,,,
81,100,pub.1017955283,10.7901/2169-3358-2005-1-855,,,"Time Evolution Of Beach Tar, Oil Slicks, And Seeps In The Coal Oil Point Seep Field, Santa Barbara Channel, California",International Oil Spill Conference Proceedings,,,2005-05,2005,2005,1,855-860,Closed,Article,"Leifer, Ira; Del Sontro, Tonya; Luyendyk, Bruce; Broderick, Kris",,"Leifer, Ira (); Del Sontro, Tonya (); Luyendyk, Bruce (); Broderick, Kris ()",2,1,,0.42,,https://app.dimensions.ai/details/publication/pub.1017955283,0915 Interdisciplinary Engineering; 09 Engineering,0915 Interdisciplinary Engineering,09 Engineering,,,
82,100,pub.1002630992,10.1016/j.marpetgeo.2004.10.026,,,Measurement of marine hydrocarbon seep flow through fractured rock and unconsolidated sediment,Marine and Petroleum Geology,,,2005-04,2005,22,4,551-568,Closed,Article,"Leifer, Ira; Boles, Jim","Leifer, Ira","Leifer, Ira (University of California, Santa Barbara); Boles, Jim (University of California, Santa Barbara)",55,5,,6.06,,https://app.dimensions.ai/details/publication/pub.1002630992,0403 Geology; 04 Earth Sciences; 0404 Geophysics,0403 Geology,04 Earth Sciences,0404 Geophysics,,
83,200,pub.1098737167,10.1061/40761(175)88,,,"Tracking Seep Oil from Seabed to Sea Surface and Beyond at Coal Oil Point, California",,California and the World Ocean '02,,2005-03-16,2005,,,1005-1019,Closed,Proceeding,"Leifer, Ira; Luyendyk, Bruce; Broderick, Kris",,"Leifer, Ira (); Luyendyk, Bruce (); Broderick, Kris ()",1,0,,,,https://app.dimensions.ai/details/publication/pub.1098737167,,,,,,
84,100,pub.1046303990,10.1029/2003jc002207,,,Turbine tent measurements of marine hydrocarbon seeps on subhourly timescales,Journal of Geophysical Research,,,2005,2005,110,C1,,All OA; Gold,Article,"Leifer, Ira; Boles, Jim",,"Leifer, Ira (University of California, Santa Barbara); Boles, Jim (University of California, Santa Barbara)",28,4,,5.92,https://agupubs.onlinelibrary.wiley.com/doi/pdf/10.1029/2003JC002207,https://app.dimensions.ai/details/publication/pub.1046303990,0915 Interdisciplinary Engineering; 09 Engineering,0915 Interdisciplinary Engineering,09 Engineering,,,
85,100,pub.1007161923,10.1007/s00254-004-1091-3,,,Transient discharges from marine hydrocarbon seeps: spatial and temporal variability,Environmental Earth Sciences,,,2004-11,2004,46,8,1038-1052,Closed,Article,"Leifer, I.; Boles, J. R.; Luyendyk, B. P.; Clark, J. F.","Leifer, I.","Leifer, I. (University of California, Santa Barbara); Boles, J. R. (University of California, Santa Barbara); Luyendyk, B. P. (University of California, Santa Barbara); Clark, J. F. (University of California, Santa Barbara)",55,4,,6.46,,https://app.dimensions.ai/details/publication/pub.1007161923,09 Engineering; 0907 Environmental Engineering,09 Engineering,0907 Environmental Engineering,,,
86,100,pub.1012701940,10.4031/002533204787511228,,,"Quantified Marine Oil Emissions with a Video-Monitored, Oil Seep-Tent",Marine Technology Society Journal,,,2004-09-01,2004,38,3,44-53,Closed,Article,"Leifer, Ira; Wilson, Ken",,"Leifer, Ira (); Wilson, Ken ()",5,2,,1.02,,https://app.dimensions.ai/details/publication/pub.1012701940,0915 Interdisciplinary Engineering; 09 Engineering,0915 Interdisciplinary Engineering,09 Engineering,,,
87,400,pub.1017512326,10.1111/j.1462-2920.2004.00613.x,15250882,,Bacterial diversity in marine hydrocarbon seep sediments,Environmental Microbiology,,"Bacteria; Biodiversity; Carbon; DNA Fingerprinting; DNA, Bacterial; DNA, Ribosomal; Gammaproteobacteria; Genes, rRNA; Geologic Sediments; Hydrocarbons; Molecular Sequence Data; Nitrogen; Petroleum; Phylogeny; Polymerase Chain Reaction; RNA, Ribosomal, 16S; Selection, Genetic; Sequence Analysis, DNA; Water Microbiology",2004-08,2004,6,8,799-808,Closed,Article,"LaMontagne, Michael G.; Leifer, Ira; Bergmann, Sandra; Van De Werfhorst, Laurie C.; Holden, Patricia A.",,"LaMontagne, Michael G. (University of California, Santa Barbara); Leifer, Ira (University of California, Santa Barbara); Bergmann, Sandra (University of California, Santa Barbara); Van De Werfhorst, Laurie C. (University of California, Santa Barbara); Holden, Patricia A. (University of California, Santa Barbara)",50,7,1,3.79,,https://app.dimensions.ai/details/publication/pub.1017512326,0605 Microbiology; 0602 Ecology; 06 Biological Sciences,0605 Microbiology,0602 Ecology,06 Biological Sciences,,
88,100,pub.1038554283,10.1007/s00367-003-0137-y,,,Compositional changes in natural gas bubble plumes: observations from the Coal Oil Point marine hydrocarbon seep field,Geo-Marine Letters,,,2003-12,2003,23,3-4,187-193,"All OA; Green, Accepted & Submitted",Article,"Clark, Jordan F.; Leifer, Ira; Washburn, Libe; Luyendyk, Bruce P.","Clark, Jordan F.","Clark, Jordan F. (University of California, Santa Barbara); Leifer, Ira (University of California, Santa Barbara); Washburn, Libe (University of California, Santa Barbara); Luyendyk, Bruce P. (University of California, Santa Barbara)",32,1,,2.34,https://escholarship.org/content/qt5j26g0h4/qt5j26g0h4.pdf?t=o1ytsu,https://app.dimensions.ai/details/publication/pub.1038554283,04 Earth Sciences; 0405 Oceanography,04 Earth Sciences,0405 Oceanography,,,
89,100,pub.1012444135,10.1016/j.ces.2003.08.016,,,Calibrating optical bubble size by the displaced-mass method,Chemical Engineering Science,,,2003-12,2003,58,23-24,5211-5216,Closed,Article,"Leifer, Ira; de Leeuw, Gerrit; Kunz, Gerard; Cohen, Leo H.","Leifer, Ira","Leifer, Ira (University of California, Santa Barbara); de Leeuw, Gerrit (); Kunz, Gerard (); Cohen, Leo H. ()",23,0,,4.16,,https://app.dimensions.ai/details/publication/pub.1012444135,0914 Resources Engineering and Extractive Metallurgy; 09 Engineering; 0904 Chemical Engineering; 0913 Mechanical Engineering,0914 Resources Engineering and Extractive Metallurgy,09 Engineering,0904 Chemical Engineering,0913 Mechanical Engineering,
90,400,pub.1049133498,10.1016/s0166-445x(03)00135-8,12946616,,"Biochemical effects of petroleum exposure in hornyhead turbot (Pleuronichthys verticalis) exposed to a gradient of sediments collected from a natural petroleum seep in CA, USA",Aquatic Toxicology,,"Animals; California; Comet Assay; Cytochrome P-450 CYP1A1; DNA Damage; Environmental Exposure; Estradiol; Female; Fish Diseases; Flatfishes; Geologic Sediments; Linear Models; Liver; Male; Petroleum; Polycyclic Aromatic Hydrocarbons; Water Pollutants, Chemical",2003-10,2003,65,2,159-169,Closed,Article,"Roy, Luke A; Steinert, Scott; Bay, Steve M; Greenstein, Darrin; Sapozhnikova, Yelena; Bawardi, Ola; Leifer, Ira; Schlenk, Daniel","Schlenk, Daniel","Roy, Luke A (University of California, Riverside); Steinert, Scott (); Bay, Steve M (University of California, Riverside; Southern California Coastal Water Research Project); Greenstein, Darrin (University of California, Riverside; Southern California Coastal Water Research Project); Sapozhnikova, Yelena (University of California, Riverside); Bawardi, Ola (University of California, Riverside); Leifer, Ira (University of California, Santa Barbara); Schlenk, Daniel (University of California, Riverside)",33,2,1.2,,,https://app.dimensions.ai/details/publication/pub.1049133498,03 Chemical Sciences; 05 Environmental Sciences; 06 Biological Sciences,03 Chemical Sciences,05 Environmental Sciences,06 Biological Sciences,,
91,100,pub.1029380716,10.1175/1520-0426(2003)020<1317:omobsd>2.0.co;2,,,Optical Measurement of Bubbles: System Design and Application,Journal of Atmospheric and Oceanic Technology,,,2003-09,2003,20,9,1317-1332,"All OA; Green, Accepted & Submitted",Article,"Leifer, Ira; de Leeuw, Gerrit; Cohen, Leo H.",,"Leifer, Ira (); de Leeuw, Gerrit (); Cohen, Leo H. ()",59,1,,6.98,http://publications.tno.nl/publication/34610133/9WhUin/leifer-2003-optical.pdf,https://app.dimensions.ai/details/publication/pub.1029380716,0911 Maritime Engineering; 09 Engineering; 0405 Oceanography; 04 Earth Sciences; 0401 Atmospheric Sciences,0911 Maritime Engineering,09 Engineering,0405 Oceanography,04 Earth Sciences,0401 Atmospheric Sciences
92,100,pub.1030721553,10.1016/s0012-821x(03)00173-0,,,Dynamics of the gas flux from shallow gas hydrate deposits: interaction between oily hydrate bubbles and the oceanic environment,Earth and Planetary Science Letters,,,2003-05,2003,210,3-4,411-424,Closed,Article,"Leifer, Ira; MacDonald, Ian","Leifer, Ira","Leifer, Ira (University of California, Santa Barbara); MacDonald, Ian (Texas A&M University)",102,9,,,,https://app.dimensions.ai/details/publication/pub.1030721553,02 Physical Sciences; 04 Earth Sciences,02 Physical Sciences,04 Earth Sciences,,,
93,100,pub.1016629047,10.1029/2003eo370007,,,Identifying future directions for subsurface hydrocarbon migration research,Eos,,,2003,2003,84,37,364-371,All OA; Gold,Article,"Leifer, I.; Clark, J. F.; Luyendyk, B.; Valentine, D.",,"Leifer, I. (University of California, Santa Barbara); Clark, J. F. (University of California, Santa Barbara); Luyendyk, B. (University of California, Santa Barbara); Valentine, D. (University of California, Santa Barbara)",2,1,,0.15,https://agupubs.onlinelibrary.wiley.com/doi/pdf/10.1029/2003EO370007,https://app.dimensions.ai/details/publication/pub.1016629047,0602 Ecology; 06 Biological Sciences,0602 Ecology,06 Biological Sciences,,,
94,100,pub.1031477425,10.1046/j.1365-3121.2002.00442.x,,,Oceanic methane layers: the hydrocarbon seep bubble deposition hypothesis,Terra Nova,,,2002-12,2002,14,6,417-424,Closed,Article,"Leifer, I.; Judd, A. G.",,"Leifer, I. (University of California, Santa Barbara); Judd, A. G. (University of Sunderland)",43,4,,,,https://app.dimensions.ai/details/publication/pub.1031477425,04 Earth Sciences,04 Earth Sciences,,,,
95,100,pub.1022407237,10.1016/s0278-4343(02)00065-1,,,The bubble mechanism for methane transport from the shallow sea bed to the surface: A review and sensitivity study,Continental Shelf Research,,,2002-11,2002,22,16,2409-2428,Closed,Article,"Leifer, Ira; Patro, Ranjan Kumar","Leifer, Ira","Leifer, Ira (University of California, Santa Barbara); Patro, Ranjan Kumar (Memorial University of Newfoundland)",180,25,,,,https://app.dimensions.ai/details/publication/pub.1022407237,04 Earth Sciences; 06 Biological Sciences,04 Earth Sciences,06 Biological Sciences,,,
96,100,pub.1053251053,10.1046/j.1468-8123.2002.00023.x,,,Transfer of hydrocarbons from natural seeps to the water column and atmosphere,Geofluids,,,2002-05,2002,2,2,95-107,All OA; Gold,Article,"MacDonald, I. R.; Leifer, I.; Sassen, R.; Stine, P.; Mitchell, R.; Guinasso, N.",,"MacDonald, I. R. (Texas A&M University); Leifer, I. (University of California, Santa Barbara); Sassen, R. (Texas A&M University); Stine, P. (Texas A&M University); Mitchell, R. (); Guinasso, N. (Texas A&M University)",132,22,,11.86,https://onlinelibrary.wiley.com/doi/pdf/10.1046/j.1468-8123.2002.00023.x,https://app.dimensions.ai/details/publication/pub.1053251053,04 Earth Sciences; 0403 Geology,04 Earth Sciences,0403 Geology,,,
97,100,pub.1033438532,10.1029/gm127p0315,,,Better Bubble Process Modeling: Improved Bubble Hydrodynamics Parameterization,Geophysical Monograph Series,Gas Transfer at Water Surfaces,,2002-01-01,2002,,,315-320,"All OA; Green, Published",Chapter,"Patro, Ranjan; Leifer, Ira; Bowyer, Peter",,"Patro, Ranjan (Memorial University of Newfoundland); Leifer, Ira (University of California, Santa Barbara); Bowyer, Peter (National University of Ireland, Galway)",24,2,,2.94,http://www.angelfire.com/ri/rpatro/research/Bubble/patroetal.pdf,https://app.dimensions.ai/details/publication/pub.1033438532,17 Psychology and Cognitive Sciences; 1701 Psychology,17 Psychology and Cognitive Sciences,1701 Psychology,,,
98,100,pub.1025889973,10.1029/gm127p0295,,,Bubbles Outside the Plume During the LUMINY Wind‐Wave Experiment,Geophysical Monograph Series,Gas Transfer at Water Surfaces,,2002-01-01,2002,,,295-301,Closed,Chapter,"de Leeuw, Gerrit; Leifer, Ira",,"de Leeuw, Gerrit (Netherlands Organisation for Applied Scientific Research); Leifer, Ira (University of California, Santa Barbara)",9,1,,,,https://app.dimensions.ai/details/publication/pub.1025889973,,,,,,
99,100,pub.1021504568,10.1029/gm127p0303,,,Bubble Measurements in Breaking‐Wave Generated Bubble Plumes During the LUMINY Wind‐Wave Experiment,Geophysical Monograph Series,Gas Transfer at Water Surfaces,,2002-01-01,2002,,,303-309,Closed,Chapter,"Leifer, Ira; de Leeuw, Gerrit",,"Leifer, Ira (University of California, Santa Barbara); de Leeuw, Gerrit (Netherlands Organisation for Applied Scientific Research)",11,0,,3.3,,https://app.dimensions.ai/details/publication/pub.1021504568,0911 Maritime Engineering; 09 Engineering,0911 Maritime Engineering,09 Engineering,,,
100,100,pub.1012790343,10.1029/gm127p0291,,,LUMINY ‐ An Overview,Geophysical Monograph Series,Gas Transfer at Water Surfaces,,2002-01-01,2002,,,291-294,Closed,Chapter,"de Leeuw, G.; Kunz, G.J.; Caulliez, G.; Woolf, D.K.; Bowver, P.; Leifer, I.; Nightingale, P.; Liddicoat, M.; Rhee, T.S.; Andreae, M.O.; Larsen, S.E.; Hansen, F.Aa; Lun, S.",,"de Leeuw, G. (Netherlands Organisation for Applied Scientific Research); Kunz, G.J. (Netherlands Organisation for Applied Scientific Research); Caulliez, G. (Institut de Recherche sur les Phénomènes Hors Equilibre); Woolf, D.K. (National Oceanography Centre); Bowver, P. (National University of Ireland, Galway); Leifer, I. (University of California, Santa Barbara); Nightingale, P. (Plymouth Marine Laboratory); Liddicoat, M. (Plymouth Marine Laboratory); Rhee, T.S. (Texas A&M University); Andreae, M.O. (); Larsen, S.E. (Technical University of Denmark); Hansen, F.Aa (Technical University of Denmark); Lun, S. (Technical University of Denmark)",13,0,,,,https://app.dimensions.ai/details/publication/pub.1012790343,,,,,,
101,100,pub.1038206498,10.1029/2000jc000774,,,"Temporal variation in natural methane seep rate due to tides, Coal Oil Point area, California",Journal of Geophysical Research,,,2001-11-15,2001,106,C11,27077-27086,All OA; Gold,Article,"Boles, J. R.; Clark, J. F.; Leifer, I.; Washburn, L.",,"Boles, J. R. (); Clark, J. F. (); Leifer, I. (); Washburn, L. ()",84,10,,15.58,https://agupubs.onlinelibrary.wiley.com/doi/pdf/10.1029/2000JC000774,https://app.dimensions.ai/details/publication/pub.1038206498,0915 Interdisciplinary Engineering; 09 Engineering,0915 Interdisciplinary Engineering,09 Engineering,,,
102,100,pub.1049419680,10.1029/2000gl012135,,,Secondary bubble production from breaking waves: The bubble burst mechanism,Geophysical Research Letters,,,2000-12-15,2000,27,24,4077-4080,All OA; Gold,Article,"Leifer, Ira; de Leeuw, Gerrit; Cohen, L. H.",,"Leifer, Ira (University of California, Santa Barbara); de Leeuw, Gerrit (); Cohen, L. H. ()",18,2,,3.31,https://agupubs.onlinelibrary.wiley.com/doi/pdf/10.1029/2000GL012135,https://app.dimensions.ai/details/publication/pub.1049419680,0915 Interdisciplinary Engineering; 09 Engineering,0915 Interdisciplinary Engineering,09 Engineering,,,
103,100,pub.1009700432,10.1029/2000gl011619,,,Modifications of the local environment by natural marine hydrocarbon seeps,Geophysical Research Letters,,,2000-11-15,2000,27,22,3711-3714,All OA; Gold,Article,"Leifer, Ira; Clark, Jordan F.; Chen, Robert F.",,"Leifer, Ira (University of California, Santa Barbara); Clark, Jordan F. (University of California, Santa Barbara); Chen, Robert F. (University of Massachusetts Boston)",63,4,,11.6,https://agupubs.onlinelibrary.wiley.com/doi/pdf/10.1029/2000GL011619,https://app.dimensions.ai/details/publication/pub.1009700432,0915 Interdisciplinary Engineering; 09 Engineering,0915 Interdisciplinary Engineering,09 Engineering,,,
104,100,pub.1018925081,10.1175/1520-0426(2000)017<1392:asottv>2.0.co;2,,,A Study on the Temperature Variation of Rise Velocity for Large Clean Bubbles,Journal of Atmospheric and Oceanic Technology,,,2000-10,2000,17,10,1392-1402,Closed,Article,"Leifer, Ira; Patro, Ranjan K.; Bowyer, Peter",,"Leifer, Ira (); Patro, Ranjan K. (); Bowyer, Peter ()",76,10,,13.99,,https://app.dimensions.ai/details/publication/pub.1018925081,0915 Interdisciplinary Engineering; 09 Engineering,0915 Interdisciplinary Engineering,09 Engineering,,,
