,"""About the data: Exported on Nov 01, 2019. Criteria: Researcher is Susan J Mazer. © 2019 Digital Science and Research Solutions Inc. All rights reserved. Unless otherwise agreed, redistribution / external use of this work is not permitted.""
",Unnamed: 1,Unnamed: 2,Unnamed: 3,Unnamed: 4,Unnamed: 5,Unnamed: 6,Unnamed: 7,Unnamed: 8,Unnamed: 9,Unnamed: 10,Unnamed: 11,Unnamed: 12,Unnamed: 13,Unnamed: 14,Unnamed: 15,Unnamed: 16,Unnamed: 17,Unnamed: 18,Unnamed: 19,Unnamed: 20,Unnamed: 21,Unnamed: 22,Unnamed: 23,Unnamed: 24,Unnamed: 25,Unnamed: 26,Unnamed: 27,Unnamed: 28,Unnamed: 29,Unnamed: 30
0,Rank,Publication ID,DOI,PMID,PMCID,Title,Source title,Anthology title,MeSH terms,Publication Date,PubYear,Volume,Issue,Pagination,Open Access,Publication Type,Authors,Corresponding Author,Authors Affiliations,Times cited,Recent citations,RCR,FCR,Source Linkout,Dimensions URL,FOR (ANZSRC) Categories,FOR 1,FOR 2,FOR 3,FOR 4,FOR 5
1,500,pub.1117967273,10.1002/aps3.11276,31346508,PMC6636619,A new phenological metric for use in pheno‐climatic models: A case study using herbarium specimens of Streptanthus tortuosus,Applications in Plant Sciences,,,2019-07-12,2019,7,7,e11276,All OA; Gold,Article,"Love, Natalie L. Rossington; Park, Isaac W.; Mazer, Susan J.",,"Love, Natalie L. Rossington (University of California, Santa Barbara); Park, Isaac W. (University of California, Santa Barbara); Mazer, Susan J. (University of California, Santa Barbara)",0,0,,,https://bsapubs.onlinelibrary.wiley.com/doi/pdf/10.1002/aps3.11276,https://app.dimensions.ai/details/publication/pub.1117967273,0703 Crop and Pasture Production; 07 Agricultural and Veterinary Sciences,0703 Crop and Pasture Production,07 Agricultural and Veterinary Sciences,,,
2,200,pub.1116685949,10.3120/0024-9637-66.1.36,,,"2019 GRADUATE STUDENT SYMPOSIUM AT CAL POLY, SAN LUIS OBISPO",Madroño,,,2019-06-05,2019,66,1,36-36,Closed,Article,"Mazer, Susan J.",,"Mazer, Susan J. (University of California, Santa Barbara)",0,0,,,,https://app.dimensions.ai/details/publication/pub.1116685949,0607 Plant Biology; 06 Biological Sciences,0607 Plant Biology,06 Biological Sciences,,,
3,500,pub.1113703030,10.1002/ajb2.1274,31022312,,Floral traits influence the opportunity for selection among male gametophytes: independent and combined effects of style length and petal area,American Journal of Botany,,,2019-05,2019,106,5,744-753,Closed,Article,"Mazer, Susan J.; Chellew, Joseph P.; Peach, Kristen",,"Mazer, Susan J. (University of California, Santa Barbara); Chellew, Joseph P. (University of California, Santa Barbara); Peach, Kristen (University of California, Santa Barbara)",0,0,,,,https://app.dimensions.ai/details/publication/pub.1113703030,0604 Genetics; 06 Biological Sciences,0604 Genetics,06 Biological Sciences,,,
4,100,pub.1111953249,10.1111/jvs.12730,,,Testing mechanisms of compensatory fitness of dioecy in a cosexual world,Journal of Vegetation Science,,,2019-05,2019,30,3,413-426,Closed,Article,"Wang, Yunyun; Mazer, Susan J.; Freckleton, Robert P.; Yuan, Zuoqiang; Wang, Xugao; Du, Yanjun; Lin, Luxiang; Wang, Xihua; Sang, Weiguo; Liu, Xiaojuan; Hao, Zhanqing",,"Wang, Yunyun (Institute of Applied Ecology); Mazer, Susan J. (University of California, Santa Barbara); Freckleton, Robert P. (University of Sheffield); Yuan, Zuoqiang (Institute of Applied Ecology); Wang, Xugao (Institute of Applied Ecology); Du, Yanjun (Institute of Botany); Lin, Luxiang (Xishuangbanna Tropical Botanical Garden); Wang, Xihua (East China Normal University); Sang, Weiguo (Institute of Botany); Liu, Xiaojuan (Institute of Botany); Hao, Zhanqing (Institute of Applied Ecology)",0,0,,,,https://app.dimensions.ai/details/publication/pub.1111953249,0604 Genetics; 0602 Ecology; 06 Biological Sciences,0604 Genetics,0602 Ecology,06 Biological Sciences,,
5,100,pub.1113241359,10.1111/geb.12916,,,Climate affects the rate at which species successively flower: Capturing an emergent property of regional floras,Global Ecology and Biogeography,,,2019-04-04,2019,28,8,1078-1092,Closed,Article,"Park, Isaac W.; Mazer, Susan J.",,"Park, Isaac W. (University of California, Santa Barbara); Mazer, Susan J. (University of California, Santa Barbara)",1,1,,,,https://app.dimensions.ai/details/publication/pub.1113241359,05 Environmental Sciences; 0502 Environmental Science and Management,05 Environmental Sciences,0502 Environmental Science and Management,,,
6,500,pub.1112941081,10.1002/ajb2.1262,30901494,,Heteranthery in Clarkia: pollen performance of dimorphic anthers contradicts expectations,American Journal of Botany,,,2019-04,2019,106,4,598-603,Closed,Article,"Peach, Kristen; Mazer, Susan J.",,"Peach, Kristen (University of California, Santa Barbara); Mazer, Susan J. (University of California, Santa Barbara)",0,0,,,,https://app.dimensions.ai/details/publication/pub.1112941081,0602 Ecology; 06 Biological Sciences,0602 Ecology,06 Biological Sciences,,,
7,100,pub.1117730107,10.3120/0024-9637-65.4.201,,,"2019 GRADUATE STUDENT SYMPOSIUM AT CAL POLY, SAN LUIS OBIPSO",Madroño,,,2019-04,2019,65,4,201-201,Closed,Article,"Mazer, Susan J.",,"Mazer, Susan J. (University of California, Santa Barbara)",0,0,,,,https://app.dimensions.ai/details/publication/pub.1117730107,0607 Plant Biology; 06 Biological Sciences,0607 Plant Biology,06 Biological Sciences,,,
8,500,pub.1112701819,10.1002/aps3.1230,30937222,PMC6426163,PhenoForecaster: A software package for the prediction of flowering phenology,Applications in Plant Sciences,,,2019-03,2019,7,3,e01230,All OA; Gold,Article,"Park, Isaac; Jones, Alex; Mazer, Susan J.",,"Park, Isaac (University of California, Santa Barbara); Jones, Alex (University of California, Santa Barbara); Mazer, Susan J. (University of California, Santa Barbara)",5,5,,,https://bsapubs.onlinelibrary.wiley.com/doi/pdf/10.1002/aps3.1230,https://app.dimensions.ai/details/publication/pub.1112701819,0703 Crop and Pasture Production; 07 Agricultural and Veterinary Sciences,0703 Crop and Pasture Production,07 Agricultural and Veterinary Sciences,,,
9,100,pub.1111582396,10.1080/17550874.2019.1569170,,,Pollinator limitation causes sexual reproductive failure in ex situ populations of self-compatible Iris ensata,Plant Ecology & Diversity,,,2019-01-02,2019,12,1,21-35,Closed,Article,"Xiao, Yue-E; Jin, Dongmei; Jiang, Kai; Hu, Yong-Hong; Tong, Xin; Mazer, Susan J.; Chen, Xiao-Yong",,"Xiao, Yue-E (East China Normal University); Jin, Dongmei (Chinese Academy of Sciences); Jiang, Kai (Chinese Academy of Sciences); Hu, Yong-Hong (Chinese Academy of Sciences); Tong, Xin (East China Normal University); Mazer, Susan J. (University of California, Santa Barbara); Chen, Xiao-Yong (East China Normal University)",0,0,,,,https://app.dimensions.ai/details/publication/pub.1111582396,0604 Genetics; 06 Biological Sciences,0604 Genetics,06 Biological Sciences,,,
10,500,pub.1106948262,10.1111/gcb.14447,30218548,,Overlooked climate parameters best predict flowering onset: Assessing phenological models using the elastic net,Global Change Biology,,Climate; Climate Change; Flowers; Magnoliopsida; North America; Plant Development; Seasons; Snow; Temperature,2018-12,2018,24,12,5972-5984,Closed,Article,"Park, Isaac W.; Mazer, Susan J.",,"Park, Isaac W. (University of California, Santa Barbara); Mazer, Susan J. (University of California, Santa Barbara)",8,8,,,,https://app.dimensions.ai/details/publication/pub.1106948262,0607 Plant Biology; 06 Biological Sciences,0607 Plant Biology,06 Biological Sciences,,,
11,500,pub.1093140154,10.1093/aob/mcx197,29351591,PMC5853010,Could seasonally deteriorating environments favour the evolution of autogamous selfing and a drought escape physiology through indirect selection? A test of the time limitation hypothesis using artificial selection in Clarkia.,Annals of Botany,,"Biological Evolution; Clarkia; Dehydration; Environment; Flowers; Models, Biological; Pollination; Reproduction; Selection, Genetic; Self-Fertilization",2018-03-14,2018,121,4,753-766,"All OA; Green, Published",Article,"Emms, Simon K; Hove, Alisa A; Dudley, Leah S; Mazer, Susan J; Verhoeven, Amy S",,"Emms, Simon K (University of St. Thomas - Minnesota); Hove, Alisa A (Warren Wilson College); Dudley, Leah S (University of Wisconsin–Stout); Mazer, Susan J (University of California, Santa Barbara); Verhoeven, Amy S (University of St. Thomas - Minnesota)",3,3,,,https://www.ncbi.nlm.nih.gov/pmc/articles/PMC5853010,https://app.dimensions.ai/details/publication/pub.1093140154,0604 Genetics; 0602 Ecology; 06 Biological Sciences,0604 Genetics,0602 Ecology,06 Biological Sciences,,
12,500,pub.1100556869,10.1111/evo.13429,29359333,,Divergence in pollen performance between Clarkia sister species with contrasting mating systems supports predictions of sexual selection,Evolution,,"Clarkia; Pollen; Pollination; Reproduction, Asexual; Selection, Genetic",2018-03,2018,72,3,453-472,Closed,Article,"Mazer, Susan J.; Hendrickson, Brandon T.; Chellew, Joseph P.; Kim, Lynn J.; Liu, Jasen W.; Shu, Jasper; Sharma, Manju V.",,"Mazer, Susan J. (); Hendrickson, Brandon T. (); Chellew, Joseph P. (); Kim, Lynn J. (); Liu, Jasen W. (); Shu, Jasper (); Sharma, Manju V. ()",4,3,,,,https://app.dimensions.ai/details/publication/pub.1100556869,0604 Genetics; 0602 Ecology; 06 Biological Sciences; 0603 Evolutionary Biology,0604 Genetics,0602 Ecology,06 Biological Sciences,0603 Evolutionary Biology,
13,500,pub.1101262570,10.1002/aps3.1022,29732253,PMC5851559,Digitization protocol for scoring reproductive phenology from herbarium specimens of seed plants,Applications in Plant Sciences,,,2018-02,2018,6,2,e1022,All OA; Gold,Article,"Yost, Jennifer M.; Sweeney, Patrick W.; Gilbert, Ed; Nelson, Gil; Guralnick, Robert; Gallinat, Amanda S.; Ellwood, Elizabeth R.; Rossington, Natalie; Willis, Charles G.; Blum, Stanley D.; Walls, Ramona L.; Haston, Elspeth M.; Denslow, Michael W.; Zohner, Constantin M.; Morris, Ashley B.; Stucky, Brian J.; Carter, J. Richard; Baxter, David G.; Bolmgren, Kjell; Denny, Ellen G.; Dean, Ellen; Pearson, Katelin D.; Davis, Charles C.; Mishler, Brent D.; Soltis, Pamela S.; Mazer, Susan J.",,"Yost, Jennifer M. (California Polytechnic State University); Sweeney, Patrick W. (Yale University); Gilbert, Ed (Arizona State University); Nelson, Gil (Florida State University); Guralnick, Robert (University of Florida); Gallinat, Amanda S. (Boston University); Ellwood, Elizabeth R. (); Rossington, Natalie (University of California, Santa Barbara); Willis, Charles G. (Harvard University; University of Minnesota); Blum, Stanley D. (); Walls, Ramona L. (University of Arizona); Haston, Elspeth M. (Royal Botanic Garden Edinburgh); Denslow, Michael W. (University of Florida; Appalachian State University); Zohner, Constantin M. (Ludwig Maximilian University of Munich); Morris, Ashley B. (Middle Tennessee State University); Stucky, Brian J. (University of Florida); Carter, J. Richard (Valdosta State University); Baxter, David G. (University of California, Berkeley); Bolmgren, Kjell (Swedish University of Agricultural Sciences); Denny, Ellen G. (University of Arizona); Dean, Ellen (University of California, Davis); Pearson, Katelin D. (Florida State University); Davis, Charles C. (Harvard University); Mishler, Brent D. (University of California, Berkeley); Soltis, Pamela S. (University of Florida); Mazer, Susan J. (University of California, Santa Barbara)",15,15,,,https://bsapubs.onlinelibrary.wiley.com/doi/pdf/10.1002/aps3.1022,https://app.dimensions.ai/details/publication/pub.1101262570,0703 Crop and Pasture Production; 07 Agricultural and Veterinary Sciences,0703 Crop and Pasture Production,07 Agricultural and Veterinary Sciences,,,
14,200,pub.1101892472,10.3120/0024-9637-65.1.65,,,2018 CBS Banquet at UC Davis,Madroño,,,2018-01,2018,65,1,65-65,Closed,Article,"Mazer, Susan J.",,"Mazer, Susan J. (University of California, Santa Barbara)",0,0,,,,https://app.dimensions.ai/details/publication/pub.1101892472,0607 Plant Biology; 06 Biological Sciences,0607 Plant Biology,06 Biological Sciences,,,
15,200,pub.1100158968,10.3120/0024-9637-64.4.154,,,CBS President's Report for Volume 64,Madroño,,,2017-12,2017,64,4,154-155,Closed,Article,"Mazer, Susan J.",,"Mazer, Susan J. (University of California, Santa Barbara)",0,0,,0,,https://app.dimensions.ai/details/publication/pub.1100158968,0607 Plant Biology; 06 Biological Sciences,0607 Plant Biology,06 Biological Sciences,,,
16,200,pub.1084208292,10.1111/1365-2745.12774,,,Phenological responsiveness to climate differs among four species of Quercus in North America,Journal of Ecology,,,2017-11,2017,105,6,1610-1622,Closed,Article,"Gerst, Katharine L.; Rossington, Natalie L.; Mazer, Susan J.",,"Gerst, Katharine L. (University of Arizona); Rossington, Natalie L. (University of California, Santa Barbara); Mazer, Susan J. (University of California, Santa Barbara)",11,10,,,,https://app.dimensions.ai/details/publication/pub.1084208292,05 Environmental Sciences; 06 Biological Sciences; 07 Agricultural and Veterinary Sciences,05 Environmental Sciences,06 Biological Sciences,07 Agricultural and Veterinary Sciences,,
17,500,pub.1085127396,10.1016/j.tree.2017.03.015,28465044,,"Old Plants, New Tricks: Phenological Research Using Herbarium Specimens",Trends in Ecology & Evolution,,Climate Change; Flowers; Phylogeny; Plants; Seasons; Temperature,2017-07,2017,32,7,531-546,"All OA; Green, Accepted & Submitted",Article,"Willis, Charles G.; Ellwood, Elizabeth R.; Primack, Richard B.; Davis, Charles C.; Pearson, Katelin D.; Gallinat, Amanda S.; Yost, Jenn M.; Nelson, Gil; Mazer, Susan J.; Rossington, Natalie L.; Sparks, Tim H.; Soltis, Pamela S.","Willis, Charles G.","Willis, Charles G. (Harvard University); Ellwood, Elizabeth R. (Florida State University); Primack, Richard B. (Boston University); Davis, Charles C. (Harvard University); Pearson, Katelin D. (Florida State University); Gallinat, Amanda S. (Boston University); Yost, Jenn M. (California Polytechnic State University); Nelson, Gil (Florida State University); Mazer, Susan J. (University of California, Santa Barbara); Rossington, Natalie L. (University of California, Santa Barbara); Sparks, Tim H. (Coventry University; University of Life Sciences in Poznań); Soltis, Pamela S. (University of Florida)",66,61,8,32.13,https://escholarship.org/content/qt3j22c19z/qt3j22c19z.pdf?t=oqefn0,https://app.dimensions.ai/details/publication/pub.1085127396,0607 Plant Biology; 06 Biological Sciences,0607 Plant Biology,06 Biological Sciences,,,
18,100,pub.1085069555,10.1007/978-94-024-0948-2_6,,,Biological Invasions in Nature Reserves in China,,Biological Invasions and Its Management in China,,2017,2017,,,125-147,Closed,Chapter,"Guo, Hui; Mazer, Susan J.; Xu, Xinyu; Luo, Xi; Huang, Kailing; Xu, Xiaohong","Guo, Hui","Guo, Hui (Nanjing Agricultural University); Mazer, Susan J. (University of California, Santa Barbara); Xu, Xinyu (Nanjing Agricultural University); Luo, Xi (Nanjing Agricultural University); Huang, Kailing (Nanjing Agricultural University); Xu, Xiaohong (Nanjing Agricultural University)",1,1,,0.42,,https://app.dimensions.ai/details/publication/pub.1085069555,05 Environmental Sciences; 06 Biological Sciences; 0602 Ecology; 0502 Environmental Science and Management,05 Environmental Sciences,06 Biological Sciences,0602 Ecology,0502 Environmental Science and Management,
19,400,pub.1039774662,10.1002/ece3.2587,28035276,PMC5192882,Nitrogen:phosphorous supply ratio and allometry in five alpine plant species,Ecology and Evolution,,,2016-12,2016,6,24,8881-8892,All OA; Gold,Article,"Luo, Xi; Mazer, Susan J.; Guo, Hui; Zhang, Nan; Weiner, Jacob; Hu, Shuijin",,"Luo, Xi (Nanjing Agricultural University); Mazer, Susan J. (University of California, Santa Barbara); Guo, Hui (Nanjing Agricultural University); Zhang, Nan (Nanjing Agricultural University); Weiner, Jacob (University of Copenhagen); Hu, Shuijin (Nanjing Agricultural University; North Carolina State University)",15,13,2.22,4.44,https://onlinelibrary.wiley.com/doi/pdf/10.1002/ece3.2587,https://app.dimensions.ai/details/publication/pub.1039774662,0607 Plant Biology; 0602 Ecology; 06 Biological Sciences,0607 Plant Biology,0602 Ecology,06 Biological Sciences,,
20,400,pub.1059395374,10.1093/aob/mcw134,27443300,PMC5055815,Outcrossing and photosynthetic rates vary independently within two Clarkia species: implications for the joint evolution of drought escape physiology and mating system.,Annals of Botany,,,2016-10,2016,118,5,897-905,All OA; Gold,Article,"Ivey, Christopher T; Dudley, Leah S; Hove, Alisa A; Emms, Simon K; Mazer, Susan J",,"Ivey, Christopher T (California State University, Chico); Dudley, Leah S (University of Wisconsin–Stout); Hove, Alisa A (Warren Wilson College); Emms, Simon K (University of St. Thomas - Minnesota); Mazer, Susan J (University of California, Santa Barbara)",8,7,1.08,2.23,https://academic.oup.com/aob/article-pdf/118/5/897/17848019/mcw134.pdf,https://app.dimensions.ai/details/publication/pub.1059395374,0602 Ecology; 0603 Evolutionary Biology; 0607 Plant Biology; 0604 Genetics; 06 Biological Sciences,0602 Ecology,0603 Evolutionary Biology,0607 Plant Biology,0604 Genetics,06 Biological Sciences
21,400,pub.1009616822,10.1002/ece3.2372,27777726,PMC5058524,"Seed set variation in wild Clarkia populations: teasing apart the effects of seasonal resource depletion, pollen quality, and pollen quantity",Ecology and Evolution,,,2016-09,2016,6,18,6524-6536,All OA; Gold,Article,"Hove, Alisa A.; Mazer, Susan J.; Ivey, Christopher T.",,"Hove, Alisa A. (); Mazer, Susan J. (University of California, Santa Barbara); Ivey, Christopher T. ()",7,3,0.55,1.5,https://onlinelibrary.wiley.com/doi/pdf/10.1002/ece3.2372,https://app.dimensions.ai/details/publication/pub.1009616822,0604 Genetics; 06 Biological Sciences,0604 Genetics,06 Biological Sciences,,,
22,200,pub.1062668338,10.1126/science.aag1624,27365440,,How climate change affects plants' sex lives,Science,,Animals; Climate Change; Sex Ratio; Valerian,2016-07-01,2016,353,6294,32-33,"All OA; Green, Published",Article,"Etterson, Julie R.; Mazer, Susan J.",,"Etterson, Julie R. (University of Minnesota, Duluth); Mazer, Susan J. (University of California, Santa Barbara)",7,5,0.47,,https://escholarship.org/content/qt2t27q9k6/qt2t27q9k6.pdf?t=ob9zl5,https://app.dimensions.ai/details/publication/pub.1062668338,,,,,,
23,400,pub.1002056706,10.1111/nph.13751,26595165,,Historical changes in flowering phenology are governed by temperature × precipitation interactions in a widespread perennial herb in western North America,New Phytologist,,Asteraceae; Flowers; Geography; Linear Models; North America; Rain; Seasons; Temperature; Time Factors,2016-04,2016,210,1,157-167,All OA; Gold,Article,"Matthews, Elizabeth R.; Mazer, Susan J.",,"Matthews, Elizabeth R. (University of California, Santa Barbara); Mazer, Susan J. (University of California, Santa Barbara)",25,17,1.59,6.48,https://nph.onlinelibrary.wiley.com/doi/pdf/10.1111/nph.13751,https://app.dimensions.ai/details/publication/pub.1002056706,0602 Ecology; 06 Biological Sciences,0602 Ecology,06 Biological Sciences,,,
24,100,pub.1037420000,10.1002/ecs2.1303,,,The plant phenology monitoring design for The National Ecological Observatory Network,Ecosphere,,,2016-04,2016,7,4,e01303,All OA; Gold,Article,"Elmendorf, Sarah C.; Jones, Katherine D.; Cook, Benjamin I.; Diez, Jeffrey M.; Enquist, Carolyn A. F.; Hufft, Rebecca A.; Jones, Matthew O.; Mazer, Susan J.; Miller‐Rushing, Abraham J.; Moore, David J. P.; Schwartz, Mark D.; Weltzin, Jake F.",,"Elmendorf, Sarah C. (National Ecological Observatory Network; University of Arizona); Jones, Katherine D. (National Ecological Observatory Network); Cook, Benjamin I. (Goddard Institute for Space Studies); Diez, Jeffrey M. (University of California, Riverside); Enquist, Carolyn A. F. (United States Geological Survey); Hufft, Rebecca A. (Denver Botanic Gardens); Jones, Matthew O. (Oregon State University); Mazer, Susan J. (); Miller‐Rushing, Abraham J. (National Park Service); Moore, David J. P. (University of Arizona); Schwartz, Mark D. (University of Wisconsin–Milwaukee); Weltzin, Jake F. (United States Geological Survey)",24,17,,7.13,https://esajournals.onlinelibrary.wiley.com/doi/pdf/10.1002/ecs2.1303,https://app.dimensions.ai/details/publication/pub.1037420000,0602 Ecology; 0502 Environmental Science and Management; 0501 Ecological Applications; 05 Environmental Sciences; 06 Biological Sciences,0602 Ecology,0502 Environmental Science and Management,0501 Ecological Applications,05 Environmental Sciences,06 Biological Sciences
25,400,pub.1041399335,10.3732/ajb.1500192,26933011,,"Winning in style: Longer styles receive more pollen, but style length does not affect pollen attrition in wild Clarkia populations",American Journal of Botany,,Clarkia; Flowers; Germination; Linear Models; Multivariate Analysis; Phenotype; Pollen; Pollen Tube; Sample Size,2016-03,2016,103,3,408-422,"All OA; Green, Published",Article,"Mazer, Susan J.; Moghaddasi, Arrash; Bello, Alexandra K.; Hove, Alisa A.",,"Mazer, Susan J. (University of California, Santa Barbara); Moghaddasi, Arrash (University of California, Santa Barbara); Bello, Alexandra K. (University of California, Santa Barbara); Hove, Alisa A. (University of California, Santa Barbara)",12,4,2.16,2.57,https://escholarship.org/content/qt3pp1f70n/qt3pp1f70n.pdf?t=o9u4sz,https://app.dimensions.ai/details/publication/pub.1041399335,0604 Genetics; 06 Biological Sciences,0604 Genetics,06 Biological Sciences,,,
26,400,pub.1034251840,10.3732/ajb.1600074,26980838,,Pollen—Tiny and ephemeral but not forgotten: New ideas on their ecology and evolution,American Journal of Botany,,Biological Evolution; Ecological and Environmental Phenomena; Haploidy; Inbreeding; Ovule; Pollen,2016-03,2016,103,3,365-374,All OA; Gold,Article,"Williams, Joseph H.; Mazer, Susan J.",,"Williams, Joseph H. (University of Tennessee at Knoxville); Mazer, Susan J. (University of California, Santa Barbara)",12,5,1.59,3.15,https://onlinelibrary.wiley.com/doi/pdf/10.3732/ajb.1600074,https://app.dimensions.ai/details/publication/pub.1034251840,0604 Genetics; 0602 Ecology; 06 Biological Sciences; 0603 Evolutionary Biology,0604 Genetics,0602 Ecology,06 Biological Sciences,0603 Evolutionary Biology,
27,400,pub.1038468713,10.3732/ajb.1500108,26744480,,Geographic variation in climate as a proxy for climate change: Forecasting evolutionary trajectories from species differentiation and genetic correlations,American Journal of Botany,,Biological Evolution; California; Clarkia; Climate; Climate Change; Phenotype; Pollination; Self-Fertilization,2016-01,2016,103,1,140-152,All OA; Gold,Article,"Schneider, Heather E.; Mazer, Susan J.",,"Schneider, Heather E. (University of California, Santa Barbara); Mazer, Susan J. (University of California, Santa Barbara)",10,6,1.19,2.62,https://onlinelibrary.wiley.com/doi/pdf/10.3732/ajb.1500108,https://app.dimensions.ai/details/publication/pub.1038468713,0604 Genetics; 0602 Ecology; 06 Biological Sciences; 0603 Evolutionary Biology,0604 Genetics,0602 Ecology,06 Biological Sciences,0603 Evolutionary Biology,
28,400,pub.1023962233,10.3732/ajb.1500313,26772308,,Project Baseline: An unprecedented resource to study plant evolution across space and time,American Journal of Botany,,"Biological Evolution; Evolution, Molecular; Genome, Plant; Geography; Magnoliopsida; Phenotype; Seed Bank; Seeds",2016-01,2016,103,1,164-173,All OA; Gold,Article,"Etterson, Julie R.; Franks, Steven J.; Mazer, Susan J.; Shaw, Ruth G.; Gorden, Nicole L. Soper; Schneider, Heather E.; Weber, Jennifer J.; Winkler, Katharine J.; Weis, Arthur E.",,"Etterson, Julie R. (University of Minnesota, Duluth); Franks, Steven J. (Fordham University); Mazer, Susan J. (University of California, Santa Barbara); Shaw, Ruth G. (University of Minnesota); Gorden, Nicole L. Soper (University of Minnesota, Duluth); Schneider, Heather E. (University of California, Santa Barbara); Weber, Jennifer J. (Fordham University); Winkler, Katharine J. (University of Minnesota, Duluth); Weis, Arthur E. (University of Toronto)",23,14,1.71,5.42,https://onlinelibrary.wiley.com/doi/pdf/10.3732/ajb.1500313,https://app.dimensions.ai/details/publication/pub.1023962233,0604 Genetics; 0602 Ecology; 06 Biological Sciences,0604 Genetics,0602 Ecology,06 Biological Sciences,,
29,100,pub.1034592219,10.1039/c6en00093b,,,GC-TOF-MS based metabolomics and ICP-MS based metallomics of cucumber ( Cucumis sativus ) fruits reveal alteration of metabolites profile and biological pathway disruption induced by nano copper,Environmental Science Nano,,,2016,2016,3,5,1114-1123,"All OA; Green, Published",Article,"Zhao, Lijuan; Huang, Yuxiong; Zhou, Hongjun; Adeleye, Adeyemi S.; Wang, Hongtao; Ortiz, Cruz; Mazer, Susan J.; Keller, Arturo A.",,"Zhao, Lijuan (University of California, Santa Barbara); Huang, Yuxiong (University of California, Santa Barbara); Zhou, Hongjun (University of California, Santa Barbara); Adeleye, Adeyemi S. (University of California, Santa Barbara); Wang, Hongtao (Tongji University); Ortiz, Cruz (University of California, Santa Barbara); Mazer, Susan J. (University of California, Santa Barbara); Keller, Arturo A. (University of California, Santa Barbara)",25,20,,4.7,https://escholarship.org/content/qt3bw1f36c/qt3bw1f36c.pdf?t=ok16su,https://app.dimensions.ai/details/publication/pub.1034592219,0601 Biochemistry and Cell Biology; 06 Biological Sciences,0601 Biochemistry and Cell Biology,06 Biological Sciences,,,
30,400,pub.1055137163,10.1021/acsnano.5b03091,26505090,,Environmental Stresses Increase Photosynthetic Disruption by Metal Oxide Nanomaterials in a Soil-Grown Plant.,ACS Nano,,"Cerium; Copper; Hydroxides; Nanostructures; Photosynthesis; Plants; Soil; Soil Pollutants; Stress, Physiological; Titanium",2015-12-22,2015,9,12,11737-49,"All OA; Green, Accepted & Submitted",Article,"Conway, Jon R; Beaulieu, Arielle L; Beaulieu, Nicole L; Mazer, Susan J; Keller, Arturo A",,"Conway, Jon R (University of California, Santa Barbara; University of California Los Angeles); Beaulieu, Arielle L (University of California Los Angeles; University of California, Santa Barbara); Beaulieu, Nicole L (University of California Los Angeles; University of California, Santa Barbara); Mazer, Susan J (University of California, Santa Barbara); Keller, Arturo A (University of California, Santa Barbara; University of California Los Angeles)",40,22,2.69,9.29,https://escholarship.org/content/qt9jj6q9dw/qt9jj6q9dw.pdf?t=o94c04,https://app.dimensions.ai/details/publication/pub.1055137163,0607 Plant Biology; 0602 Ecology; 06 Biological Sciences,0607 Plant Biology,0602 Ecology,06 Biological Sciences,,
31,400,pub.1036620753,10.3732/ajb.1400557,26101420,,Seasonal changes in physiological performance in wild Clarkia xantiana populations: Implications for the evolution of a compressed life cycle and self‐fertilization,American Journal of Botany,,Analysis of Variance; Antioxidants; Biological Evolution; California; Chlorophyll; Clarkia; Environment; Fluorescence; Gases; Least-Squares Analysis; Principal Component Analysis; Rain; Seasons; Self-Fertilization; Temperature; Water,2015-06,2015,102,6,962-972,All OA; Gold,Article,"Dudley, Leah S.; Hove, Alisa A.; Emms, Simon K.; Verhoeven, Amy S.; Mazer, Susan J.",,"Dudley, Leah S. (Warren Wilson College); Hove, Alisa A. (Warren Wilson College); Emms, Simon K. (University of St. Thomas - Minnesota); Verhoeven, Amy S. (University of St. Thomas - Minnesota); Mazer, Susan J. (University of California, Santa Barbara)",4,2,0.59,0.93,https://onlinelibrary.wiley.com/doi/pdf/10.3732/ajb.1400557,https://app.dimensions.ai/details/publication/pub.1036620753,0607 Plant Biology; 0602 Ecology; 06 Biological Sciences,0607 Plant Biology,0602 Ecology,06 Biological Sciences,,
32,100,pub.1038409062,10.1890/es14-00433.1,,,Species‐specific phenological responses to winter temperature and precipitation in a water‐limited ecosystem,Ecosphere,,,2015-06,2015,6,6,1-27,All OA; Gold,Article,"Mazer, Susan J.; Gerst, Katharine L.; Matthews, Elizabeth R.; Evenden, Angela",,"Mazer, Susan J. (University of California, Santa Barbara); Gerst, Katharine L. (University of Arizona); Matthews, Elizabeth R. (University of California, Santa Barbara; National Park Service); Evenden, Angela (University of California, Berkeley)",21,14,,4.6,https://esajournals.onlinelibrary.wiley.com/doi/pdf/10.1890/ES14-00433.1,https://app.dimensions.ai/details/publication/pub.1038409062,05 Environmental Sciences; 06 Biological Sciences; 0602 Ecology; 0502 Environmental Science and Management,05 Environmental Sciences,06 Biological Sciences,0602 Ecology,0502 Environmental Science and Management,
33,100,pub.1008216135,10.1890/es13-00377.1,,,Soil heterogeneity and the distribution of native grasses in California: Can soil properties inform restoration plans?,Ecosphere,,,2014-04,2014,5,4,1-14,All OA; Gold,Article,"Hufford, Kristina M.; Mazer, Susan J.; Schimel, Joshua P.",,"Hufford, Kristina M. (University of California, Santa Barbara); Mazer, Susan J. (University of California, Santa Barbara); Schimel, Joshua P. (University of California, Santa Barbara)",3,2,,0.55,https://esajournals.onlinelibrary.wiley.com/doi/pdf/10.1890/ES13-00377.1,https://app.dimensions.ai/details/publication/pub.1008216135,05 Environmental Sciences; 06 Biological Sciences; 0602 Ecology; 0502 Environmental Science and Management,05 Environmental Sciences,06 Biological Sciences,0602 Ecology,0502 Environmental Science and Management,
34,400,pub.1037733151,10.1093/aobpla/plt055,24790118,PMC3966692,Genetic variation among mainland and island populations of a native perennial grass used in restoration,AoB Plants,,,2014-01-01,2014,6,0,plt055,All OA; Gold,Article,"Hufford, Kristina M.; Mazer, Susan J.; Hodges, Scott A.",,"Hufford, Kristina M. (University of California, Santa Barbara; University of Wyoming); Mazer, Susan J. (University of California, Santa Barbara); Hodges, Scott A. (University of California, Santa Barbara)",2,1,0,0.26,https://academic.oup.com/aobpla/article-pdf/doi/10.1093/aobpla/plt055/21903036/plt055.pdf,https://app.dimensions.ai/details/publication/pub.1037733151,0604 Genetics; 06 Biological Sciences,0604 Genetics,06 Biological Sciences,,,
35,100,pub.1035399338,10.1111/1365-2745.12154,,,Phylogenetic conservatism in plant phenology,Journal of Ecology,,,2013-11,2013,101,6,1520-1530,All OA; Gold,Article,"Davies, T. Jonathan; Wolkovich, Elizabeth M.; Kraft, Nathan J. B.; Salamin, Nicolas; Allen, Jenica M.; Ault, Toby R.; Betancourt, Julio L.; Bolmgren, Kjell; Cleland, Elsa E.; Cook, Benjamin I.; Crimmins, Theresa M.; Mazer, Susan J.; McCabe, Gregory J.; Pau, Stephanie; Regetz, Jim; Schwartz, Mark D.; Travers, Steven E.",,"Davies, T. Jonathan (McGill University); Wolkovich, Elizabeth M. (University of British Columbia); Kraft, Nathan J. B. (University of Maryland, College Park); Salamin, Nicolas (University of Lausanne; Swiss Institute of Bioinformatics); Allen, Jenica M. (University of Connecticut); Ault, Toby R. (National Center for Atmospheric Research); Betancourt, Julio L. (United States Geological Survey); Bolmgren, Kjell (Lund University; Swedish University of Agricultural Sciences); Cleland, Elsa E. (University of California, San Diego); Cook, Benjamin I. (Goddard Institute for Space Studies; Lamont-Doherty Earth Observatory); Crimmins, Theresa M. (); Mazer, Susan J. (University of California, Santa Barbara); McCabe, Gregory J. (United States Geological Survey); Pau, Stephanie (Florida State University); Regetz, Jim (University of California, Santa Barbara); Schwartz, Mark D. (University of Wisconsin–Milwaukee); Travers, Steven E. (North Dakota State University)",82,29,,13.77,https://besjournals.onlinelibrary.wiley.com/doi/pdf/10.1111/1365-2745.12154,https://app.dimensions.ai/details/publication/pub.1035399338,0602 Ecology; 06 Biological Sciences; 0603 Evolutionary Biology,0602 Ecology,06 Biological Sciences,0603 Evolutionary Biology,,
36,400,pub.1006392630,10.3732/ajb.1200455,23752756,,Flowering date of taxonomic families predicts phenological sensitivity to temperature: Implications for forecasting the effects of climate change on unstudied taxa,American Journal of Botany,,Climate Change; Flowers; Magnoliopsida; Plant Physiological Phenomena; Species Specificity; Temperature; Time Factors,2013-07,2013,100,7,1381-1397,All OA; Gold,Article,"Mazer, Susan J.; Travers, Steven E.; Cook, Benjamin I.; Davies, T. Jonathan; Bolmgren, Kjell; Kraft, Nathan J. B.; Salamin, Nicolas; Inouye, David W.",,"Mazer, Susan J. (University of California, Santa Barbara; Stellenbosch University); Travers, Steven E. (North Dakota State University); Cook, Benjamin I. (Goddard Institute for Space Studies; Lamont-Doherty Earth Observatory); Davies, T. Jonathan (McGill University); Bolmgren, Kjell (Lund University; Swedish University of Agricultural Sciences); Kraft, Nathan J. B. (University of Maryland, College Park); Salamin, Nicolas (Swiss Institute of Bioinformatics); Inouye, David W. (University of Maryland, College Park; Rocky Mountain Biological Laboratory)",32,7,0.89,3.41,https://onlinelibrary.wiley.com/doi/pdf/10.3732/ajb.1200455,https://app.dimensions.ai/details/publication/pub.1006392630,0699 Other Biological Sciences; 06 Biological Sciences,0699 Other Biological Sciences,06 Biological Sciences,,,
37,400,pub.1009268841,10.3390/plants2020248,27137375,PMC4844357,Pollen Performance in Clarkia Taxa with Contrasting Mating Systems: Implications for Male Gametophytic Evolution in Selfers and Outcrossers,Plants,,,2013-04-24,2013,2,2,248-278,All OA; Gold,Article,"Hove, Alisa A; Mazer, Susan J",,"Hove, Alisa A (Warren Wilson College); Mazer, Susan J (University of California, Santa Barbara)",10,4,0.72,1.13,https://www.mdpi.com/2223-7747/2/2/248/pdf,https://app.dimensions.ai/details/publication/pub.1009268841,0604 Genetics; 06 Biological Sciences,0604 Genetics,06 Biological Sciences,,,
38,200,pub.1030932601,10.3120/0024-9637-60.1.1,,,The California Phenology Project: Tracking Plant Responses to Climate Change,Madroño,,,2013-01,2013,60,1,1-3,Closed,Article,"Haggerty, Brian P.; Matthews, Elizabeth R.; Gerst, Katharine L.; Evenden, Angela G.; Mazer, Susan J.",,"Haggerty, Brian P. (University of California, Santa Barbara); Matthews, Elizabeth R. (University of California, Santa Barbara); Gerst, Katharine L. (University of California, Santa Barbara); Evenden, Angela G. (University of California, Santa Barbara); Mazer, Susan J. (University of California, Santa Barbara)",9,2,,1.86,,https://app.dimensions.ai/details/publication/pub.1030932601,0607 Plant Biology; 06 Biological Sciences,0607 Plant Biology,06 Biological Sciences,,,
39,100,pub.1003059893,10.1007/978-94-007-6925-0_31,,,Phenology in Higher Education: Ground-Based and Spatial Analysis Tools,,Phenology: An Integrative Environmental Science,,2013,2013,,,585-602,Closed,Chapter,"de Beurs, Kirsten M.; Cook, Robert B.; Mazer, Susan; Haggerty, Brian; Hove, Alisa; Henebry, Geoffrey M.; Barnett, LoriAnne; Thomas, Carolyn L.; Pohlad, Bob R.","de Beurs, Kirsten M.","de Beurs, Kirsten M. (University of Oklahoma); Cook, Robert B. (Oak Ridge National Laboratory); Mazer, Susan (University of California, Santa Barbara); Haggerty, Brian (University of California, Santa Barbara); Hove, Alisa (Warren Wilson College); Henebry, Geoffrey M. (South Dakota State University); Barnett, LoriAnne (); Thomas, Carolyn L. (Ferrum College); Pohlad, Bob R. (Ferrum College)",1,0,,0.24,,https://app.dimensions.ai/details/publication/pub.1003059893,09 Engineering; 0909 Geomatic Engineering,09 Engineering,0909 Geomatic Engineering,,,
40,100,pub.1007728607,10.1007/s10021-012-9584-5,,,Sensitivity of Spring Phenology to Warming Across Temporal and Spatial Climate Gradients in Two Independent Databases,Ecosystems,,,2012-12,2012,15,8,1283-1294,"All OA; Green, Accepted & Submitted",Article,"Cook, Benjamin I.; Wolkovich, Elizabeth M.; Davies, T. Jonathan; Ault, Toby R.; Betancourt, Julio L.; Allen, Jenica M.; Bolmgren, Kjell; Cleland, Elsa E.; Crimmins, Theresa M.; Kraft, Nathan J. B.; Lancaster, Lesley T.; Mazer, Susan J.; McCabe, Gregory J.; McGill, Brian J.; Parmesan, Camille; Pau, Stephanie; Regetz, James; Salamin, Nicolas; Schwartz, Mark D.; Travers, Steven E.","Cook, Benjamin I.","Cook, Benjamin I. (Goddard Institute for Space Studies; Lamont-Doherty Earth Observatory); Wolkovich, Elizabeth M. (University of California, San Diego; University of British Columbia); Davies, T. Jonathan (McGill University); Ault, Toby R. (National Center for Atmospheric Research); Betancourt, Julio L. (); Allen, Jenica M. (University of Connecticut); Bolmgren, Kjell (Lund University; Swedish University of Agricultural Sciences); Cleland, Elsa E. (University of California, San Diego); Crimmins, Theresa M. (); Kraft, Nathan J. B. (University of British Columbia); Lancaster, Lesley T. (University of California, Santa Barbara); Mazer, Susan J. (University of California, Santa Barbara); McCabe, Gregory J. (United States Geological Survey); McGill, Brian J. (University of Maine); Parmesan, Camille (The University of Texas at Austin; Plymouth University); Pau, Stephanie (University of California, Santa Barbara); Regetz, James (University of California, Santa Barbara); Salamin, Nicolas (University of Lausanne); Schwartz, Mark D. (University of Wisconsin–Milwaukee); Travers, Steven E. (North Dakota State University)",46,13,,5.51,http://biology.mcgill.ca/faculty/davies/pdfs/Cook%20et%20al.%202012.pdf,https://app.dimensions.ai/details/publication/pub.1007728607,0602 Ecology; 06 Biological Sciences,0602 Ecology,06 Biological Sciences,,,
41,100,pub.1038264313,10.1111/j.1526-100x.2011.00843.x,,,Local Adaptation and the Effects of Grazing on the Performance of Nassella pulchra: Implications for Seed Sourcing in Restoration,Restoration Ecology,,,2012-11,2012,20,6,688-695,Closed,Article,"Hufford, Kristina M.; Mazer, Susan J.",,"Hufford, Kristina M. (University of California, Santa Barbara; University of Wyoming); Mazer, Susan J. (University of California, Santa Barbara)",11,4,,,,https://app.dimensions.ai/details/publication/pub.1038264313,05 Environmental Sciences; 06 Biological Sciences,05 Environmental Sciences,06 Biological Sciences,,,
42,400,pub.1050493917,10.1111/j.1461-0248.2012.01765.x,22433120,,Forecasting phenology: from species variability to community patterns,Ecology Letters,,Climate Change; Ecosystem; Flowers; Forecasting; Magnoliopsida; Massachusetts; Southwestern United States; Species Specificity; Temperature; Time Factors,2012-06,2012,15,6,545-553,"All OA; Green, Accepted & Submitted",Article,"Diez, Jeffrey M.; Ibáñez, Inés; Miller‐Rushing, Abraham J.; Mazer, Susan J.; Crimmins, Theresa M.; Crimmins, Michael A.; Bertelsen, C. David; Inouye, David W.",,"Diez, Jeffrey M. (University of Michigan); Ibáñez, Inés (University of Michigan); Miller‐Rushing, Abraham J. (National Park Service); Mazer, Susan J. (University of California, Santa Barbara); Crimmins, Theresa M. (University of Arizona); Crimmins, Michael A. (University of Arizona); Bertelsen, C. David (University of Arizona); Inouye, David W. (Rocky Mountain Biological Laboratory; University of Maryland, College Park)",108,34,2.74,13.78,https://deepblue.lib.umich.edu/bitstream/2027.42/92151/1/j.1461-0248.2012.01765.x.pdf,https://app.dimensions.ai/details/publication/pub.1050493917,0602 Ecology; 0502 Environmental Science and Management; 0699 Other Biological Sciences; 05 Environmental Sciences; 06 Biological Sciences,0602 Ecology,0502 Environmental Science and Management,0699 Other Biological Sciences,05 Environmental Sciences,06 Biological Sciences
43,400,pub.1049003506,10.1038/nature11014,22622576,,Warming experiments underpredict plant phenological responses to climate change,Nature,,"Artifacts; Ecosystem; Flowers; Global Warming; Models, Biological; Periodicity; Plant Development; Plant Leaves; Plant Physiological Phenomena; Plants; Reproducibility of Results; Soil; Temperature; Time Factors; Uncertainty",2012-05,2012,485,7399,494-497,Closed,Article,"Wolkovich, E. M.; Cook, B. I.; Allen, J. M.; Crimmins, T. M.; Betancourt, J. L.; Travers, S. E.; Pau, S.; Regetz, J.; Davies, T. J.; Kraft, N. J. B.; Ault, T. R.; Bolmgren, K.; Mazer, S. J.; McCabe, G. J.; McGill, B. J.; Parmesan, C.; Salamin, N.; Schwartz, M. D.; Cleland, E. E.","Wolkovich, E. M.","Wolkovich, E. M. (University of California, San Diego); Cook, B. I. (Goddard Institute for Space Studies; Lamont-Doherty Earth Observatory); Allen, J. M. (University of Connecticut); Crimmins, T. M. (); Betancourt, J. L. (); Travers, S. E. (North Dakota State University); Pau, S. (University of California, Santa Barbara); Regetz, J. (University of California, Santa Barbara); Davies, T. J. (McGill University); Kraft, N. J. B. (University of British Columbia; University of Maryland, College Park); Ault, T. R. (National Center for Atmospheric Research); Bolmgren, K. (Swedish University of Agricultural Sciences; Lund University); Mazer, S. J. (University of California, Santa Barbara); McCabe, G. J. (Denver Federal Center); McGill, B. J. (University of Maine); Parmesan, C. (The University of Texas at Austin; Plymouth University); Salamin, N. (University of Lausanne; Swiss Institute of Bioinformatics); Schwartz, M. D. (); Cleland, E. E. (University of California, San Diego)",429,120,11.12,47.47,,https://app.dimensions.ai/details/publication/pub.1049003506,0699 Other Biological Sciences; 0602 Ecology; 06 Biological Sciences,0699 Other Biological Sciences,0602 Ecology,06 Biological Sciences,,
44,400,pub.1017920214,10.3732/ajb.1100387,22396332,,Physiological performance and mating system in Clarkia (Onagraceae): Does phenotypic selection predict divergence between sister species?,American Journal of Botany,,"Biological Evolution; Clarkia; Genetic Speciation; Genetic Variation; Photosynthesis; Plant Transpiration; Pollination; Reproduction; Selection, Genetic; Water",2012-03,2012,99,3,488-507,All OA; Gold,Article,"Dudley, Leah S.; Hove, Alisa A.; Mazer, Susan J.",,"Dudley, Leah S. (University of California, Santa Barbara); Hove, Alisa A. (University of California, Santa Barbara); Mazer, Susan J. (University of California, Santa Barbara)",7,2,0.7,0.84,https://onlinelibrary.wiley.com/doi/pdf/10.3732/ajb.1100387,https://app.dimensions.ai/details/publication/pub.1017920214,0602 Ecology; 06 Biological Sciences,0602 Ecology,06 Biological Sciences,,,
45,100,pub.1031199277,10.1111/j.1365-2745.2011.01884.x,,,Reproductive allometry in Pedicularis species changes with elevation,Journal of Ecology,,,2012-03,2012,100,2,452-458,"All OA; Green, Accepted & Submitted",Article,"Guo, Hui; Weiner, Jacob; Mazer, Susan J.; Zhao, Zhigang; Du, Guozhen; Li, Bo",,"Guo, Hui (Lanzhou University; Fudan University); Weiner, Jacob (University of Copenhagen); Mazer, Susan J. (University of California, Santa Barbara); Zhao, Zhigang (Lanzhou University); Du, Guozhen (Lanzhou University); Li, Bo (Fudan University)",17,4,,2.04,http://www.jacobweiner.dk/site/Publications_files/Guo%20et%20al%202012.pdf,https://app.dimensions.ai/details/publication/pub.1031199277,0602 Ecology; 06 Biological Sciences,0602 Ecology,06 Biological Sciences,,,
46,200,pub.1058843973,10.1086/656305,,,"Physiological Performance in
                    Clarkia
                    Sister Taxa with Contrasting Mating Systems: Do Early-Flowering  Autogamous Taxa Avoid Water Stress Relative to Their Pollinator-Dependent  Counterparts?",International Journal of Plant Sciences,,,2010-11,2010,171,9,1029-1047,Closed,Article,"Mazer, Susan J.; Dudley, Leah S.; Hove, Alisa A.; Emms, Simon K.; Verhoeven, Amy S.",,"Mazer, Susan J. (); Dudley, Leah S. (); Hove, Alisa A. (); Emms, Simon K. (); Verhoeven, Amy S. ()",33,11,,4.92,,https://app.dimensions.ai/details/publication/pub.1058843973,0607 Plant Biology; 06 Biological Sciences; 0603 Evolutionary Biology,0607 Plant Biology,06 Biological Sciences,0603 Evolutionary Biology,,
47,100,pub.1050592998,10.1111/j.1365-2745.2010.01688.x,,,"Geographic variation in seed mass within and among nine species of Pedicularis (Orobanchaceae): effects of elevation, plant size and seed number per fruit",Journal of Ecology,,,2010-09,2010,98,5,1232-1242,All OA; Gold,Article,"Guo, Hui; Mazer, Susan J.; Du, Guozhen",,"Guo, Hui (Lanzhou University); Mazer, Susan J. (University of California, Santa Barbara); Du, Guozhen (Lanzhou University)",51,14,,5.33,https://besjournals.onlinelibrary.wiley.com/doi/pdf/10.1111/j.1365-2745.2010.01688.x,https://app.dimensions.ai/details/publication/pub.1050592998,0607 Plant Biology; 0604 Genetics; 0602 Ecology; 06 Biological Sciences,0607 Plant Biology,0604 Genetics,0602 Ecology,06 Biological Sciences,
48,400,pub.1006911649,10.3732/ajb.0900301,21616886,,Geographic variation in primary sex allocation per flower within and among 12 species of Pedicularis (Orobanchaceae): Proportional male investment increases with elevation,American Journal of Botany,,,2010-08,2010,97,8,1334-1341,All OA; Gold,Article,"Guo, Hui; Mazer, Susan J.; Du, Guozhen",,"Guo, Hui (Lanzhou University); Mazer, Susan J. (University of California, Santa Barbara); Du, Guozhen (Lanzhou University)",16,5,0.36,1.38,https://onlinelibrary.wiley.com/doi/pdf/10.3732/ajb.0900301,https://app.dimensions.ai/details/publication/pub.1006911649,0604 Genetics; 0602 Ecology; 06 Biological Sciences,0604 Genetics,0602 Ecology,06 Biological Sciences,,
49,100,pub.1041566960,10.1016/j.ppees.2009.06.005,,,The joint evolution of mating system and pollen performance: Predictions regarding male gametophytic evolution in selfers vs. outcrossers,Perspectives in Plant Ecology Evolution and Systematics,,,2010-02,2010,12,1,31-41,Closed,Article,"Mazer, Susan J.; Hove, Alisa A.; Miller, Brent S.; Barbet-Massin, Morgane","Mazer, Susan J.","Mazer, Susan J. (University of California, Santa Barbara); Hove, Alisa A. (University of California, Santa Barbara); Miller, Brent S. (University of California, Santa Barbara); Barbet-Massin, Morgane (University of California, Santa Barbara)",36,11,,2.88,,https://app.dimensions.ai/details/publication/pub.1041566960,0604 Genetics; 06 Biological Sciences,0604 Genetics,06 Biological Sciences,,,
50,400,pub.1044612759,10.3732/ajb.0900100,21622374,,Stigma closure and re‐opening in Oroxylum indicum (Bignoniaceae): Causes and consequences,American Journal of Botany,,,2010-01,2010,97,1,136-143,All OA; Gold,Article,"Sritongchuay, Tuanjit; Bumrung, Sara; Meesawat, Upatham; Mazer, Susan J.",,"Sritongchuay, Tuanjit (Prince of Songkla University); Bumrung, Sara (Prince of Songkla University); Meesawat, Upatham (Prince of Songkla University); Mazer, Susan J. (University of California, Santa Barbara)",11,1,0.35,1.69,https://onlinelibrary.wiley.com/doi/pdf/10.3732/ajb.0900100,https://app.dimensions.ai/details/publication/pub.1044612759,0607 Plant Biology; 06 Biological Sciences,0607 Plant Biology,06 Biological Sciences,,,
51,400,pub.1053077503,10.1111/j.1469-8137.2009.02886.x,19500262,,Stability of pollen–ovule ratios in pollinator‐dependent versus autogamous Clarkia sister taxa: testing evolutionary predictions,New Phytologist,,"Animals; Biological Evolution; California; Clarkia; Geography; Phenotype; Pollen; Pollination; Population Dynamics; Quantitative Trait, Heritable; Reproduction; Sex Characteristics; Time Factors",2009-08,2009,183,3,630-648,All OA; Gold,Article,"Mazer, Susan J.; Dudley, Leah S.; Delesalle, Véronique A.; Paz, Horacio; Galusky, Preston",,"Mazer, Susan J. (University of California, Santa Barbara); Dudley, Leah S. (University of California, Santa Barbara); Delesalle, Véronique A. (Gettysburg College); Paz, Horacio (National Autonomous University of Mexico); Galusky, Preston (Riverside City College)",18,3,0.81,1.38,http://onlinelibrary.wiley.com/doi/10.1111/j.1469-8137.2009.02886.x/pdf,https://app.dimensions.ai/details/publication/pub.1053077503,0604 Genetics; 06 Biological Sciences,0604 Genetics,06 Biological Sciences,,,
52,400,pub.1020473915,10.3732/ajb.0800183,21628266,,Ovule number per flower in a world of unpredictable pollination,American Journal of Botany,,,2009-06,2009,96,6,1159-1167,All OA; Gold,Article,"Burd, Martin; Ashman, Tia‐Lynn; Campbell, Diane R.; Dudash, Michele R.; Johnston, Mark O.; Knight, Tiffany M.; Mazer, Susan J.; Mitchell, Randall J.; Steets, Janette A.; Vamosi, Jana C.",,"Burd, Martin (Monash University); Ashman, Tia‐Lynn (University of Pittsburgh); Campbell, Diane R. (University of California, Irvine); Dudash, Michele R. (University of Maryland, College Park); Johnston, Mark O. (Dalhousie University); Knight, Tiffany M. (Washington University in St. Louis); Mazer, Susan J. (University of California, Santa Barbara); Mitchell, Randall J. (University of Akron); Steets, Janette A. (Oklahoma State University); Vamosi, Jana C. ()",48,10,1.58,3.69,https://bsapubs.onlinelibrary.wiley.com/doi/pdf/10.3732/ajb.0800183,https://app.dimensions.ai/details/publication/pub.1020473915,0604 Genetics; 06 Biological Sciences,0604 Genetics,06 Biological Sciences,,,
53,400,pub.1035098341,10.3732/ajb.0800039,21628249,,Size‐dependent pollen:ovule ratios and the allometry of floral sex allocation in Clarkia (Onagraceae) taxa with contrasting mating systems,American Journal of Botany,,,2009-05,2009,96,5,968-978,All OA; Gold,Article,"Delesalle, Véronique A.; Mazer, Susan J.",,"Delesalle, Véronique A. (Gettysburg College); Mazer, Susan J. (University of California, Santa Barbara)",14,2,0.5,2.08,https://onlinelibrary.wiley.com/doi/pdf/10.3732/ajb.0800039,https://app.dimensions.ai/details/publication/pub.1035098341,0607 Plant Biology; 06 Biological Sciences,0607 Plant Biology,06 Biological Sciences,,,
54,100,pub.1044899862,10.1111/j.1365-2745.2009.01485.x,,,"Seed mass, abundance and breeding system among tropical forest species: do dioecious species exhibit compensatory reproduction or abundances?",Journal of Ecology,,,2009-05,2009,97,3,555-566,All OA; Gold,Article,"Queenborough, Simon A.; Mazer, Susan J.; Vamosi, Steven M.; Garwood, Nancy C.; Valencia, Renato; Freckleton, Rob P.",,"Queenborough, Simon A. (University of Sheffield); Mazer, Susan J. (University of California, Santa Barbara); Vamosi, Steven M. (University of Calgary); Garwood, Nancy C. (Southern Illinois University System); Valencia, Renato (Pontifical Catholic University of Ecuador); Freckleton, Rob P. (University of Sheffield)",27,9,,2.61,https://besjournals.onlinelibrary.wiley.com/doi/pdf/10.1111/j.1365-2745.2009.01485.x,https://app.dimensions.ai/details/publication/pub.1044899862,0602 Ecology; 0502 Environmental Science and Management; 0604 Genetics; 05 Environmental Sciences; 06 Biological Sciences,0602 Ecology,0502 Environmental Science and Management,0604 Genetics,05 Environmental Sciences,06 Biological Sciences
55,100,pub.1030938930,10.1641/b580913,,,The Resurrection Initiative: Storing Ancestral Genotypes to Capture Evolution in Action,BioScience,,,2008-10-01,2008,58,9,870-873,All OA; Gold,Article,"Franks, Steven J.; Avise, John C.; Bradshaw, William E.; Conner, Jeffrey K.; Etterson, Julie R.; Mazer, Susan J.; Shaw, Ruth G.; Weis, Arthur E.",,"Franks, Steven J. (); Avise, John C. (); Bradshaw, William E. (); Conner, Jeffrey K. (); Etterson, Julie R. (); Mazer, Susan J. (); Shaw, Ruth G. (); Weis, Arthur E. ()",64,14,,6.24,https://academic.oup.com/bioscience/article-pdf/58/9/870/26888159/58-9-870.pdf,https://app.dimensions.ai/details/publication/pub.1030938930,0604 Genetics; 06 Biological Sciences; 0603 Evolutionary Biology,0604 Genetics,06 Biological Sciences,0603 Evolutionary Biology,,
56,400,pub.1047118710,10.1111/j.1469-8137.2008.02529.x,18557816,,"Allee effects within small populations of Aconitum napellus ssp. lusitanicum, a protected subspecies in northern France",New Phytologist,,Aconitum; Conservation of Natural Resources; France; Germination; Pollen; Pollination; Population Density; Population Dynamics; Seeds,2008-09,2008,179,4,1171-1182,All OA; Gold,Article,"Le Cadre, Solenn; Tully, Thomas; Mazer, Susan J.; Ferdy, Jean‐Baptiste; Moret, Jacques; Machon, Nathalie",,"Le Cadre, Solenn (National Museum of Natural History); Tully, Thomas (); Mazer, Susan J. (University of California, Santa Barbara); Ferdy, Jean‐Baptiste (University of Montpellier); Moret, Jacques (National Museum of Natural History); Machon, Nathalie (National Museum of Natural History)",21,2,0.3,2.04,https://nph.onlinelibrary.wiley.com/doi/pdf/10.1111/j.1469-8137.2008.02529.x,https://app.dimensions.ai/details/publication/pub.1047118710,0607 Plant Biology; 0604 Genetics; 0602 Ecology; 06 Biological Sciences,0607 Plant Biology,0604 Genetics,0602 Ecology,06 Biological Sciences,
57,400,pub.1004178584,10.1890/07-0674.1,18831168,,BREEDING SYSTEMS AND SEED SIZE IN A NEOTROPICAL FLORA: TESTING EVOLUTIONARY HYPOTHESES,Ecology,,Biological Evolution; Ecosystem; Magnoliopsida; Reproduction; Seeds; Species Specificity; Tropical Climate,2008-09,2008,89,9,2461-2472,Closed,Article,"Vamosi, Steven M.; Mazer, Susan J.; Cornejo, Fernando",,"Vamosi, Steven M. (University of Calgary); Mazer, Susan J. (University of California, Santa Barbara); Cornejo, Fernando ()",10,3,0.15,0.94,,https://app.dimensions.ai/details/publication/pub.1004178584,0604 Genetics; 0602 Ecology; 06 Biological Sciences; 0603 Evolutionary Biology,0604 Genetics,0602 Ecology,06 Biological Sciences,0603 Evolutionary Biology,
58,400,pub.1008700678,10.1890/07-0207.1,18705377,,ARE FUNCTIONAL TRAITS GOOD PREDICTORS OF DEMOGRAPHIC RATES? EVIDENCE FROM FIVE NEOTROPICAL FORESTS,Ecology,,Ecosystem; Plant Development; Plant Leaves; Population Dynamics; Seedlings; Trees; Tropical Climate,2008-07,2008,89,7,1908-1920,"All OA; Green, Accepted & Submitted",Article,"Poorter, L.; Wright, S. J.; Paz, H.; Ackerly, D. D.; Condit, R.; Ibarra-Manríquez, G.; Harms, K. E.; Licona, J. C.; Martínez-Ramos, M.; Mazer, S. J.; Muller-Landau, H. C.; Peña-Claros, M.; Webb, C. O.; Wright, I. J.",,"Poorter, L. (Wageningen University & Research; Bolivian Forest Research Institute); Wright, S. J. (Smithsonian Tropical Research Institute); Paz, H. (National Autonomous University of Mexico); Ackerly, D. D. (University of California, Berkeley); Condit, R. (Smithsonian Tropical Research Institute); Ibarra-Manríquez, G. (National Autonomous University of Mexico); Harms, K. E. (Smithsonian Tropical Research Institute; Louisiana State University); Licona, J. C. (Bolivian Forest Research Institute); Martínez-Ramos, M. (National Autonomous University of Mexico); Mazer, S. J. (University of California, Santa Barbara); Muller-Landau, H. C. (Smithsonian Tropical Research Institute); Peña-Claros, M. (Bolivian Forest Research Institute); Webb, C. O. (Harvard University); Wright, I. J. (Macquarie University)",333,81,4.86,28.72,https://repository.si.edu/bitstream/handle/10088/12117/stri_Poorter_Wright_Condit_Muller_Landau_et_al_2008.pdf,https://app.dimensions.ai/details/publication/pub.1008700678,0602 Ecology; 06 Biological Sciences,0602 Ecology,06 Biological Sciences,,,
59,100,pub.1028275537,10.1111/j.1526-100x.2007.00262.x,,,Local Adaptation and Effects of Grazing among Seedlings of Two Native California Bunchgrass Species: Implications for Restoration,Restoration Ecology,,,2008-03,2008,16,1,59-69,Closed,Article,"Hufford, Kristina M.; Mazer, Susan J.; Camara, Mark D.",,"Hufford, Kristina M. (University of California, Santa Barbara; University of California, Irvine); Mazer, Susan J. (University of California, Santa Barbara); Camara, Mark D. (University of California, Santa Barbara)",20,4,,2.15,,https://app.dimensions.ai/details/publication/pub.1028275537,05 Environmental Sciences; 06 Biological Sciences; 0602 Ecology; 0502 Environmental Science and Management,05 Environmental Sciences,06 Biological Sciences,0602 Ecology,0502 Environmental Science and Management,
60,400,pub.1046575325,10.1111/j.1420-9101.2007.01444.x,18005114,,Temporal variation in the pollen:ovule ratios of Clarkia (Onagraceae) taxa with contrasting mating systems: field populations,Journal of Evolutionary Biology,,Clarkia; Flowers; Genetic Variation; Inbreeding; Reproduction; Time Factors,2008-01,2008,21,1,310-323,All OA; Gold,Article,"DELESALLE, V. A.; MAZER, S. J.; PAZ, H.",,"DELESALLE, V. A. (Gettysburg College); MAZER, S. J. (University of California, Santa Barbara); PAZ, H. (National Autonomous University of Mexico)",25,1,0.87,2.16,http://onlinelibrary.wiley.com/doi/10.1111/j.1420-9101.2007.01444.x/pdf,https://app.dimensions.ai/details/publication/pub.1046575325,0602 Ecology; 06 Biological Sciences,0602 Ecology,06 Biological Sciences,,,
61,100,pub.1013035703,10.1016/b978-008045405-4.00658-3,,,Sex Ratio,,Encyclopedia of Ecology,,2008,2008,,Science2011978,3243-3248,Closed,Chapter,"Sapir, Y.; Mazer, S.J.; Holzapfel, C.",,"Sapir, Y. (Indiana University Bloomington); Mazer, S.J. (University of California, Santa Barbara); Holzapfel, C. (Rutgers, The State University of New Jersey)",5,2,,0.39,,https://app.dimensions.ai/details/publication/pub.1013035703,0604 Genetics; 0602 Ecology; 06 Biological Sciences,0604 Genetics,0602 Ecology,06 Biological Sciences,,
62,400,pub.1048799994,10.1111/j.1420-9101.2007.01421.x,17956384,,"The joint evolution of mating system, floral traits and life history in Clarkia (Onagraceae): genetic constraints vs. independent evolution",Journal of Evolutionary Biology,,Biological Evolution; Clarkia; Flowers,2007-11,2007,20,6,2200-2218,All OA; Gold,Article,"DUDLEY, L. S.; MAZER, S. J.; GALUSKY, P.",,"DUDLEY, L. S. (University of California, Santa Barbara); MAZER, S. J. (University of California, Santa Barbara); GALUSKY, P. (Riverside City College)",33,4,1.04,3.09,http://onlinelibrary.wiley.com/doi/10.1111/j.1420-9101.2007.01421.x/pdf,https://app.dimensions.ai/details/publication/pub.1048799994,0604 Genetics; 06 Biological Sciences; 0603 Evolutionary Biology,0604 Genetics,06 Biological Sciences,0603 Evolutionary Biology,,
63,100,pub.1048649224,10.1029/2007eo190007,,,Evolving plans for the USA National Phenology Network,Eos,,,2007-05-08,2007,88,19,211-211,All OA; Gold,Article,"Betancourt, Julio L.; Schwartz, Mark D.; Breshears, David D.; Brewer, Carol A.; Frazer, Gary; Gross, John E.; Mazer, Susan J .; Reed, Bradley C.; Wilson, Bruce E.",,"Betancourt, Julio L. (University of Arizona); Schwartz, Mark D. (University of Wisconsin–Milwaukee); Breshears, David D. (University of Arizona); Brewer, Carol A. (University of Montana); Frazer, Gary (United States Fish and Wildlife Service); Gross, John E. (); Mazer, Susan J . (University of California, Santa Barbara); Reed, Bradley C. (); Wilson, Bruce E. (Oak Ridge National Laboratory)",18,0,,2.05,https://agupubs.onlinelibrary.wiley.com/doi/pdf/10.1029/2007EO190007,https://app.dimensions.ai/details/publication/pub.1048649224,05 Environmental Sciences; 0502 Environmental Science and Management,05 Environmental Sciences,0502 Environmental Science and Management,,,
64,400,pub.1026212151,10.1093/aob/mcl066,16595553,PMC2802905,Relationships Among Ecologically Important Dimensions of Plant Trait Variation in Seven Neotropical ForestsWright et al. — Key Dimensions of Trait Variation in Neotropical ForestsWright et al. — Key Dimensions of Trait Variation in Neotropical Forests,Annals of Botany,,Biological Evolution; Ecology; Ecosystem; Fruit; Multivariate Analysis; Phylogeny; Plant Leaves; Plants; Seeds; Trees; Tropical Climate,2007-05-01,2007,99,5,1003-1015,All OA; Gold,Article,"Wright, Ian J.; Ackerly, David D.; Bongers, Frans; Harms, Kyle E.; Ibarra-Manriquez, Guillermo; Martinez-Ramos, Miguel; Mazer, Susan J.; Muller-Landau, Helene C.; Paz, Horacio; Pitman, Nigel C. A.; Poorter, Lourens; Silman, Miles R.; Vriesendorp, Corine F.; Webb, Cam O.; Westoby, Mark; Wright, S. Joseph",,"Wright, Ian J. (Macquarie University); Ackerly, David D. (University of California, Berkeley); Bongers, Frans (Wageningen University & Research); Harms, Kyle E. (Louisiana State University; Smithsonian Tropical Research Institute); Ibarra-Manriquez, Guillermo (National Autonomous University of Mexico); Martinez-Ramos, Miguel (National Autonomous University of Mexico); Mazer, Susan J. (University of California, Santa Barbara); Muller-Landau, Helene C. (); Paz, Horacio (National Autonomous University of Mexico); Pitman, Nigel C. A. (); Poorter, Lourens (Wageningen University & Research; Bolivian Forest Research Institute); Silman, Miles R. (Wake Forest University); Vriesendorp, Corine F. (Field Museum of Natural History); Webb, Cam O. (Yale University); Westoby, Mark (Macquarie University); Wright, S. Joseph (Smithsonian Tropical Research Institute)",204,26,2.53,18.4,https://academic.oup.com/aob/article-pdf/99/5/1003/17717163/mcl066.pdf,https://app.dimensions.ai/details/publication/pub.1026212151,0604 Genetics; 0602 Ecology; 06 Biological Sciences; 0603 Evolutionary Biology,0604 Genetics,0602 Ecology,06 Biological Sciences,0603 Evolutionary Biology,
65,400,pub.1028542853,10.1111/j.1558-5646.2007.00007.x,17300429,,EVOLUTION OF MATING SYSTEM AND THE GENETIC COVARIANCE BETWEEN MALE AND FEMALE INVESTMENT IN CLARKIA (ONAGRACEAE): SELFING OPPOSES THE EVOLUTION OF TRADE-OFFS,Evolution,,"Analysis of Variance; Biological Evolution; Clarkia; Flowers; Inbreeding; Pollen; Reproduction; Selection, Genetic; Sex Factors; Species Specificity",2007-01,2007,61,1,83-98,All OA; Gold,Article,"Mazer, Susan J.; Delesalle, Vronique A.; Paz, Horacio",,"Mazer, Susan J. (University of California, Santa Barbara); Delesalle, Vronique A. (Gettysburg College); Paz, Horacio (University of California, Santa Barbara)",14,3,0.57,0.94,https://onlinelibrary.wiley.com/doi/pdf/10.1111/j.1558-5646.2007.00007.x,https://app.dimensions.ai/details/publication/pub.1028542853,0604 Genetics; 06 Biological Sciences,0604 Genetics,06 Biological Sciences,,,
66,400,pub.1032041206,10.1073/pnas.0507165103,16418284,PMC1347978,Pollination decays in biodiversity hotspots,Proceedings of the National Academy of Sciences,,"Biodiversity; Conservation of Natural Resources; Ecosystem; Environment; Flowers; Geography; Meta-Analysis as Topic; Models, Biological; Models, Theoretical; Phylogeny; Plant Physiological Phenomena; Plants; Pollen; Software; Species Specificity; Trees",2006-01-24,2006,103,4,956-961,All OA; Gold,Article,"Vamosi, Jana C.; Knight, Tiffany M.; Steets, Janette A.; Mazer, Susan J.; Burd, Martin; Ashman, Tia-Lynn",,"Vamosi, Jana C. (University of Calgary); Knight, Tiffany M. (); Steets, Janette A. (University of Pittsburgh); Mazer, Susan J. (University of California, Santa Barbara); Burd, Martin (Monash University); Ashman, Tia-Lynn (University of Pittsburgh)",153,18,2.41,15.92,http://www.pnas.org/content/103/4/956.full.pdf,https://app.dimensions.ai/details/publication/pub.1032041206,0602 Ecology; 0502 Environmental Science and Management; 0607 Plant Biology; 05 Environmental Sciences; 06 Biological Sciences,0602 Ecology,0502 Environmental Science and Management,0607 Plant Biology,05 Environmental Sciences,06 Biological Sciences
67,100,pub.1014743758,10.1146/annurev.ecolsys.36.102403.115320,,,POLLEN LIMITATION OF PLANT REPRODUCTION: Pattern and Process,Annual Review of Ecology Evolution and Systematics,,,2005-12,2005,36,1,467-497,Closed,Article,"Knight, Tiffany M.; Steets, Janette A.; Vamosi, Jana C.; Mazer, Susan J.; Burd, Martin; Campbell, Diane R.; Dudash, Michele R.; Johnston, Mark O.; Mitchell, Randall J.; Ashman, Tia-Lynn",,"Knight, Tiffany M. (University of California, Santa Barbara); Steets, Janette A. (University of Pittsburgh); Vamosi, Jana C. (University of Calgary); Mazer, Susan J. (University of California, Santa Barbara); Burd, Martin (Monash University); Campbell, Diane R. (University of California, Irvine); Dudash, Michele R. (University of Maryland, College Park); Johnston, Mark O. (Dalhousie University); Mitchell, Randall J. (University of Akron); Ashman, Tia-Lynn (University of Pittsburgh)",587,97,,49.77,,https://app.dimensions.ai/details/publication/pub.1014743758,0604 Genetics; 0602 Ecology; 06 Biological Sciences; 0603 Evolutionary Biology,0604 Genetics,0602 Ecology,06 Biological Sciences,0603 Evolutionary Biology,
68,100,pub.1029784213,10.1111/j.1365-2435.2005.00984.x,,,Comparative ecology of seed mass in Psychotria (Rubiaceae): within‐ and between‐species effects of seed mass on early performance,Functional Ecology,,,2005-08,2005,19,4,707-718,Closed,Article,"PAZ, H.; MAZER, S. J.; MARTINEZ‐RAMOS, M.",,"PAZ, H. (National Autonomous University of Mexico); MAZER, S. J. (University of California, Santa Barbara); MARTINEZ‐RAMOS, M. (National Autonomous University of Mexico)",19,3,,1.39,,https://app.dimensions.ai/details/publication/pub.1029784213,0602 Ecology; 06 Biological Sciences,0602 Ecology,06 Biological Sciences,,,
69,200,pub.1058716469,10.1086/430194,,,Patterns of Phenotypic Plasticity and Their Fitness Consequences in Wild Radish ( Raphanus sativus : Brassicaceae),International Journal of Plant Sciences,,,2005-07,2005,166,4,631-640,Closed,Article,"Wolfe, Lorne M.; Mazer, Susan J.",,"Wolfe, Lorne M. (); Mazer, Susan J. ()",20,0,,2.49,,https://app.dimensions.ai/details/publication/pub.1058716469,0607 Plant Biology; 06 Biological Sciences; 0603 Evolutionary Biology,0607 Plant Biology,06 Biological Sciences,0603 Evolutionary Biology,,
70,400,pub.1015263450,10.3732/ajb.91.12.2041,21652353,,"Life history, floral development, and mating system in Clarkia xantiana (Onagraceae): do floral and whole‐plant rates of development evolve independently?",American Journal of Botany,,,2004-12,2004,91,12,2041-2050,All OA; Gold,Article,"Mazer, Susan J.; Paz, Horacio; Bell, Michael D.",,"Mazer, Susan J. (University of California, Santa Barbara); Paz, Horacio (University of California, Santa Barbara); Bell, Michael D. (University of California, Santa Barbara)",33,4,0.84,1.96,https://onlinelibrary.wiley.com/doi/pdf/10.3732/ajb.91.12.2041,https://app.dimensions.ai/details/publication/pub.1015263450,0604 Genetics; 06 Biological Sciences,0604 Genetics,06 Biological Sciences,,,
71,100,pub.1006872399,10.1890/03-8024,,,POLLEN LIMITATION OF PLANT REPRODUCTION: ECOLOGICAL AND EVOLUTIONARY CAUSES AND CONSEQUENCES,Ecology,,,2004-09,2004,85,9,2408-2421,Closed,Article,"Ashman, Tia-Lynn; Knight, Tiffany M.; Steets, Janette A.; Amarasekare, Priyanga; Burd, Martin; Campbell, Diane R.; Dudash, Michele R.; Johnston, Mark O.; Mazer, Susan J.; Mitchell, Randall J.; Morgan, Martin T.; Wilson, William G.",,"Ashman, Tia-Lynn (University of Pittsburgh); Knight, Tiffany M. (University of California, Santa Barbara); Steets, Janette A. (University of Pittsburgh); Amarasekare, Priyanga (); Burd, Martin (Monash University); Campbell, Diane R. (University of California, Irvine); Dudash, Michele R. (University of Maryland, College Park); Johnston, Mark O. (Dalhousie University); Mazer, Susan J. (University of California, Santa Barbara); Mitchell, Randall J. (University of Akron); Morgan, Martin T. (Washington State University); Wilson, William G. (Duke University)",632,102,,45.19,,https://app.dimensions.ai/details/publication/pub.1006872399,0602 Ecology; 06 Biological Sciences,0602 Ecology,06 Biological Sciences,,,
72,100,pub.1024480248,10.1046/j.1365-2435.2003.00768.x,,,"Environmental, genetic, and seed mass effects on winged seed production in the heteromorphic Spergularia marina (Caryophyllaceae)",Functional Ecology,,,2003-10,2003,17,5,637-650,All OA; Gold,Article,"Mazer, S. J.; Lowry, D. E.",,"Mazer, S. J. (University of California, Santa Barbara); Lowry, D. E. (University of California, Santa Barbara)",7,0,,0.45,http://onlinelibrary.wiley.com/doi/10.1046/j.1365-2435.2003.00768.x/pdf,https://app.dimensions.ai/details/publication/pub.1024480248,0604 Genetics; 0602 Ecology; 06 Biological Sciences,0604 Genetics,0602 Ecology,06 Biological Sciences,,
73,300,pub.1010479622,10.1046/j.1420-9101.2003.00555.x,14632239,,Effects of nutrient availability on primary sexual traits and their response to selection in Spergularia marina (Caryophyllaceae),Journal of Evolutionary Biology,,"Caryophyllaceae; Flowers; Genetic Drift; Genetics, Population; Models, Theoretical; Nutritional Status; Phenotype; Reproduction; Selection, Genetic",2003-07,2003,16,4,767-778,All OA; Gold,Article,"Mazer, S. J.; Lowry, D. E.; Hansen, T.",,"Mazer, S. J. (University of California, Santa Barbara); Lowry, D. E. (University of California, Santa Barbara); Hansen, T. (University of Copenhagen)",8,0,0.19,0.46,https://www.onlinelibrary.wiley.com/doi/pdf/10.1046/j.1420-9101.2003.00555.x,https://app.dimensions.ai/details/publication/pub.1010479622,0604 Genetics; 06 Biological Sciences,0604 Genetics,06 Biological Sciences,,,
74,100,pub.1047178617,10.1046/j.1469-8137.2003.00694.x,,,Relationship between genetic structure and seed and pollen dispersal in the endangered orchid Spiranthes spiralis,New Phytologist,,,2003-03,2003,157,3,677-687,All OA; Gold,Article,"Machon, Nathalie; Bardin, Philippe; Mazer, Susan J.; Moret, Jacques; Godelle, Bernard; Austerlitz, Frederic",,"Machon, Nathalie (National Museum of Natural History); Bardin, Philippe (National Museum of Natural History); Mazer, Susan J. (University of California, Santa Barbara); Moret, Jacques (National Museum of Natural History); Godelle, Bernard (); Austerlitz, Frederic ()",68,7,,4.41,https://nph.onlinelibrary.wiley.com/doi/pdf/10.1046/j.1469-8137.2003.00694.x,https://app.dimensions.ai/details/publication/pub.1047178617,0604 Genetics; 0602 Ecology; 06 Biological Sciences,0604 Genetics,0602 Ecology,06 Biological Sciences,,
75,100,pub.1031048874,10.1016/s0169-5347(03)00002-8,,,Plant ecotypes: genetic differentiation in the age of ecological restoration,Trends in Ecology & Evolution,,,2003-03,2003,18,3,147-155,Closed,Article,"Hufford, Kristina M.; Mazer, Susan J.",,"Hufford, Kristina M. (University of California, Santa Barbara); Mazer, Susan J. (University of California, Santa Barbara)",530,79,,47,,https://app.dimensions.ai/details/publication/pub.1031048874,0602 Ecology; 0502 Environmental Science and Management; 0607 Plant Biology; 0604 Genetics; 05 Environmental Sciences; 06 Biological Sciences,0602 Ecology,0502 Environmental Science and Management,0607 Plant Biology,0604 Genetics,05 Environmental Sciences
76,400,pub.1029054543,10.1111/j.0014-3820.2002.tb00166.x,12583581,,THE NEIGHBORHOOD MATTERS: EFFECTS OF NEIGHBOR NUMBER AND SIBLING (OR KIN) COMPETITION ON FLORAL TRAITS IN SPERGULARIA MARINA (CARYOPHYLLACEAE),Evolution,,Animals; Biological Evolution; Caryophyllaceae; Environment; Female; Flowers; Male; Phenotype; Statistics as Topic,2002-12,2002,56,12,2406-2413,All OA; Gold,Article,"Delesalle, Véronique A.; Mazer, Susan J.",,"Delesalle, Véronique A. (Gettysburg College); Mazer, Susan J. (University of California, Santa Barbara)",5,0,0.09,0.32,https://onlinelibrary.wiley.com/doi/pdf/10.1111/j.0014-3820.2002.tb00166.x,https://app.dimensions.ai/details/publication/pub.1029054543,0604 Genetics; 0602 Ecology; 06 Biological Sciences,0604 Genetics,0602 Ecology,06 Biological Sciences,,
77,400,pub.1035045073,10.1111/j.0014-3820.2002.tb00140.x,12487346,,REDUCING ENVIRONMENTAL BIAS WHEN MEASURING NATURAL SELECTION,Evolution,,"Arabidopsis; Environment; Genes, Plant; Genotype; Impatiens; Models, Genetic; Phenotype; Raphanus; Selection, Genetic; Statistics as Topic",2002-11,2002,56,11,2156-2167,Closed,Article,"Scheiner, Samuel M.; Donohue, Kathleen; Dorn, Lisa A.; Mazer, Susan J.; Wolfe, Lorne M.",,"Scheiner, Samuel M. (National Science Foundation); Donohue, Kathleen (National Science Foundation; Brown University); Dorn, Lisa A. (National Science Foundation; Brown University); Mazer, Susan J. (National Science Foundation; University of California, Santa Barbara); Wolfe, Lorne M. (National Science Foundation; Georgia Southern University)",50,2,0.98,3.64,,https://app.dimensions.ai/details/publication/pub.1035045073,0602 Ecology; 06 Biological Sciences,0602 Ecology,06 Biological Sciences,,,
78,100,pub.1022264662,10.1554/0014-3820(2002)056[2156:rebwmn]2.0.co;2,,,REDUCING ENVIRONMENTAL BIAS WHEN MEASURING NATURAL SELECTION,Evolution,,,2002,2002,56,11,2156-2167,Closed,Article,"Scheiner, Samuel M.; Donohue, Kathleen; Dorn, Lisa A.; Mazer, Susan J.; Wolfe, Lorne M.",,"Scheiner, Samuel M. (National Science Foundation); Donohue, Kathleen (Brown University); Dorn, Lisa A. (Brown University); Mazer, Susan J. (University of California, Santa Barbara); Wolfe, Lorne M. (Georgia Southern University)",6,0,,0.44,,https://app.dimensions.ai/details/publication/pub.1022264662,0602 Ecology; 06 Biological Sciences,0602 Ecology,06 Biological Sciences,,,
79,100,pub.1019326581,10.1554/0014-3820(2002)056[2406:tnmeon]2.0.co;2,,,THE NEIGHBORHOOD MATTERS: EFFECTS OF NEIGHBOR NUMBER AND SIBLING (OR KIN) COMPETITION ON FLORAL TRAITS IN SPERGULARIA MARINA (CARYOPHYLLACEAE),Evolution,,,2002,2002,56,12,2406-2413,Closed,Article,"Delesalle, Vronique A.; Mazer, Susan J.",,"Delesalle, Vronique A. (Gettysburg College); Mazer, Susan J. (University of California, Santa Barbara)",0,0,,0,,https://app.dimensions.ai/details/publication/pub.1019326581,0604 Genetics; 0602 Ecology; 06 Biological Sciences,0604 Genetics,0602 Ecology,06 Biological Sciences,,
80,400,pub.1037280609,10.1111/j.0014-3820.2001.tb00757.x,11831658,,TRADE‐OFFS BETWEEN MALE AND FEMALE REPRODUCTION ASSOCIATED WITH ALLOZYME VARIATION IN PHOSPHOGLUCOISOMERASE IN AN ANNUAL PLANT (CLARKIA UNGUICULATA: ONAGRACEAE),Evolution,,"Animals; Bees; Genetic Variation; Genotype; Glucose-6-Phosphate Isomerase; Isoenzymes; Models, Biological; Pollen; Reproduction; Rosaceae; Songbirds",2001-12,2001,55,12,2421-2428,All OA; Gold,Article,"Travers, Steven E.; Mazer, Susan J.",,"Travers, Steven E. (University of California, Santa Barbara); Mazer, Susan J. (University of California, Santa Barbara)",9,0,0.23,0.52,https://onlinelibrary.wiley.com/doi/pdf/10.1111/j.0014-3820.2001.tb00757.x,https://app.dimensions.ai/details/publication/pub.1037280609,0604 Genetics; 06 Biological Sciences,0604 Genetics,06 Biological Sciences,,,
81,400,pub.1070048797,10.2307/2657034,11353707,,Size‐dependent sex allocation within flowers of the annual herb Clarkia unguiculata (Onagraceae): ontogenetic and among‐plant variation,American Journal of Botany,,,2001-05,2001,88,5,819-831,Closed,Article,"Mazer, Susan J.; Dawson, Kelly Ann",,"Mazer, Susan J. (University of California, Santa Barbara; University of California, Irvine); Dawson, Kelly Ann (University of California, Santa Barbara; University of California, Irvine)",43,1,1.42,3.55,,https://app.dimensions.ai/details/publication/pub.1070048797,0607 Plant Biology; 0604 Genetics; 06 Biological Sciences,0607 Plant Biology,0604 Genetics,06 Biological Sciences,,
82,100,pub.1014229596,10.1554/0014-3820(2001)055[2421:tobmaf]2.0.co;2,,,TRADE-OFFS BETWEEN MALE AND FEMALE REPRODUCTION ASSOCIATED WITH ALLOZYME VARIATION IN PHOSPHOGLUCOISOMERASE IN AN ANNUAL PLANT (CLARKIA UNGUICULATA: ONAGRACEAE),Evolution,,,2001,2001,55,12,2421-2428,Closed,Article,"Travers, Steven E.; Mazer, Susan J.",,"Travers, Steven E. (University of California, Santa Barbara); Mazer, Susan J. (University of California, Santa Barbara)",0,0,,0,,https://app.dimensions.ai/details/publication/pub.1014229596,0604 Genetics; 06 Biological Sciences,0604 Genetics,06 Biological Sciences,,,
83,400,pub.1070048681,10.2307/2656905,10675305,,The absence of cryptic self‐incompatibility in Clarkia unguiculata (Onagraceae),American Journal of Botany,,,2000-02,2000,87,2,191-196,Closed,Article,"Travers, Steven E.; Mazer, Susan J.",,"Travers, Steven E. (University of California, Santa Barbara); Mazer, Susan J. (University of California, Santa Barbara)",12,1,0.41,0.66,,https://app.dimensions.ai/details/publication/pub.1070048681,0604 Genetics; 06 Biological Sciences,0604 Genetics,06 Biological Sciences,,,
84,200,pub.1069561380,10.2307/176549,,,"Seed Mass, Seedling Emergence, and Environmental Factors in Seven Rain Forest Psychotria (Rubiaceae)",Ecology,,,1999-07,1999,80,5,1594,Closed,Article,"Paz, Horacio; Mazer, Susan J.; Martinez-Ramos, Miguel",,"Paz, Horacio (); Mazer, Susan J. (); Martinez-Ramos, Miguel ()",13,1,,,,https://app.dimensions.ai/details/publication/pub.1069561380,0602 Ecology; 0603 Evolutionary Biology; 0501 Ecological Applications; 05 Environmental Sciences; 06 Biological Sciences,0602 Ecology,0603 Evolutionary Biology,0501 Ecological Applications,05 Environmental Sciences,06 Biological Sciences
85,100,pub.1022666716,10.1890/0012-9658(1999)080[1594:smseae]2.0.co;2,,,"SEED MASS, SEEDLING EMERGENCE, AND ENVIRONMENTAL FACTORS IN SEVEN RAIN FOREST PSYCHOTRIA (RUBIACEAE)",Ecology,,,1999-07,1999,80,5,1594-1606,All OA; Gold,Article,"Paz, Horacio; Mazer, Susan J.; Martínez-Ramos, Miguel",,"Paz, Horacio (National Autonomous University of Mexico); Mazer, Susan J. (University of California, Santa Barbara); Martínez-Ramos, Miguel (National Autonomous University of Mexico)",46,1,,,https://esajournals.onlinelibrary.wiley.com/doi/pdf/10.1890/0012-9658%281999%29080%5B1594%3ASMSEAE%5D2.0.CO%3B2,https://app.dimensions.ai/details/publication/pub.1022666716,05 Environmental Sciences; 06 Biological Sciences; 0602 Ecology; 0502 Environmental Science and Management,05 Environmental Sciences,06 Biological Sciences,0602 Ecology,0502 Environmental Science and Management,
86,400,pub.1085736089,10.1111/j.1558-5646.1999.tb05366.x,28565623,,RESPONSES OF FLORAL TRAITS TO SELECTION ON PRIMARY SEXUAL INVESTMENT IN SPERGULARIA MARINA: THE BATTLE BETWEEN THE SEXES,Evolution,,,1999-06,1999,53,3,717-731,All OA; Gold,Article,"Mazer, Susan J.; Delesalle, Véronique A.; Neal, Paul R.",,"Mazer, Susan J. (); Delesalle, Véronique A. (); Neal, Paul R. ()",34,0,0.56,,https://doi.org/10.1111/j.1558-5646.1999.tb05366.x,https://app.dimensions.ai/details/publication/pub.1085736089,0604 Genetics; 06 Biological Sciences,0604 Genetics,06 Biological Sciences,,,
87,200,pub.1070041783,10.2307/2640712,,,Responses of Floral Traits to Selection on Primary Sexual Investment in Spergularia marina: The Battle between the Sexes,Evolution,,,1999-06,1999,53,3,717,Closed,Article,"Mazer, Susan J.; Delesalle, Veronique A.; Neal, Paul R.",,"Mazer, Susan J. (); Delesalle, Veronique A. (); Neal, Paul R. ()",34,0,,,,https://app.dimensions.ai/details/publication/pub.1070041783,0602 Ecology; 06 Biological Sciences; 0603 Evolutionary Biology,0602 Ecology,06 Biological Sciences,0603 Evolutionary Biology,,
88,100,pub.1008897378,10.1046/j.1469-8137.1999.00396.x,,,Parental environmental effects on life history traits in Arabidopsis thaliana (Brassicaceae),New Phytologist,,,1999-05,1999,142,2,173-184,All OA; Gold,Article,"ANDALO, C.; MAZER, S. J.; GODELLE, B.; MACHON, N.",,"ANDALO, C. (University of Paris-Sud); MAZER, S. J. (University of Paris-Sud); GODELLE, B. (University of Paris-Sud); MACHON, N. (University of Paris-Sud)",16,0,,,https://nph.onlinelibrary.wiley.com/doi/pdf/10.1046/j.1469-8137.1999.00396.x,https://app.dimensions.ai/details/publication/pub.1008897378,0604 Genetics; 06 Biological Sciences,0604 Genetics,06 Biological Sciences,,,
89,200,pub.1053574045,10.1016/s0169-5347(98)01487-6,21238399,,Rainforest plants protect their investments,Trends in Ecology & Evolution,,,1998-12,1998,13,12,471-473,Closed,Article,"Mazer, Susan J.","Mazer, Susan J.","Mazer, Susan J. (University of California, Santa Barbara)",4,0,0,,,https://app.dimensions.ai/details/publication/pub.1053574045,05 Environmental Sciences; 06 Biological Sciences,05 Environmental Sciences,06 Biological Sciences,,,
90,200,pub.1069939244,10.2307/2446352,,,Alternative approaches to the analysis of comparative data: compare and contrast,American Journal of Botany,,,1998-08,1998,85,8,1194-1199,All OA; Gold,Article,"Mazer, Susan J.",,"Mazer, Susan J. (University of California, Santa Barbara)",41,2,,,https://onlinelibrary.wiley.com/doi/pdf/10.2307/2446352,https://app.dimensions.ai/details/publication/pub.1069939244,0607 Plant Biology; 0602 Ecology; 06 Biological Sciences; 0603 Evolutionary Biology,0607 Plant Biology,0602 Ecology,06 Biological Sciences,0603 Evolutionary Biology,
91,100,pub.1021410980,10.1023/a:1006568704381,,,Contrasting variation within and covariation between gender-related traits in autogamous versus outcrossing species: Alternative evolutionary predictions,Evolutionary Ecology,,,1998-01,1998,12,4,403-425,Closed,Article,"Mazer, Susan J.; Delesalle, Ve´RONIQUE A.",,"Mazer, Susan J. (University of California, Santa Barbara); Delesalle, Ve´RONIQUE A. (Gettysburg College)",21,0,,,,https://app.dimensions.ai/details/publication/pub.1021410980,0604 Genetics; 06 Biological Sciences,0604 Genetics,06 Biological Sciences,,,
92,400,pub.1045240861,10.1038/hdy.1997.2,16397633,,Allozyme variation in Ulmus species from France: analysis of differentiation,Heredity,,,1997-01,1997,78,1,12-20,All OA; Gold,Article,"Machon, Nathalie; Lefranc, Madeleine; Bilger, Isabelle; Mazer, Susan J; Sarr, Aboubakry","Machon, Nathalie","Machon, Nathalie (University of Paris-Sud); Lefranc, Madeleine (University of Paris-Sud); Bilger, Isabelle (); Mazer, Susan J (University of Paris-Sud; University of California, Santa Barbara); Sarr, Aboubakry (University of Paris-Sud)",23,2,0.15,,https://www.nature.com/articles/hdy19972.pdf,https://app.dimensions.ai/details/publication/pub.1045240861,0604 Genetics; 06 Biological Sciences,0604 Genetics,06 Biological Sciences,,,
93,200,pub.1085734152,10.1111/j.1558-5646.1996.tb03637.x,28565669,,TEMPORAL INSTABILITY OF GENETIC COMPONENTS OF FLORAL TRAIT VARIATION: MATERNAL FAMILY AND POPULATION EFFECTS IN SPERGULARIA MARINA (CARYOPHYLLACEAE),Evolution,,,1996-12,1996,50,6,2509-2515,All OA; Gold,Article,"Mazer, Susan J.; Delesalle, Veronique A.",,"Mazer, Susan J. (); Delesalle, Veronique A. ()",9,0,0.52,,https://onlinelibrary.wiley.com/doi/pdf/10.1111/j.1558-5646.1996.tb03637.x,https://app.dimensions.ai/details/publication/pub.1085734152,0602 Ecology; 06 Biological Sciences; 0603 Evolutionary Biology,0602 Ecology,06 Biological Sciences,0603 Evolutionary Biology,,
94,200,pub.1069919447,10.2307/2410718,,,Temporal Instability of Genetic Components of Floral Trait Variation: Maternal Family and Population Effects in Spergularia marina (Caryophyllaceae),Evolution,,,1996-12,1996,50,6,2509,Closed,Article,"Mazer, Susan J.; Delesalle, Veronique A.",,"Mazer, Susan J. (); Delesalle, Veronique A. ()",5,0,,,,https://app.dimensions.ai/details/publication/pub.1069919447,0602 Ecology; 06 Biological Sciences; 0603 Evolutionary Biology,0602 Ecology,06 Biological Sciences,0603 Evolutionary Biology,,
95,100,pub.1044073705,10.1046/j.1420-9101.1996.9060993.x,,,Covariation among floral traits in Spergularia marina (Caryophyllaceae): geographic and temporal variation in phenotypic and among‐family correlations,Journal of Evolutionary Biology,,,1996-11,1996,9,6,993-1015,All OA; Gold,Article,"Mazer, S. J.; Delesalle, V. A.",,"Mazer, S. J. (University of California, Santa Barbara); Delesalle, V. A. (Gettysburg College)",19,0,,,http://onlinelibrary.wiley.com/doi/10.1046/j.1420-9101.1996.9060993.x/pdf,https://app.dimensions.ai/details/publication/pub.1044073705,0604 Genetics; 06 Biological Sciences; 0603 Evolutionary Biology,0604 Genetics,06 Biological Sciences,0603 Evolutionary Biology,,
96,200,pub.1058606888,10.1086/297383,,,Nutrient Levels and Salinity Affect Gender and Floral Traits in the Autogamous Spergularia marina,International Journal of Plant Sciences,,,1996-09,1996,157,5,621-631,Closed,Article,"Delesalle, Véronique A.; Mazer, Susan J.",,"Delesalle, Véronique A. (); Mazer, Susan J. ()",19,1,,,,https://app.dimensions.ai/details/publication/pub.1058606888,0607 Plant Biology; 06 Biological Sciences; 0603 Evolutionary Biology,0607 Plant Biology,06 Biological Sciences,0603 Evolutionary Biology,,
97,100,pub.1005216001,10.1038/hdy.1996.141,,,"Floral trait variation in Spergularia marina (Caryophyllaceae): ontogenetic, maternal family, and population effects",Heredity,,,1996-09,1996,77,3,269-281,All OA; Gold,Article,"Mazer, Susan J; Delesalle, Veronique A","Mazer, Susan J","Mazer, Susan J (University of California, Santa Barbara); Delesalle, Veronique A (Gettysburg College)",16,0,,,https://www.nature.com/articles/hdy1996141.pdf,https://app.dimensions.ai/details/publication/pub.1005216001,0604 Genetics; 0602 Ecology; 06 Biological Sciences; 0603 Evolutionary Biology,0604 Genetics,0602 Ecology,06 Biological Sciences,0603 Evolutionary Biology,
98,400,pub.1085735537,10.1111/j.1558-5646.1996.tb04471.x,28568869,,PARENTAL EFFECTS ON PROGENY PHENOTYPE IN PLANTS: DISTINGUISHING GENETIC AND ENVIRONMENTAL CAUSES,Evolution,,,1996-02,1996,50,1,44-53,All OA; Gold,Article,"Mazer, Susan J.; Gorchov, David L.",,"Mazer, Susan J. (); Gorchov, David L. ()",37,5,0.51,,https://onlinelibrary.wiley.com/doi/pdf/10.1111/j.1558-5646.1996.tb04471.x,https://app.dimensions.ai/details/publication/pub.1085735537,0604 Genetics; 06 Biological Sciences,0604 Genetics,06 Biological Sciences,,,
99,200,pub.1069919503,10.2307/2410779,,,Parental Effects on Progeny Phenotype in Plants: Distinguishing Genetic and Environmental Causes,Evolution,,,1996-02,1996,50,1,44,Closed,Article,"Mazer, Susan J.; Gorchov, David L.",,"Mazer, Susan J. (); Gorchov, David L. ()",33,0,,,,https://app.dimensions.ai/details/publication/pub.1069919503,0602 Ecology; 06 Biological Sciences; 0603 Evolutionary Biology,0602 Ecology,06 Biological Sciences,0603 Evolutionary Biology,,
100,100,pub.1021717387,10.1038/sj.hdy.6880370,,,"Floral trait variation in Spergularia marina (Caryophyllaceae): ontogenetic, maternal family, and population effects",Heredity,,,1996,1996,77,3,269-281,All OA; Gold,Article,"Mazer, Susan J; Delesalle, Veronique A",,"Mazer, Susan J (); Delesalle, Veronique A ()",6,0,,,https://www.nature.com/articles/hdy1996141.pdf,https://app.dimensions.ai/details/publication/pub.1021717387,0604 Genetics; 06 Biological Sciences; 0603 Evolutionary Biology,0604 Genetics,06 Biological Sciences,0603 Evolutionary Biology,,
101,100,pub.1100711627,10.1002/j.1537-2197.1995.tb15692.x,,,The structure of phenotypic variation in gender and floral traits within and among populations of Spergularia marina (Caryophyllaceae),American Journal of Botany,,,1995-06,1995,82,6,798-810,Closed,Article,"Delesalle, Véronique A.; Mazer, Susan J.",,"Delesalle, Véronique A. (Gettysburg College); Mazer, Susan J. (University of California, Santa Barbara)",13,0,,,,https://app.dimensions.ai/details/publication/pub.1100711627,0604 Genetics; 06 Biological Sciences,0604 Genetics,06 Biological Sciences,,,
102,100,pub.1014179803,10.1007/bf01237700,,,"Angiosperm growth habit, dispersal and diversification reconsidered",Evolutionary Ecology,,,1995-01,1995,9,1,93-117,Closed,Article,"Tiffney, Bruce H.; Mazer, Susan J.",,"Tiffney, Bruce H. (University of California, Santa Barbara); Mazer, Susan J. (University of California, Santa Barbara)",79,5,,,,https://app.dimensions.ai/details/publication/pub.1014179803,0604 Genetics; 0602 Ecology; 06 Biological Sciences; 0603 Evolutionary Biology,0604 Genetics,0602 Ecology,06 Biological Sciences,0603 Evolutionary Biology,
103,100,pub.1032784364,10.1007/bf01237821,,,Fruit size and shape: Allometry at different taxonomic levels in bird-dispersed plants,Evolutionary Ecology,,,1993-11,1993,7,6,556-575,Closed,Article,"Mazer, Susan J.; Wheelwright, Nathaniel T.","Mazer, Susan J.","Mazer, Susan J. (University of California, Santa Barbara); Wheelwright, Nathaniel T. (Bowdoin College)",45,3,,,,https://app.dimensions.ai/details/publication/pub.1032784364,0607 Plant Biology; 0604 Genetics; 0602 Ecology; 06 Biological Sciences,0607 Plant Biology,0604 Genetics,0602 Ecology,06 Biological Sciences,
104,200,pub.1069938423,10.2307/2445394,,,Variation and Covariation among Floral Traits within and among Four Species of Northern European Primula (Primulaceae),American Journal of Botany,,,1993-04,1993,80,4,474,Closed,Article,"Mazer, Susan J.; Hultgard, Ulla-Maj",,"Mazer, Susan J. (); Hultgard, Ulla-Maj ()",25,0,,,,https://app.dimensions.ai/details/publication/pub.1069938423,0607 Plant Biology; 0602 Ecology; 06 Biological Sciences; 0603 Evolutionary Biology,0607 Plant Biology,0602 Ecology,06 Biological Sciences,0603 Evolutionary Biology,
105,100,pub.1100711936,10.1002/j.1537-2197.1993.tb13826.x,,,VARIATION AND COVARIATION AMONG FLORAL TRAITS WITHIN AND AMONG FOUR SPECIES OF NORTHERN EUROPEAN PRIMULA (PRIMULACEAE),American Journal of Botany,,,1993-04,1993,80,4,474-485,All OA; Gold,Article,"Mazer, Susan J.; Hultgård, Ulla‐Maj",,"Mazer, Susan J. (University of California, Santa Barbara); Hultgård, Ulla‐Maj (Uppsala University)",14,1,,,https://doi.org/10.1002/j.1537-2197.1993.tb13826.x,https://app.dimensions.ai/details/publication/pub.1100711936,0604 Genetics; 06 Biological Sciences,0604 Genetics,06 Biological Sciences,,,
106,400,pub.1100746771,10.1002/j.1537-2197.1992.tb13715.x,30139140,,PLANTING DENSITY INFLUENCES THE EXPRESSION OF GENETIC VARIATION IN SEED MASS IN WILD RADISH (RAPHANUS SATIVUS L.: BRASSICACEAE),American Journal of Botany,,,1992-10,1992,79,10,1185-1193,Closed,Article,"Mazer, Susan J; Wolfe, Lorne M",,"Mazer, Susan J (University of California, Santa Barbara); Wolfe, Lorne M (University of California, Santa Barbara)",17,1,0.54,,,https://app.dimensions.ai/details/publication/pub.1100746771,0604 Genetics; 06 Biological Sciences,0604 Genetics,06 Biological Sciences,,,
107,200,pub.1069938269,10.2307/2445218,,,Planting Density Influences the Expression of Genetic Variation in Seed Mass in Wild Radish (Raphanus sativus L.: Brassicaceae),American Journal of Botany,,,1992-10,1992,79,10,1185,Closed,Article,"Mazer, Susan J.; Wolfe, Lorne M.",,"Mazer, Susan J. (); Wolfe, Lorne M. ()",19,0,,,,https://app.dimensions.ai/details/publication/pub.1069938269,0607 Plant Biology; 0602 Ecology; 06 Biological Sciences; 0603 Evolutionary Biology,0607 Plant Biology,0602 Ecology,06 Biological Sciences,0603 Evolutionary Biology,
108,400,pub.1085733089,10.1111/j.1558-5646.1991.tb02694.x,28563970,,CONSTANCY OF POPULATION PARAMETERS FOR LIFE‐HISTORY AND FLORAL TRAITS IN RAPHANUS SATIVUS L. II. EFFECTS OF PLANTING DENSITY ON PHENOTYPE AND HERITABILITY ESTIMATES,Evolution,,,1991-12,1991,45,8,1888-1907,Closed,Article,"Mazer, Susan J; Schick, Charles T",,"Mazer, Susan J (University of California, Santa Barbara); Schick, Charles T (University of California, Santa Barbara)",79,3,3.41,,,https://app.dimensions.ai/details/publication/pub.1085733089,0604 Genetics; 06 Biological Sciences,0604 Genetics,06 Biological Sciences,,,
109,200,pub.1069918733,10.2307/2409838,,,Constancy of Population Parameters for Life-History and Floral Traits in Raphanus sativus L. II. Effects of Planting Density on Phenotype and Heritability Estimates,Evolution,,,1991-12,1991,45,8,1888,Closed,Article,"Mazer, Susan J.; Schick, Charles T.",,"Mazer, Susan J. (); Schick, Charles T. ()",37,1,,,,https://app.dimensions.ai/details/publication/pub.1069918733,0602 Ecology; 06 Biological Sciences; 0603 Evolutionary Biology,0602 Ecology,06 Biological Sciences,0603 Evolutionary Biology,,
110,100,pub.1019269839,10.1038/hdy.1991.74,,,Constancy of population parameters for life history and floral traits in Raphanus sativus L. I. Norms of reaction and the nature of genotype by environment interactions,Heredity,,,1991-10,1991,67,2,143-156,All OA; Gold,Article,"Mazer, Susan J; Schick, Charles T",,"Mazer, Susan J (University of California, Santa Barbara); Schick, Charles T (University of California, Santa Barbara)",63,2,,,https://www.nature.com/articles/hdy199174.pdf,https://app.dimensions.ai/details/publication/pub.1019269839,0604 Genetics; 06 Biological Sciences,0604 Genetics,06 Biological Sciences,,,
111,200,pub.1085737374,10.1111/j.1558-5646.1991.tb02659.x,,,PLANT POPULATION GENETICS AS A RESEARCH TOOL,Evolution,,,1991-09,1991,45,6,1536-1538,All OA; Gold,Article,"Mazer, Susan J.",,"Mazer, Susan J. (University of California, Santa Barbara)",0,0,,,https://onlinelibrary.wiley.com/doi/pdf/10.1111/j.1558-5646.1991.tb02659.x,https://app.dimensions.ai/details/publication/pub.1085737374,0602 Ecology; 06 Biological Sciences; 0603 Evolutionary Biology,0602 Ecology,06 Biological Sciences,0603 Evolutionary Biology,,
112,100,pub.1041027891,10.1007/bf02270931,,,Seed mass of Indiana Dune genera and families: Taxonomic and ecological correlates,Evolutionary Ecology,,,1990-10,1990,4,4,326-357,Closed,Article,"Mazer, Susan J.",,"Mazer, Susan J. (University of California, Santa Barbara)",51,2,,,,https://app.dimensions.ai/details/publication/pub.1041027891,0602 Ecology; 06 Biological Sciences,0602 Ecology,06 Biological Sciences,,,
113,100,pub.1004272157,10.2307/2806703,,,Fruits of Wetherellia and Palaeowetherellia (?Euphorbiaceae) from Eocene Sediments in Virginia and Maryland,Brittonia,,,1982-07,1982,34,3,300,Closed,Article,"Mazer, Susan J.; Tiffney, Bruce H.",,"Mazer, Susan J. (Yale University); Tiffney, Bruce H. (Yale University)",21,2,,,,https://app.dimensions.ai/details/publication/pub.1004272157,0607 Plant Biology; 06 Biological Sciences; 0603 Evolutionary Biology,0607 Plant Biology,06 Biological Sciences,0603 Evolutionary Biology,,
