,"""About the data: Exported on Nov 01, 2019. Criteria: Researcher is Andrew R C Kylander-Clark. © 2019 Digital Science and Research Solutions Inc. All rights reserved. Unless otherwise agreed, redistribution / external use of this work is not permitted.""
",Unnamed: 1,Unnamed: 2,Unnamed: 3,Unnamed: 4,Unnamed: 5,Unnamed: 6,Unnamed: 7,Unnamed: 8,Unnamed: 9,Unnamed: 10,Unnamed: 11,Unnamed: 12,Unnamed: 13,Unnamed: 14,Unnamed: 15,Unnamed: 16,Unnamed: 17,Unnamed: 18,Unnamed: 19,Unnamed: 20,Unnamed: 21,Unnamed: 22,Unnamed: 23,Unnamed: 24,Unnamed: 25,Unnamed: 26,Unnamed: 27,Unnamed: 28,Unnamed: 29,Unnamed: 30
0,Rank,Publication ID,DOI,PMID,PMCID,Title,Source title,Anthology title,MeSH terms,Publication Date,PubYear,Volume,Issue,Pagination,Open Access,Publication Type,Authors,Corresponding Author,Authors Affiliations,Times cited,Recent citations,RCR,FCR,Source Linkout,Dimensions URL,FOR (ANZSRC) Categories,FOR 1,FOR 2,FOR 3,FOR 4,FOR 5
1,100,pub.1113269152,10.1144/jgs2018-224,,,"Thermal evolution of the Scandian hinterland, Naver nappe, northern Scotland",Journal of the Geological Society,,,2019-07,2019,176,4,669-688,Closed,Article,"Mako, Calvin A.; Law, Richard D.; Caddick, Mark J.; Thigpen, J. Ryan; Ashley, Kyle T.; Cottle, John; Kylander-Clark, Andrew",,"Mako, Calvin A. (Virginia Tech); Law, Richard D. (Virginia Tech); Caddick, Mark J. (Virginia Tech); Thigpen, J. Ryan (University of Kentucky); Ashley, Kyle T. (University of Pittsburgh); Cottle, John (University of California System); Kylander-Clark, Andrew (University of California System)",0,0,,,,https://app.dimensions.ai/details/publication/pub.1113269152,04 Earth Sciences; 0403 Geology,04 Earth Sciences,0403 Geology,,,
2,100,pub.1112688791,10.1130/g45727.1,,,Reactivation history of the North Anatolian fault zone based on calcite age-strain analyses,Geology,,,2019-05-01,2019,47,5,465-469,Closed,Article,"Nuriel, Perach; Craddock, John; Kylander-Clark, Andrew R.C.; Uysal, Tonguç; Karabacak, Volkan; Dirik, Ramazan Kadir; Hacker, Bradley R.; Weinberger, Ram",,"Nuriel, Perach (Geological Survey of Israel); Craddock, John (Macalester College); Kylander-Clark, Andrew R.C. (University of California, Santa Barbara); Uysal, Tonguç (); Karabacak, Volkan (Eskişehir Osmangazi University); Dirik, Ramazan Kadir (Hacettepe University); Hacker, Bradley R. (University of California, Santa Barbara); Weinberger, Ram (Geological Survey of Israel; Ben-Gurion University of the Negev)",1,1,,,,https://app.dimensions.ai/details/publication/pub.1112688791,04 Earth Sciences; 0403 Geology,04 Earth Sciences,0403 Geology,,,
3,100,pub.1110231246,10.1130/b31963.1,,,"Early arc development recorded in Permian−Triassic plutons of the northern Mojave Desert region, California, USA",Geological Society of America Bulletin,,,2019-05-01,2019,131,5-6,749-765,Closed,Article,"Cecil, M. Robinson; Ferrer, Mary Ann; Riggs, Nancy R.; Marsaglia, Kathleen; Kylander-Clark, Andrew; Ducea, Mihai N.; Stone, Paul",,"Cecil, M. Robinson (California State University, Northridge); Ferrer, Mary Ann (California State University, Northridge); Riggs, Nancy R. (Northern Arizona University); Marsaglia, Kathleen (California State University, Northridge); Kylander-Clark, Andrew (University of California, Santa Barbara); Ducea, Mihai N. (University of Arizona; University of Bucharest); Stone, Paul (United States Geological Survey)",0,0,,,,https://app.dimensions.ai/details/publication/pub.1110231246,04 Earth Sciences; 0403 Geology; 0402 Geochemistry,04 Earth Sciences,0403 Geology,0402 Geochemistry,,
4,100,pub.1114199602,10.1007/s00410-019-1578-2,,,"Interpreting titanite U–Pb dates and Zr thermobarometry in high-grade rocks: empirical constraints on elemental diffusivities of Pb, Al, Fe, Zr, Nb, and Ce",Contributions to Mineralogy and Petrology,,,2019-05,2019,174,5,42,Closed,Article,"Holder, Robert M.; Hacker, Bradley R.; Seward, Gareth G. E.; Kylander-Clark, Andrew R. C.","Holder, Robert M.","Holder, Robert M. (Johns Hopkins University); Hacker, Bradley R. (University of California, Santa Barbara); Seward, Gareth G. E. (University of California, Santa Barbara); Kylander-Clark, Andrew R. C. (University of California, Santa Barbara)",1,1,,,,https://app.dimensions.ai/details/publication/pub.1114199602,04 Earth Sciences; 0403 Geology,04 Earth Sciences,0403 Geology,,,
5,100,pub.1107731592,10.1016/j.gsf.2018.09.007,,,Campaign-style U-Pb titanite petrochronology; along-strike variations in timing of metamorphism in the Himalayan Metamorphic Core,Geoscience Frontiers,,,2019-05,2019,10,3,827-847,All OA; Gold,Article,"Mottram, Catherine M.; Cottle, John; Kylander-Clark, Andrew","Mottram, Catherine M.","Mottram, Catherine M. (University of Portsmouth); Cottle, John (University of California, Santa Barbara); Kylander-Clark, Andrew (University of California, Santa Barbara)",6,6,,,https://doi.org/10.1016/j.gsf.2018.09.007,https://app.dimensions.ai/details/publication/pub.1107731592,04 Earth Sciences; 0403 Geology,04 Earth Sciences,0403 Geology,,,
6,100,pub.1111979154,10.1016/j.epsl.2019.01.040,,,Extreme enriched and heterogeneous 87Sr/86Sr ratios recorded in magmatic plagioclase from the Samoan hotspot,Earth and Planetary Science Letters,,,2019-04,2019,511,Nature 336 1988,190-201,Closed,Article,"Edwards, M.A.; Jackson, M.G.; Kylander-Clark, A.R.C.; Harvey, J.; Hagen-Peter, G.A.; Seward, G.G.E.; Till, C.B.; Adams, J.V.; Cottle, J.M.; Hacker, B.R.; Spera, F.J.","Edwards, M.A.","Edwards, M.A. (University of California, Santa Barbara); Jackson, M.G. (University of California, Santa Barbara); Kylander-Clark, A.R.C. (University of California, Santa Barbara); Harvey, J. (University of Leeds); Hagen-Peter, G.A. (Aarhus University); Seward, G.G.E. (University of California, Santa Barbara); Till, C.B. (Arizona State University); Adams, J.V. (University of California, Santa Barbara); Cottle, J.M. (University of California, Santa Barbara); Hacker, B.R. (University of California, Santa Barbara); Spera, F.J. (University of California, Santa Barbara)",0,0,,,,https://app.dimensions.ai/details/publication/pub.1111979154,04 Earth Sciences; 0403 Geology; 0402 Geochemistry,04 Earth Sciences,0403 Geology,0402 Geochemistry,,
7,100,pub.1110760361,10.1016/j.gr.2018.10.019,,,Neoproterozoic hydrothermal activity in the West Australian Craton related to Rodinia assembly or breakup?,Gondwana Research,,,2019-04,2019,68,Chemical Geology 347 2013,1-12,Closed,Article,"Olierook, Hugo K.H.; Agangi, Andrea; Plavsa, Diana; Reddy, Steven M.; Yao, Weihua; Clark, Chris; Occhipinti, Sandra A.; Kylander-Clark, Andrew R.C.","Olierook, Hugo K.H.","Olierook, Hugo K.H. (Curtin University); Agangi, Andrea (Curtin University; University of Johannesburg); Plavsa, Diana (Curtin University; University of South Australia); Reddy, Steven M. (Curtin University); Yao, Weihua (Curtin University; Sun Yat-sen University); Clark, Chris (Curtin University); Occhipinti, Sandra A. (University of Western Australia); Kylander-Clark, Andrew R.C. (University of California, Santa Barbara)",3,3,,,,https://app.dimensions.ai/details/publication/pub.1110760361,04 Earth Sciences; 0403 Geology,04 Earth Sciences,0403 Geology,,,
8,100,pub.1111497365,10.1111/jmg.12472,,,The timing of migmatization in the northern Arabian–Nubian Shield: Evidence for a juvenile sedimentary component in collision‐related batholiths,Journal of Metamorphic Geology,,,2019-03-28,2019,37,5,591-610,Closed,Article,"Elisha, Bar; Katzir, Yaron; Kylander‐Clark, Andrew R. C.; Golan, Tzahi; Coble, Matthew A.",,"Elisha, Bar (Ben-Gurion University of the Negev); Katzir, Yaron (Ben-Gurion University of the Negev); Kylander‐Clark, Andrew R. C. (University of California, Santa Barbara); Golan, Tzahi (Ben-Gurion University of the Negev); Coble, Matthew A. (Stanford University)",0,0,,,,https://app.dimensions.ai/details/publication/pub.1111497365,04 Earth Sciences; 0403 Geology,04 Earth Sciences,0403 Geology,,,
9,100,pub.1112285904,10.1029/2018tc005076,,,Major Late Cretaceous Mass Flows in Central Turkey Recording the Disruption of the Mesozoic Continental Margin,Tectonics,,,2019-03,2019,38,3,960-989,Closed,Article,"Okay, Aral I.; Altıner, Demir; Kylander‐Clark, Andrew R. C.",,"Okay, Aral I. (Istanbul Technical University); Altıner, Demir (Middle East Technical University); Kylander‐Clark, Andrew R. C. (University of California System)",2,2,,,,https://app.dimensions.ai/details/publication/pub.1112285904,04 Earth Sciences; 0403 Geology,04 Earth Sciences,0403 Geology,,,
10,100,pub.1107571389,10.1111/jmg.12458,,,REE partitioning between monazite and garnet: Implications for petrochronology,Journal of Metamorphic Geology,,,2019-02,2019,37,2,227-237,Closed,Article,"Hacker, Bradley; Kylander‐Clark, Andrew; Holder, Robert",,"Hacker, Bradley (University of California, Santa Barbara); Kylander‐Clark, Andrew (University of California, Santa Barbara); Holder, Robert (University of California, Santa Barbara)",2,2,,,,https://app.dimensions.ai/details/publication/pub.1107571389,04 Earth Sciences; 0403 Geology,04 Earth Sciences,0403 Geology,,,
11,100,pub.1091834365,10.1017/s0016756817000772,,,The Thrace Basin and the Black Sea: the Eocene–Oligocene marine connection,Geological Magazine,,,2019-01,2019,156,1,39-61,Closed,Article,"OKAY, ARAL I.; ÖZCAN, ERCAN; HAKYEMEZ, AYNUR; SIYAKO, MUZAFFER; SUNAL, GÜRSEL; KYLANDER-CLARK, ANDREW R.C.",,"OKAY, ARAL I. (Istanbul Technical University); ÖZCAN, ERCAN (Istanbul Technical University); HAKYEMEZ, AYNUR (); SIYAKO, MUZAFFER (); SUNAL, GÜRSEL (Istanbul Technical University); KYLANDER-CLARK, ANDREW R.C. (University of California, Santa Barbara)",3,3,,,,https://app.dimensions.ai/details/publication/pub.1091834365,04 Earth Sciences; 0403 Geology,04 Earth Sciences,0403 Geology,,,
12,100,pub.1106384208,10.1111/ggr.12238,,,Trace Element Characterisation of MAD‐559 Zircon Reference Material for Ion Microprobe Analysis,Geostandards and Geoanalytical Research,,,2018-12,2018,42,4,481-497,Closed,Article,"Coble, Matthew A.; Vazquez, Jorge A.; Barth, Andrew P.; Wooden, Joseph; Burns, Dale; Kylander‐Clark, Andrew; Jackson, Simon; Vennari, Cara E.",,"Coble, Matthew A. (Stanford University); Vazquez, Jorge A. (United States Geological Survey); Barth, Andrew P. (Indiana University – Purdue University Indianapolis); Wooden, Joseph (Stanford University); Burns, Dale (Stanford University); Kylander‐Clark, Andrew (University of California, Santa Barbara); Jackson, Simon (Geological Survey of Canada); Vennari, Cara E. (University of California, Santa Cruz)",7,7,,,,https://app.dimensions.ai/details/publication/pub.1106384208,04 Earth Sciences; 0403 Geology,04 Earth Sciences,0403 Geology,,,
13,100,pub.1104408399,10.1111/jmg.12430,,,"Prolonged (>100 Ma) ultrahigh temperature metamorphism in the Napier Complex, East Antarctica: A petrochronological investigation of Earth's hottest crust",Journal of Metamorphic Geology,,,2018-12,2018,36,9,1117-1139,Closed,Article,"Clark, Chris; Taylor, Richard J. M.; Kylander‐Clark, Andrew R. C.; Hacker, Bradley R.",,"Clark, Chris (Curtin University); Taylor, Richard J. M. (Curtin University; University of Cambridge); Kylander‐Clark, Andrew R. C. (University of California, Santa Barbara); Hacker, Bradley R. (University of California, Santa Barbara)",2,2,,,,https://app.dimensions.ai/details/publication/pub.1104408399,04 Earth Sciences; 0403 Geology,04 Earth Sciences,0403 Geology,,,
14,100,pub.1107432134,10.1016/j.precamres.2018.10.001,,,"Igneous and detrital zircon U-Pb and Lu-Hf geochronology of the late Meso- to Neoproterozoic northwest Botswana rift: maximum depositional age and provenance of the Ghanzi Group, Kalahari Copperbelt, Botswana and Namibia",Precambrian Research,,,2018-11,2018,318,Precambrian Research 56 1992,133-155,Closed,Article,"Hall, Wesley S.; Hitzman, Murray W.; Kuiper, Yvette D.; Kylander-Clark, Andrew R.C.; Holm-Denoma, Christopher S.; Moscati, Richard J.; Plink-Björklund, Piret; Enders, M. Stephen","Hall, Wesley S.","Hall, Wesley S. (Colorado School of Mines); Hitzman, Murray W. (Colorado School of Mines); Kuiper, Yvette D. (Colorado School of Mines); Kylander-Clark, Andrew R.C. (University of California, Santa Barbara); Holm-Denoma, Christopher S. (Denver Federal Center); Moscati, Richard J. (Denver Federal Center); Plink-Björklund, Piret (Colorado School of Mines); Enders, M. Stephen (Colorado School of Mines)",3,3,,,,https://app.dimensions.ai/details/publication/pub.1107432134,04 Earth Sciences; 0403 Geology,04 Earth Sciences,0403 Geology,,,
15,200,pub.1107064173,10.1093/petrology/egy088,,,Using eclogite retrogression to track the rapid exhumation of the Pliocene Papua New Guinea UHP Terrane,Journal of Petrology,,,2018-09-18,2018,,,,Closed,Article,"DesOrmeau, Joel W; Gordon, Stacia M; Little, Timothy A; Bowring, Samuel A; Schoene, Blair; Samperton, Kyle M; Kylander-Clark, Andrew R C",,"DesOrmeau, Joel W (University of Nevada Reno); Gordon, Stacia M (University of Nevada Reno); Little, Timothy A (Victoria University of Wellington); Bowring, Samuel A (Massachusetts Institute of Technology); Schoene, Blair (Princeton University); Samperton, Kyle M (Princeton University; Lawrence Livermore National Laboratory); Kylander-Clark, Andrew R C (University of California, Santa Barbara)",3,3,,,,https://app.dimensions.ai/details/publication/pub.1107064173,0403 Geology; 04 Earth Sciences; 0404 Geophysics; 0402 Geochemistry,0403 Geology,04 Earth Sciences,0404 Geophysics,0402 Geochemistry,
16,200,pub.1103769546,10.1016/j.epsl.2018.04.032,,,Erratum to “Cenozoic deep crust in the Pamir” [Earth Planet. Sci. Lett. 312 (2011) 411–421],Earth and Planetary Science Letters,,,2018-07,2018,493,,172,Closed,Article,"Schmidt, Jennifer; Hacker, Bradley R.; Ratschbacher, Lothar; Stübner, Konstanze; Stearns, Michael; Kylander-Clark, Andrew; Cottle, John M.; Webb, A. Alexander G.; Gehrels, George; Minaev, Vladislav","Hacker, Bradley R.","Schmidt, Jennifer (University of California, Santa Barbara); Hacker, Bradley R. (University of California, Santa Barbara); Ratschbacher, Lothar (Freiberg University Of Mining And Technology); Stübner, Konstanze (Freiberg University Of Mining And Technology); Stearns, Michael (University of California, Santa Barbara); Kylander-Clark, Andrew (University of California, Santa Barbara); Cottle, John M. (University of California, Santa Barbara); Webb, A. Alexander G. (Louisiana State University); Gehrels, George (University of Arizona); Minaev, Vladislav (Academy of Sciences of the Republic of Tajikistan)",0,0,,,,https://app.dimensions.ai/details/publication/pub.1103769546,02 Physical Sciences; 04 Earth Sciences,02 Physical Sciences,04 Earth Sciences,,,
17,100,pub.1101678255,10.1016/j.jsames.2018.03.011,,,"Alluvial to lacustrine sedimentation in an endorheic basin during the Mio-Pliocene: The Toro Negro Formation, Central Andes of Argentina",Journal of South American Earth Sciences,,,2018-07,2018,84,J. S. Am. Earth Sci. 70 2016,69-87,Closed,Article,"Ciccioli, Patricia L.; Marenssi, Sergio A.; Amidon, William H.; Limarino, Carlos O.; Kylander-Clark, Andrew","Ciccioli, Patricia L.","Ciccioli, Patricia L. (University of Buenos Aires); Marenssi, Sergio A. (University of Buenos Aires); Amidon, William H. (Middlebury College); Limarino, Carlos O. (University of Buenos Aires); Kylander-Clark, Andrew (University of California, Santa Barbara)",1,1,,,,https://app.dimensions.ai/details/publication/pub.1101678255,04 Earth Sciences; 0403 Geology,04 Earth Sciences,0403 Geology,,,
18,100,pub.1100940743,10.1016/j.lithos.2018.02.007,,,Combined Lu-Hf and Sm-Nd geochronology of the Mariánské Lázně Complex: New constraints on the timing of eclogite- and granulite-facies metamorphism,Lithos,,,2018-04,2018,304-307,Geologische Rundschau 86 1997,74-94,Closed,Article,"Collett, Stephen; Štípská, Pavla; Schulmann, Karel; Peřestý, Vít; Soldner, Jeremie; Anczkiewicz, Robert; Lexa, Ondrej; Kylander-Clark, Andrew","Collett, Stephen","Collett, Stephen (Czech Geological Survey); Štípská, Pavla (Czech Geological Survey; University of Strasbourg); Schulmann, Karel (Czech Geological Survey; University of Strasbourg); Peřestý, Vít (Charles University); Soldner, Jeremie (Guangzhou Institute of Geochemistry); Anczkiewicz, Robert (Polish Academy of Sciences); Lexa, Ondrej (Charles University); Kylander-Clark, Andrew (University of California, Santa Barbara)",5,5,,,,https://app.dimensions.ai/details/publication/pub.1100940743,04 Earth Sciences; 0403 Geology,04 Earth Sciences,0403 Geology,,,
19,100,pub.1099624490,10.1016/j.lithos.2017.12.005,,,A middle Permian ophiolite fragment in Late Triassic greenschist- to blueschist-facies rocks in NW Turkey: An earlier pulse of suprasubduction-zone ophiolite formation in the Tethyan belt,Lithos,,,2018-02,2018,300,American Mineralogist 102 2017,121-135,Closed,Article,"Topuz, Gültekin; Okay, Aral I.; Schwarz, Winfried H.; Sunal, Gürsel; Altherr, Rainer; Kylander-Clark, Andrew R.C.","Topuz, Gültekin","Topuz, Gültekin (Istanbul Technical University); Okay, Aral I. (Istanbul Technical University); Schwarz, Winfried H. (Heidelberg University); Sunal, Gürsel (Istanbul Technical University); Altherr, Rainer (Heidelberg University); Kylander-Clark, Andrew R.C. (University of California, Santa Barbara)",10,10,,,,https://app.dimensions.ai/details/publication/pub.1099624490,04 Earth Sciences; 0403 Geology,04 Earth Sciences,0403 Geology,,,
20,100,pub.1092830375,10.1016/j.chemgeo.2017.11.011,,,"Microstructural, trace element and geochronological characterization of TiO2 polymorphs and implications for mineral exploration",Chemical Geology,,,2018-01,2018,476,,130-149,Closed,Article,"Plavsa, Diana; Reddy, Steven M.; Agangi, Andrea; Clark, Chris; Kylander-Clark, Andrew; Tiddy, Caroline J.","Plavsa, Diana","Plavsa, Diana (Curtin University; University of South Australia); Reddy, Steven M. (Curtin University); Agangi, Andrea (Curtin University); Clark, Chris (Curtin University); Kylander-Clark, Andrew (University of California, Santa Barbara); Tiddy, Caroline J. (University of South Australia)",4,4,,,,https://app.dimensions.ai/details/publication/pub.1092830375,04 Earth Sciences; 0403 Geology; 0402 Geochemistry,04 Earth Sciences,0403 Geology,0402 Geochemistry,,
21,200,pub.1104690317,10.1130/abs/2018rm-314382,,,DETRITAL ZIRCON GEOCHRONOLOGY AND GEOCHEMISTRY OF NACIMIENTO BLOCK FOREARC STRATA: IMPLICATIONS FOR THE PALEOGEOGRAPHY OF THE LATE MESOZOIC SOUTHERN CALIFORNIA MARGIN,Abstracts with programs (Geological Society of America),,,2018,2018,,,,Closed,Proceeding,"Johnston, Scott M.; Kylander-Clark, Andrew R.C.; Rioux, Matthew",,"Johnston, Scott M. (); Kylander-Clark, Andrew R.C. (); Rioux, Matthew ()",0,0,,,,https://app.dimensions.ai/details/publication/pub.1104690317,,,,,,
22,200,pub.1104690112,10.1130/abs/2018rm-314026,,,RAPID CONSTRUCTION OF THE MIOCENE AZTEC WASH PLUTON (NEVADA) FROM HIGH-PRECISION U-PB ZIRCON GEOCHRONOLOGY,Abstracts with programs (Geological Society of America),,,2018,2018,,,,Closed,Proceeding,"Leigh, Matthew J.; Blackburn, Terrence J.; Miller, Jonathan S.; Kylander-Clark, Andrew R.C.; Edwards, Graham H.",,"Leigh, Matthew J. (); Blackburn, Terrence J. (); Miller, Jonathan S. (); Kylander-Clark, Andrew R.C. (); Edwards, Graham H. ()",0,0,,,,https://app.dimensions.ai/details/publication/pub.1104690112,,,,,,
23,200,pub.1103307532,10.1130/abs/2018ne-311106,,,"ROCKS OF THE CORDILLERA DE LA COSTA, VENEZUELA RECORD RAPID EXHUMATION FOLLOWING LATE EOCENE, PROTO-CARIBBEAN (ATLANTIC)? SUBDUCTION",Abstracts with programs (Geological Society of America),,,2018,2018,,,,Closed,Proceeding,"Viete, Daniel R.; Kylander-Clark, Andrew R.C.; Allen, Mark B.; Seward, Gareth G.E.; Hacker, Bradley R.",,"Viete, Daniel R. (); Kylander-Clark, Andrew R.C. (); Allen, Mark B. (); Seward, Gareth G.E. (); Hacker, Bradley R. ()",0,0,,,,https://app.dimensions.ai/details/publication/pub.1103307532,,,,,,
24,200,pub.1103307244,10.1130/abs/2018ne-310491,,,ULTRAHIGH TEMPERATURE METAMORPHISM OF ARCHEAN CONTINENTAL CRUST: INSIGHTS FROM THE PETROCHRONOLOGY ARSENAL,Abstracts with programs (Geological Society of America),,,2018,2018,,,,Closed,Proceeding,"Guevara, Victor; Dragovic, Besim; Caddick, Mark J.; Couëslan, Chris. G.; Kylander-Clark, Andrew R.C.; Maclennan, Scott A.; Baxter, Ethan F.; Schoene, B.",,"Guevara, Victor (); Dragovic, Besim (); Caddick, Mark J. (); Couëslan, Chris. G. (); Kylander-Clark, Andrew R.C. (); Maclennan, Scott A. (); Baxter, Ethan F. (); Schoene, B. ()",0,0,,,,https://app.dimensions.ai/details/publication/pub.1103307244,,,,,,
25,100,pub.1083829904,10.1016/j.gsf.2017.01.006,,,"Calcite twinning strain variations across the Proterozoic Grenville orogen and Keweenaw-Kapuskasing inverted foreland, USA and Canada",Geoscience Frontiers,,,2017-11,2017,8,6,1357-1384,All OA; Gold,Article,"Craddock, John P.; Craddock, Suzanne D.; Konstantinou, Alex; Kylander-Clark, Andrew R.C.; Malone, David H.","Craddock, John P.","Craddock, John P. (Macalester College); Craddock, Suzanne D. (Northern Arizona University); Konstantinou, Alex (); Kylander-Clark, Andrew R.C. (University of California, Santa Barbara); Malone, David H. (Illinois State University)",7,4,,2.69,https://doi.org/10.1016/j.gsf.2017.01.006,https://app.dimensions.ai/details/publication/pub.1083829904,04 Earth Sciences; 0403 Geology,04 Earth Sciences,0403 Geology,,,
26,100,pub.1091607402,10.1002/2017tc004704,,,Foundering Triggered by the Collision of India and Asia Captured in Xenoliths,Tectonics,,,2017-10,2017,36,10,1913-1933,Closed,Article,"Shaffer, Madeline; Hacker, Bradley R.; Ratschbacher, Lothar; Kylander‐Clark, Andrew R. C.",,"Shaffer, Madeline (University of California, Santa Barbara); Hacker, Bradley R. (University of California, Santa Barbara); Ratschbacher, Lothar (Freiberg University Of Mining And Technology); Kylander‐Clark, Andrew R. C. (University of California, Santa Barbara)",8,8,,3.08,,https://app.dimensions.ai/details/publication/pub.1091607402,04 Earth Sciences; 0403 Geology,04 Earth Sciences,0403 Geology,,,
27,100,pub.1090340504,10.1111/ter.12280,,,Palaeocene faulting in SE Sweden from U–Pb dating of slickenfibre calcite,Terra Nova,,,2017-10,2017,29,5,321-328,Closed,Article,"Goodfellow, Bradley W.; Viola, Giulio; Bingen, Bernard; Nuriel, Perach; Kylander‐Clark, Andrew R.C.",,"Goodfellow, Bradley W. (Stockholm University; Lund University); Viola, Giulio (University of Bologna); Bingen, Bernard (Norwegian Geological Survey); Nuriel, Perach (University of California, Santa Barbara; Geological Survey of Israel); Kylander‐Clark, Andrew R.C. (University of California, Santa Barbara)",5,5,,1.92,,https://app.dimensions.ai/details/publication/pub.1090340504,04 Earth Sciences; 0403 Geology,04 Earth Sciences,0403 Geology,,,
28,100,pub.1090326553,10.1002/2017tc004488,,,"Building the Pamir‐Tibet Plateau—Crustal stacking, extensional collapse, and lateral extrusion in the Pamir: 3. Thermobarometry and petrochronology of deep Asian crust",Tectonics,,,2017-09,2017,36,9,1743-1766,Closed,Article,"Hacker, Bradley R.; Ratschbacher, Lothar; Rutte, Daniel; Stearns, Michael A.; Malz, Nicole; Stübner, Konstanze; Kylander‐Clark, Andrew R. C.; Pfänder, Jörg A.; Everson, Alexa",,"Hacker, Bradley R. (University of California, Santa Barbara); Ratschbacher, Lothar (Freiberg University Of Mining And Technology); Rutte, Daniel (Freiberg University Of Mining And Technology; University of California, Berkeley; Berkeley Geochronology Center); Stearns, Michael A. (University of California, Santa Barbara; University of Utah); Malz, Nicole (Freiberg University Of Mining And Technology); Stübner, Konstanze (Freiberg University Of Mining And Technology; University of Tübingen); Kylander‐Clark, Andrew R. C. (University of California, Santa Barbara); Pfänder, Jörg A. (Freiberg University Of Mining And Technology); Everson, Alexa (University of California, Santa Barbara)",14,12,,5.38,,https://app.dimensions.ai/details/publication/pub.1090326553,04 Earth Sciences; 0403 Geology,04 Earth Sciences,0403 Geology,,,
29,100,pub.1085589160,10.1016/j.precamres.2017.05.013,,,"Proterozoic reworking of Archean (Yilgarn) basement in the Bunger Hills, East Antarctica",Precambrian Research,,,2017-09,2017,298,Geophys. Res. Lett. 41 2014,16-38,Closed,Article,"Tucker, Naomi M.; Payne, Justin L.; Clark, Chris; Hand, Martin; Taylor, Richard J.M.; Kylander-Clark, Andrew R.C.; Martin, Laure","Tucker, Naomi M.","Tucker, Naomi M. (University of Adelaide); Payne, Justin L. (University of Adelaide; University of South Australia); Clark, Chris (Curtin University); Hand, Martin (University of Adelaide); Taylor, Richard J.M. (University of Cambridge); Kylander-Clark, Andrew R.C. (University of California, Santa Barbara); Martin, Laure (University of Western Australia)",9,7,,3.46,,https://app.dimensions.ai/details/publication/pub.1085589160,04 Earth Sciences; 0403 Geology,04 Earth Sciences,0403 Geology,,,
30,100,pub.1084868364,10.1111/jmg.12254,,,Interpreting granulite facies events through rare earth element partitioning arrays,Journal of Metamorphic Geology,,,2017-09,2017,35,7,759-775,"All OA; Green, Published",Article,"Taylor, R. J. M.; Clark, C.; Harley, S. L.; Kylander‐Clark, A. R. C.; Hacker, B. R.; Kinny, P. D.",,"Taylor, R. J. M. (Curtin University); Clark, C. (Curtin University); Harley, S. L. (University of Edinburgh); Kylander‐Clark, A. R. C. (University of California, Santa Barbara); Hacker, B. R. (University of California, Santa Barbara); Kinny, P. D. (Curtin University)",14,14,,5.38,https://onlinelibrary.wiley.com/doi/pdf/10.1111/jmg.12254,https://app.dimensions.ai/details/publication/pub.1084868364,04 Earth Sciences; 0403 Geology,04 Earth Sciences,0403 Geology,,,
31,100,pub.1085303844,10.1130/g38903.1,,,The onset of the Dead Sea transform based on calcite age-strain analyses,Geology,,,2017-07,2017,45,7,587-590,All OA; Gold,Article,"Nuriel, P.; Weinberger, R.; Kylander-Clark, A.R.C.; Hacker, B.R.; Craddock, J.P.",,"Nuriel, P. (Geological Survey of Israel); Weinberger, R. (Geological Survey of Israel; Ben-Gurion University of the Negev); Kylander-Clark, A.R.C. (University of California, Santa Barbara); Hacker, B.R. (University of California, Santa Barbara); Craddock, J.P. (Macalester College)",34,31,,13.07,https://pubs.geoscienceworld.org/gsa/geology/article-pdf/45/7/587/998851/587.pdf,https://app.dimensions.ai/details/publication/pub.1085303844,04 Earth Sciences; 0403 Geology,04 Earth Sciences,0403 Geology,,,
32,100,pub.1084932336,10.1016/j.precamres.2017.04.026,,,Ediacaran (∼620Ma) high-grade regional metamorphism in the northern Arabian Nubian Shield: U-Th-Pb monazite ages of the Elat schist,Precambrian Research,,,2017-07,2017,295,J. Metamorph. Geol. 27 2009,172-186,Closed,Article,"Elisha, Bar; Katzir, Yaron; Kylander-Clark, Andrew","Elisha, Bar","Elisha, Bar (Ben-Gurion University of the Negev); Katzir, Yaron (Ben-Gurion University of the Negev); Kylander-Clark, Andrew (University of California, Santa Barbara)",6,4,,2.31,,https://app.dimensions.ai/details/publication/pub.1084932336,04 Earth Sciences; 0403 Geology,04 Earth Sciences,0403 Geology,,,
33,500,pub.1085988770,10.1073/pnas.1700327114,28607045,PMC5488932,Mio-Pliocene aridity in the south-central Andes associated with Southern Hemisphere cold periods,Proceedings of the National Academy of Sciences,,,2017-06-20,2017,114,25,6474-6479,All OA; Gold,Article,"Amidon, William H.; Fisher, G. Burch; Burbank, Douglas W.; Ciccioli, Patricia L.; Alonso, Ricardo N.; Gorin, Andrew L.; Silverhart, Perri H.; Kylander-Clark, Andrew R. C.; Christoffersen, Michael S.",,"Amidon, William H. (Middlebury College); Fisher, G. Burch (The University of Texas at Austin; University of California, Santa Barbara); Burbank, Douglas W. (University of California, Santa Barbara); Ciccioli, Patricia L. (National Scientific and Technical Research Council); Alonso, Ricardo N. (National University of Salta); Gorin, Andrew L. (Middlebury College); Silverhart, Perri H. (Middlebury College); Kylander-Clark, Andrew R. C. (University of California, Santa Barbara); Christoffersen, Michael S. (The University of Texas at Austin)",11,11,0.71,3.91,https://www.pnas.org/content/pnas/114/25/6474.full.pdf,https://app.dimensions.ai/details/publication/pub.1085988770,0406 Physical Geography and Environmental Geoscience; 04 Earth Sciences; 0403 Geology,0406 Physical Geography and Environmental Geoscience,04 Earth Sciences,0403 Geology,,
34,200,pub.1090860764,10.1093/petrology/egx049,,,"Slab-Triggered Arc Flare-up in the Cretaceous Median Batholith and the Growth of Lower Arc Crust, Fiordland, New Zealand",Journal of Petrology,,,2017-06-01,2017,58,6,1145-1171,All OA; Gold,Article,"Decker, M.; Schwartz, J. J.; Stowell, H. H.; Klepeis, K. A.; Tulloch, A. J.; Kitajima, K.; Valley, J. W.; Kylander-Clark, A. R. C.",,"Decker, M. (California State University, Northridge); Schwartz, J. J. (California State University, Northridge); Stowell, H. H. (University of Alabama, Tuscaloosa); Klepeis, K. A. (University of Vermont); Tulloch, A. J. (GNS Science); Kitajima, K. (University of Wisconsin–Madison); Valley, J. W. (University of Wisconsin–Madison); Kylander-Clark, A. R. C. (University of California, Santa Barbara)",8,7,,3.03,https://academic.oup.com/petrology/article-pdf/58/6/1145/20707888/egx049.pdf,https://app.dimensions.ai/details/publication/pub.1090860764,0403 Geology; 04 Earth Sciences; 0404 Geophysics; 0402 Geochemistry,0403 Geology,04 Earth Sciences,0404 Geophysics,0402 Geochemistry,
35,200,pub.1090860763,10.1093/petrology/egx046,,,Controls on Trace Element Uptake in Metamorphic Titanite: Implications for Petrochronology,Journal of Petrology,,,2017-06-01,2017,58,6,1031-1057,All OA; Gold,Article,"Garber, J. M.; Hacker, B. R.; Kylander-Clark, A. R. C.; Stearns, M.; Seward, G.",,"Garber, J. M. (University of California, Santa Barbara); Hacker, B. R. (University of California, Santa Barbara); Kylander-Clark, A. R. C. (University of California, Santa Barbara); Stearns, M. (University of Utah); Seward, G. (University of California, Santa Barbara)",14,14,,5.3,https://academic.oup.com/petrology/article-pdf/58/6/1031/20707690/egx046.pdf,https://app.dimensions.ai/details/publication/pub.1090860763,0403 Geology; 04 Earth Sciences; 0404 Geophysics; 0402 Geochemistry,0403 Geology,04 Earth Sciences,0404 Geophysics,0402 Geochemistry,
36,100,pub.1084103067,10.1016/j.precamres.2017.03.005,,,"Linking the Windmill Islands, east Antarctica and the Albany–Fraser Orogen: Insights from U–Pb zircon geochronology and Hf isotopes",Precambrian Research,,,2017-05,2017,293,"Geol. Surv. Western Australia, Record 2012 4 2012",131-149,Closed,Article,"Morrissey, Laura J.; Payne, Justin L.; Hand, Martin; Clark, Chris; Taylor, Richard; Kirkland, Christopher L.; Kylander-Clark, Andrew","Morrissey, Laura J.","Morrissey, Laura J. (University of Adelaide); Payne, Justin L. (University of South Australia); Hand, Martin (University of Adelaide); Clark, Chris (Curtin University); Taylor, Richard (Curtin University); Kirkland, Christopher L. (Curtin University); Kylander-Clark, Andrew (University of California, Santa Barbara)",20,18,,7.69,,https://app.dimensions.ai/details/publication/pub.1084103067,04 Earth Sciences; 0403 Geology,04 Earth Sciences,0403 Geology,,,
37,100,pub.1084073547,10.1016/j.epsl.2017.02.032,,,A view into crustal evolution at mantle depths,Earth and Planetary Science Letters,,,2017-05,2017,465,Geol. Soc. Am. Bull. 118 2006,59-69,Closed,Article,"Kooijman, Ellen; Smit, Matthijs A.; Ratschbacher, Lothar; Kylander-Clark, Andrew R.C.","Kooijman, Ellen","Kooijman, Ellen (Swedish Museum of Natural History); Smit, Matthijs A. (University of British Columbia); Ratschbacher, Lothar (Freiberg University Of Mining And Technology); Kylander-Clark, Andrew R.C. (University of California System)",9,8,,3.22,,https://app.dimensions.ai/details/publication/pub.1084073547,04 Earth Sciences; 0403 Geology; 0402 Geochemistry,04 Earth Sciences,0403 Geology,0402 Geochemistry,,
38,100,pub.1083421336,10.1016/j.precamres.2017.01.027,,,"Constraints on the geodynamic evolution of the southern Superior Province: U-Pb LA-ICP-MS analysis of detrital zircon in successor basins of the Archean Abitibi and Pontiac subprovinces of Ontario and Quebec, Canada",Precambrian Research,,,2017-05,2017,292,Precambr. Res. 81 1997,398-416,Closed,Article,"Frieman, Ben M.; Kuiper, Yvette D.; Kelly, Nigel M.; Monecke, Thomas; Kylander-Clark, Andrew","Frieman, Ben M.","Frieman, Ben M. (Colorado School of Mines); Kuiper, Yvette D. (Colorado School of Mines); Kelly, Nigel M. (University of Colorado Boulder); Monecke, Thomas (Colorado School of Mines); Kylander-Clark, Andrew (University of California System)",5,5,,1.92,,https://app.dimensions.ai/details/publication/pub.1083421336,04 Earth Sciences; 0403 Geology,04 Earth Sciences,0403 Geology,,,
39,200,pub.1106978778,10.2138/rmg.2017.83.6,,,Petrochronology by Laser-Ablation Inductively Coupled Plasma Mass Spectrometry,Reviews in Mineralogy and Geochemistry,,,2017-02-01,2017,83,1,183-198,Closed,Article,"Kylander-Clark, Andrew R. C.",,"Kylander-Clark, Andrew R. C. (University of California, Santa Barbara)",16,7,,5.72,,https://app.dimensions.ai/details/publication/pub.1106978778,04 Earth Sciences; 0403 Geology; 0402 Geochemistry,04 Earth Sciences,0403 Geology,0402 Geochemistry,,
40,100,pub.1029078831,10.1016/j.jseaes.2016.11.028,,,"Provenance of a large Lower Cretaceous turbidite submarine fan complex on the active Laurasian margin: Central Pontides, northern Turkey",Journal of Asian Earth Sciences,,,2017-02,2017,134,J. Geodyn. 65 2013,309-329,"All OA; Green, Accepted & Submitted",Article,"Akdoğan, Remziye; Okay, Aral I.; Sunal, Gürsel; Tari, Gabor; Meinhold, Guido; Kylander-Clark, Andrew R.C.","Akdoğan, Remziye","Akdoğan, Remziye (Istanbul Technical University); Okay, Aral I. (Istanbul Technical University); Sunal, Gürsel (Istanbul Technical University); Tari, Gabor (); Meinhold, Guido (); Kylander-Clark, Andrew R.C. (University of California, Santa Barbara)",17,16,,6.54,http://eprints.keele.ac.uk/4087/1/Akdo%C4%9Fan_etal_2017_JEAS.pdf,https://app.dimensions.ai/details/publication/pub.1029078831,04 Earth Sciences; 0403 Geology,04 Earth Sciences,0403 Geology,,,
41,100,pub.1020070403,10.1111/bre.12139,,,"Provenance and tectonic implications of Orán Group foreland basin sediments, Río Iruya canyon, NW Argentina (23° S)",Basin Research,,,2017-02,2017,29,S1,96-112,All OA; Gold,Article,"Amidon, William H.; Luna, Lisa V.; Fisher, G. Burch; Burbank, Douglas W.; Kylander‐Clark, Andrew R. C.; Alonso, Ricardo",,"Amidon, William H. (Middlebury College); Luna, Lisa V. (Middlebury College); Fisher, G. Burch (University of California, Santa Barbara); Burbank, Douglas W. (University of California, Santa Barbara); Kylander‐Clark, Andrew R. C. (University of California, Santa Barbara); Alonso, Ricardo (National University of Salta)",3,2,,1.15,https://doi.org/10.1111/bre.12139,https://app.dimensions.ai/details/publication/pub.1020070403,04 Earth Sciences; 0403 Geology,04 Earth Sciences,0403 Geology,,,
42,100,pub.1017290291,10.1111/bre.12141,,,"Controls on intermontane basin filling, isolation and incision on the margin of the Puna Plateau, NW Argentina (~23°S)",Basin Research,,,2017-02,2017,29,S1,131-155,"All OA; Green, Published",Article,"Streit, Rebecca L.; Burbank, Douglas W.; Strecker, Manfred R.; Alonso, Ricardo N.; Cottle, John M.; Kylander‐Clark, Andrew R.C.",,"Streit, Rebecca L. (University of California System); Burbank, Douglas W. (University of California System); Strecker, Manfred R. (University of Potsdam); Alonso, Ricardo N. (National University of Salta); Cottle, John M. (University of California System); Kylander‐Clark, Andrew R.C. (University of California System)",10,6,,3.84,http://ri.conicet.gov.ar/bitstream/11336/66948/4/CONICET_Digital_Nro.d0bc78a9-c7d9-463c-80ea-1be3b0055773_C.pdf,https://app.dimensions.ai/details/publication/pub.1017290291,04 Earth Sciences; 0403 Geology,04 Earth Sciences,0403 Geology,,,
43,200,pub.1090514708,10.1515/9783110561890-007,,,6. Petrochronology by Laser-Ablation Inductively Coupled Plasma Mass Spectrometry,,Petrochronology,,2017-01-26,2017,,,183-198,Closed,Chapter,"Kylander-Clark, Andrew R. C.",,"Kylander-Clark, Andrew R. C. ()",1,1,,,,https://app.dimensions.ai/details/publication/pub.1090514708,,,,,,
44,200,pub.1099588803,10.1130/abs/2017am-301048,,,"RAPID PROGRADATION AND 400 K.Y. PACING OF THE WORLD’S LARGEST FORELAND CLINOTHEM, CRETACEOUS ARCTIC ALASKA",Abstracts with programs (Geological Society of America),,,2017,2017,,,,Closed,Proceeding,"Lease, Richard O.; Houseknecht, David W.; Kylander-Clark, Andrew R.C.",,"Lease, Richard O. (); Houseknecht, David W. (); Kylander-Clark, Andrew R.C. ()",0,0,,,,https://app.dimensions.ai/details/publication/pub.1099588803,,,,,,
45,200,pub.1099588783,10.1130/abs/2017am-299525,,,"MONAZITE AND TITANITE CONSTRAINTS ON THE PRECAMBRIAN METAMORPHIC EVOLUTION OF THE NW HIGHLANDS TERRANE, SCOTLAND",Abstracts with programs (Geological Society of America),,,2017,2017,,,,Closed,Proceeding,"Mako, Calvin A.; Law, Richard D.; Mazza, Sarah E.; Ashley, Kyle; Thigpen, J. Ryan; Cottle, John; Kylander-Clark, Andrew",,"Mako, Calvin A. (); Law, Richard D. (); Mazza, Sarah E. (); Ashley, Kyle (); Thigpen, J. Ryan (); Cottle, John (); Kylander-Clark, Andrew ()",0,0,,,,https://app.dimensions.ai/details/publication/pub.1099588783,,,,,,
46,200,pub.1099587301,10.1130/abs/2017am-297264,,,"A COMPARISON BETWEEN ZIRCON-RUTILE THERMOMETRY OF ECLOGITES: IMPLICATIONS FOR TEMPERATURE-TIME EVOLUTION OF THE NORTH QAIDAM UHP TERRANE, CHINA",Abstracts with programs (Geological Society of America),,,2017,2017,,,,Closed,Proceeding,"Hernández-Uribe, David; Mattinson, Chris G.; Neill, Owen K.; Kylander-Clark, Andrew; Lehman, Miranda R.",,"Hernández-Uribe, David (); Mattinson, Chris G. (); Neill, Owen K. (); Kylander-Clark, Andrew (); Lehman, Miranda R. ()",0,0,,,,https://app.dimensions.ai/details/publication/pub.1099587301,,,,,,
47,200,pub.1099586102,10.1130/abs/2017am-306087,,,CONTEMPORANEOUS MIGMITIZATION AND GRANITE EMPLACEMENT DURING REGIONAL METAMORPHISM: EVIDENCE FOR MID-CRUSTAL CONTRIBUTION TO THE BATHOLITHS OF THE ARABIAN-NUBIAN SHIELD,Abstracts with programs (Geological Society of America),,,2017,2017,,,,Closed,Proceeding,"Elisha, Bar; Katzir, Yaron; Kylander-Clark, Andrew",,"Elisha, Bar (); Katzir, Yaron (); Kylander-Clark, Andrew ()",0,0,,,,https://app.dimensions.ai/details/publication/pub.1099586102,,,,,,
48,200,pub.1099585690,10.1130/abs/2017am-296778,,,RECYCLING OF CONTINENTAL CRUST CAPTURED IN XENOLITHS,Abstracts with programs (Geological Society of America),,,2017,2017,,,,Closed,Proceeding,"Hacker, Bradley R.; Shaffer, Madeline; Ratschbacher, Lothar; Kylander-Clark, Andrew R.C.",,"Hacker, Bradley R. (); Shaffer, Madeline (); Ratschbacher, Lothar (); Kylander-Clark, Andrew R.C. ()",0,0,,,,https://app.dimensions.ai/details/publication/pub.1099585690,,,,,,
49,100,pub.1024708534,10.1016/j.jsames.2016.05.013,,,"U-Pb ages of detrital and volcanic zircons of the Toro Negro Formation, northwestern Argentina: Age, provenance and sedimentation rates",Journal of South American Earth Sciences,,,2016-10,2016,70,J. S. Am. Earth Sci. 40 2012,237-250,All OA; Gold,Article,"Amidon, William H.; Ciccioli, Patricia L.; Marenssi, Sergio A.; Limarino, Carlos O.; Fisher, G. Burch; Burbank, Douglas W.; Kylander-Clark, Andrew","Amidon, William H.","Amidon, William H. (Middlebury College); Ciccioli, Patricia L. (University of Buenos Aires); Marenssi, Sergio A. (University of Buenos Aires); Limarino, Carlos O. (University of Buenos Aires); Fisher, G. Burch (The University of Texas at Austin; University of California, Santa Barbara); Burbank, Douglas W. (University of California, Santa Barbara); Kylander-Clark, Andrew (University of California, Santa Barbara)",7,6,,1.87,https://manuscript.elsevier.com/S0895981116300803/pdf/S0895981116300803.pdf,https://app.dimensions.ai/details/publication/pub.1024708534,04 Earth Sciences; 0403 Geology,04 Earth Sciences,0403 Geology,,,
50,400,pub.1062440266,10.1126/sciadv.1601318,27617295,PMC5010368,Nanogeochronology of discordant zircon measured by atom probe microscopy of Pb-enriched dislocation loops,Science Advances,,Geologic Sediments; Geology; Lasers; Lead; Silicates; Volcanic Eruptions; Zirconium,2016-09,2016,2,9,e1601318,All OA; Gold,Article,"Peterman, Emily M.; Reddy, Steven M.; Saxey, David W.; Snoeyenbos, David R.; Rickard, William D. A.; Fougerouse, Denis; Kylander-Clark, Andrew R. C.",,"Peterman, Emily M. (Bowdoin College); Reddy, Steven M. (Curtin University); Saxey, David W. (Curtin University); Snoeyenbos, David R. (University of Massachusetts Amherst); Rickard, William D. A. (Curtin University); Fougerouse, Denis (Curtin University); Kylander-Clark, Andrew R. C. (University of California, Santa Barbara)",42,32,0.2,11.25,http://advances.sciencemag.org/content/2/9/e1601318.full.pdf,https://app.dimensions.ai/details/publication/pub.1062440266,04 Earth Sciences; 0403 Geology,04 Earth Sciences,0403 Geology,,,
51,100,pub.1019132309,10.1016/j.precamres.2016.07.010,,,A pulse of cryptic granulite-facies metamorphism in the Archean Wyoming Craton revealed by Sm–Nd garnet and U–Pb monazite geochronology,Precambrian Research,,,2016-09,2016,283,Earth Planet. Sci. Lett. 261 2007,24-49,Closed,Article,"Dragovic, Besim; Guevara, Victor E.; Caddick, Mark J.; Baxter, Ethan F.; Kylander-Clark, Andrew R.C.","Dragovic, Besim","Dragovic, Besim (Virginia Tech); Guevara, Victor E. (Virginia Tech); Caddick, Mark J. (Virginia Tech); Baxter, Ethan F. (Boston College; Boston University); Kylander-Clark, Andrew R.C. (University of California, Santa Barbara)",11,8,,2.95,,https://app.dimensions.ai/details/publication/pub.1019132309,04 Earth Sciences; 0403 Geology,04 Earth Sciences,0403 Geology,,,
52,100,pub.1069057112,10.2138/am-2016-5524,,,Dissolution-reprecipitation metasomatism and growth of zircon within phosphatic garnet in metapelites from western Massachusetts,American Mineralogist,,,2016-08,2016,101,8,1792-1806,Closed,Article,"Peterman, Emily M.; Snoeyenbos, David R.; Jercinovic, Michael J.; Kylander-Clark, Andrew",,"Peterman, Emily M. (Bowdoin College); Snoeyenbos, David R. (University of Massachusetts Amherst); Jercinovic, Michael J. (University of Massachusetts Amherst); Kylander-Clark, Andrew (University of California, Santa Barbara)",6,5,,1.48,,https://app.dimensions.ai/details/publication/pub.1069057112,04 Earth Sciences; 0403 Geology; 0402 Geochemistry,04 Earth Sciences,0403 Geology,0402 Geochemistry,,
53,100,pub.1026884913,10.1111/jmg.12193,,,"Uncoupled U/Pb and REE response in zircon during the transformation of eclogite to mafic and intermediate granulite (Blanský les, Bohemian Massif)",Journal of Metamorphic Geology,,,2016-08,2016,34,6,551-572,Closed,Article,"Štípská, P.; Powell, R.; Hacker, B. R.; Holder, R.; Kylander‐Clark, A. R. C.",,"Štípská, P. (University of Strasbourg; Czech Geological Survey); Powell, R. (University of Melbourne); Hacker, B. R. (University of California, Santa Barbara); Holder, R. (University of California, Santa Barbara); Kylander‐Clark, A. R. C. (University of California, Santa Barbara)",8,5,,1.82,,https://app.dimensions.ai/details/publication/pub.1026884913,04 Earth Sciences; 0402 Geochemistry,04 Earth Sciences,0402 Geochemistry,,,
54,100,pub.1062735626,10.1130/ges01232.1,,,Thermochronology of extensional orogenic collapse in the deep crust of Zealandia,Geosphere,,,2016-06,2016,12,3,647-677,All OA; Gold,Article,"Schwartz, Joshua J.; Stowell, Harold H.; Klepeis, Keith A.; Tulloch, Andy J.; Kylander-Clark, Andrew R.C.; Hacker, Bradley R.; Coble, Matthew A.",,"Schwartz, Joshua J. (California State University, Northridge); Stowell, Harold H. (University of Alabama, Tuscaloosa); Klepeis, Keith A. (University of Vermont); Tulloch, Andy J. (GNS Science); Kylander-Clark, Andrew R.C. (University of California, Santa Barbara); Hacker, Bradley R. (University of California, Santa Barbara); Coble, Matthew A. (Stanford University)",14,8,,3.75,https://pubs.geoscienceworld.org/gsa/geosphere/article-pdf/12/3/647/4092615/647.pdf,https://app.dimensions.ai/details/publication/pub.1062735626,04 Earth Sciences; 0403 Geology,04 Earth Sciences,0403 Geology,,,
55,100,pub.1034139666,10.1016/j.chemgeo.2015.12.011,,,Extracting thermal histories from the near-rim zoning in titanite using coupled U-Pb and trace-element depth profiles by single-shot laser-ablation split stream (SS-LASS) ICP-MS,Chemical Geology,,,2016-03,2016,422,PNAS 109 2012,13-24,All OA; Gold,Article,"Stearns, M.A.; Cottle, J.M.; Hacker, B.R.; Kylander-Clark, A.R.C.","Stearns, M.A.","Stearns, M.A. (); Cottle, J.M. (); Hacker, B.R. (); Kylander-Clark, A.R.C. ()",19,9,,4.31,https://manuscript.elsevier.com/S0009254115301303/pdf/S0009254115301303.pdf,https://app.dimensions.ai/details/publication/pub.1034139666,04 Earth Sciences; 0402 Geochemistry,04 Earth Sciences,0402 Geochemistry,,,
56,100,pub.1010513380,10.1016/j.lithos.2015.11.036,,,Geochronology and geochemistry of zircon from the northern Western Gneiss Region: Insights into the Caledonian tectonic history of western Norway,Lithos,,,2016-03,2016,246,,134-148,All OA; Gold,Article,"Gordon, Stacia M.; Whitney, Donna L.; Teyssier, Christian; Fossen, Haakon; Kylander-Clark, Andrew","Gordon, Stacia M.","Gordon, Stacia M. (University of Nevada Reno); Whitney, Donna L. (University of Minnesota); Teyssier, Christian (University of Minnesota); Fossen, Haakon (University of Bergen); Kylander-Clark, Andrew (University of California, Santa Barbara)",3,2,,0.8,https://manuscript.elsevier.com/S0024493715004429/pdf/S0024493715004429.pdf,https://app.dimensions.ai/details/publication/pub.1010513380,04 Earth Sciences; 0403 Geology,04 Earth Sciences,0403 Geology,,,
57,100,pub.1006971316,10.1002/2015tc004040,,,Focused radiogenic heating of middle crust caused ultrahigh temperatures in southern Madagascar,Tectonics,,,2016-02,2016,35,2,293-314,"All OA; Green, Published",Article,"Horton, Forrest; Hacker, Bradley; Kylander‐Clark, Andrew; Holder, Robert; Jöns, Niels",,"Horton, Forrest (University of California, Santa Barbara); Hacker, Bradley (University of California, Santa Barbara); Kylander‐Clark, Andrew (University of California, Santa Barbara); Holder, Robert (University of California, Santa Barbara); Jöns, Niels (Ruhr University Bochum)",25,15,,6.7,https://authors.library.caltech.edu/66206/1/Horton_et_al-2016-Tectonics.pdf,https://app.dimensions.ai/details/publication/pub.1006971316,04 Earth Sciences; 0403 Geology,04 Earth Sciences,0403 Geology,,,
58,200,pub.1108096806,10.1130/abs/2016am-287043,,,"DIRECT DATING OF EXHUMATIONAL FABRICS IN THE ANITA SHEAR ZONE, FIORDLAND, NEW ZEALAND",Abstracts with programs (Geological Society of America),,,2016,2016,,,,Closed,Proceeding,"Simon, Isaac John-Peter; Schwartz, Joshua J.; Klepeis, Keith; Stowell, Harold; Kylander-Clark, Andrew",,"Simon, Isaac John-Peter (); Schwartz, Joshua J. (); Klepeis, Keith (); Stowell, Harold (); Kylander-Clark, Andrew ()",1,1,,,,https://app.dimensions.ai/details/publication/pub.1108096806,,,,,,
59,200,pub.1108096791,10.1130/abs/2016am-287064,,,AGE OF ECLOGITE-FACIES METAMORPHISM AND EXHUMATION IN NORTHWESTERN BHUTAN,Abstracts with programs (Geological Society of America),,,2016,2016,,,,Closed,Proceeding,"Young, David J.; Regis, Daniele; Warren, Clare; Kylander-Clark, Andrew R.C.",,"Young, David J. (); Regis, Daniele (); Warren, Clare (); Kylander-Clark, Andrew R.C. ()",0,0,,,,https://app.dimensions.ai/details/publication/pub.1108096791,,,,,,
60,200,pub.1108096087,10.1130/abs/2016am-285451,,,EXTRACTING GEOLOGIC AGES FROM ISOTOPICALLY-DISTINCT NANOSCALE RESERVOIRS OF PB IN DISCORDANT ZIRCON BY ATOM PROBE MICROSCOPY,Abstracts with programs (Geological Society of America),,,2016,2016,,,,Closed,Proceeding,"Peterman, Emily M.; Reddy, Steven; Saxey, David W.; Snoeyenbos, David R.; Kylander-Clark, Andrew; Rickard, William D.A.; Fougerouse, Denis",,"Peterman, Emily M. (); Reddy, Steven (); Saxey, David W. (); Snoeyenbos, David R. (); Kylander-Clark, Andrew (); Rickard, William D.A. (); Fougerouse, Denis ()",0,0,,,,https://app.dimensions.ai/details/publication/pub.1108096087,,,,,,
61,200,pub.1108095558,10.1130/abs/2016am-285232,,,"EXHUMATION AND COOLING HISTORY OF GREATER HIMALAYAN ROCKS IN THE EASTERN HIMALAYA: A U-PB AND
                    40
                    AR/
                    39
                    AR THERMOCHRONOLOGY STUDY FROM CENTRAL AND EASTERN BHUTAN",Abstracts with programs (Geological Society of America),,,2016,2016,,,,Closed,Proceeding,"Zamora, Carolina L.; Gordon, Stacia M.; Long, Sean P.; Kylander-Clark, Andrew R.C.; McDonald, C.S.",,"Zamora, Carolina L. (); Gordon, Stacia M. (); Long, Sean P. (); Kylander-Clark, Andrew R.C. (); McDonald, C.S. ()",0,0,,,,https://app.dimensions.ai/details/publication/pub.1108095558,,,,,,
62,200,pub.1108095422,10.1130/abs/2016am-284904,,,ULTRAHIGH TEMPERATURE METAMORPHISM OF THE ARCHEAN PIKWITONEI GRANULITE DOMAIN,Abstracts with programs (Geological Society of America),,,2016,2016,,,,Closed,Proceeding,"Guevara, Victor E.; Dragovic, Besim; Caddick, Mark J.; Kylander-Clark, Andrew R.C.; Couëslan, Chris. G.",,"Guevara, Victor E. (); Dragovic, Besim (); Caddick, Mark J. (); Kylander-Clark, Andrew R.C. (); Couëslan, Chris. G. ()",0,0,,,,https://app.dimensions.ai/details/publication/pub.1108095422,,,,,,
63,100,pub.1042436670,10.1111/jmg.12167,,,"Migmatite gneiss of the Jættedal complex, Liverpool Land, East Greenland: protracted high‐T metamorphism in the overriding plate of the Caledonian orogen",Journal of Metamorphic Geology,,,2015-12,2015,33,9,1025-1046,"All OA; Green, Accepted & Submitted",Article,"Johnston, S. M.; Kylander‐Clark, A.; Brueckner, H. K.",,"Johnston, S. M. (California Polytechnic State University); Kylander‐Clark, A. (University of California, Santa Barbara); Brueckner, H. K. ()",0,0,,0,https://digitalcommons.calpoly.edu/cgi/viewcontent.cgi?article=1490&context=phy_fac,https://app.dimensions.ai/details/publication/pub.1042436670,04 Earth Sciences; 0403 Geology; 0402 Geochemistry,04 Earth Sciences,0403 Geology,0402 Geochemistry,,
64,100,pub.1014298080,10.1016/j.epsl.2015.07.058,,,Distinctly different parental magmas for calc-alkaline plutons and tholeiitic lavas in the central and eastern Aleutian arc,Earth and Planetary Science Letters,,,2015-12,2015,431,Tectonophysics 161 1989,119-126,All OA; Gold,Article,"Cai, Yue; Rioux, Matthew; Kelemen, Peter B.; Goldstein, Steven L.; Bolge, Louise; Kylander-Clark, Andrew R.C.","Cai, Yue","Cai, Yue (Lamont-Doherty Earth Observatory); Rioux, Matthew (University of California, Santa Barbara); Kelemen, Peter B. (Lamont-Doherty Earth Observatory; Columbia University); Goldstein, Steven L. (Lamont-Doherty Earth Observatory; Columbia University); Bolge, Louise (Lamont-Doherty Earth Observatory); Kylander-Clark, Andrew R.C. (University of California, Santa Barbara)",12,6,,2.23,https://manuscript.elsevier.com/S0012821X15005014/pdf/S0012821X15005014.pdf,https://app.dimensions.ai/details/publication/pub.1014298080,04 Earth Sciences; 0403 Geology; 0402 Geochemistry,04 Earth Sciences,0403 Geology,0402 Geochemistry,,
65,100,pub.1017407447,10.1016/j.chemgeo.2015.09.013,,,"Single-shot laser ablation split stream (SS-LASS) petrochronology deciphers multiple, short-duration metamorphic events",Chemical Geology,,,2015-11,2015,415,Proc. Natl. Acad. Sci. 109 2012,70-86,Closed,Article,"Viete, Daniel R.; Kylander-Clark, Andrew R.C.; Hacker, Bradley R.","Viete, Daniel R.","Viete, Daniel R. (Durham University; University of California, Santa Barbara); Kylander-Clark, Andrew R.C. (University of California, Santa Barbara); Hacker, Bradley R. (University of California, Santa Barbara)",14,6,,2.87,,https://app.dimensions.ai/details/publication/pub.1017407447,04 Earth Sciences; 0403 Geology,04 Earth Sciences,0403 Geology,,,
66,100,pub.1042543017,10.1016/j.chemgeo.2015.08.004,,,"Insights into (U)HP metamorphism of the Western Gneiss Region, Norway: A high-spatial resolution and high-precision zircon study",Chemical Geology,,,2015-10,2015,414,Terra Nova 3 1991,138-155,All OA; Gold,Article,"DesOrmeau, Joel W.; Gordon, Stacia M.; Kylander-Clark, Andrew R.C.; Hacker, Bradley R.; Bowring, Samuel A.; Schoene, Blair; Samperton, Kyle M.","DesOrmeau, Joel W.","DesOrmeau, Joel W. (University of Nevada Reno); Gordon, Stacia M. (University of Nevada Reno); Kylander-Clark, Andrew R.C. (University of California, Santa Barbara); Hacker, Bradley R. (University of California, Santa Barbara); Bowring, Samuel A. (Massachusetts Institute of Technology); Schoene, Blair (Princeton University); Samperton, Kyle M. (Princeton University)",15,9,,2.79,https://manuscript.elsevier.com/S0009254115300024/pdf/S0009254115300024.pdf,https://app.dimensions.ai/details/publication/pub.1042543017,04 Earth Sciences; 0403 Geology; 0402 Geochemistry,04 Earth Sciences,0403 Geology,0402 Geochemistry,,
67,100,pub.1034232804,10.1016/j.lithos.2015.06.029,,,"LASS U–Th–Pb monazite and rutile geochronology of felsic high-pressure granulites (Rhodope, N Greece): Effects of fluid, deformation and metamorphic reactions in local subsystems",Lithos,,,2015-09,2015,232,Chemical Geology 192 1-2 2002,266-285,Closed,Article,"Wawrzenitz, Nicole; Krohe, Alexander; Baziotis, Ioannis; Mposkos, Evripidis; Kylander-Clark, Andrew R.C.; Romer, Rolf L.","Wawrzenitz, Nicole","Wawrzenitz, Nicole (Helmholtz Centre Potsdam - GFZ German Research Centre for Geosciences; University of Potsdam); Krohe, Alexander (University of Münster); Baziotis, Ioannis (Agricultural University of Athens); Mposkos, Evripidis (National Technical University of Athens); Kylander-Clark, Andrew R.C. (University of California, Santa Barbara); Romer, Rolf L. (Helmholtz Centre Potsdam - GFZ German Research Centre for Geosciences)",8,2,,1.64,,https://app.dimensions.ai/details/publication/pub.1034232804,04 Earth Sciences; 0403 Geology,04 Earth Sciences,0403 Geology,,,
68,100,pub.1007017912,10.1002/2015gc005966,,,"Deeply dredged submarine HIMU glasses from the Tuvalu Islands, Polynesia: Implications for volatile budgets of recycled oceanic crust",Geochemistry Geophysics Geosystems,,,2015-09,2015,16,9,3210-3234,All OA; Gold,Article,"Jackson, M. G.; Koga, K. T.; Price, A.; Konter, J. G.; Koppers, A. A. P.; Finlayson, V. A.; Konrad, K.; Hauri, E. H.; Kylander‐Clark, A.; Kelley, K. A.; Kendrick, M. A.",,"Jackson, M. G. (University of California System); Koga, K. T. (Laboratoire Magmas et Volcans); Price, A. (University of California System); Konter, J. G. (University of Hawaii at Manoa); Koppers, A. A. P. (Oregon State University); Finlayson, V. A. (University of Hawaii at Manoa); Konrad, K. (Oregon State University); Hauri, E. H. (Department of Terrestrial Magnetism); Kylander‐Clark, A. (University of California System); Kelley, K. A. (University of Rhode Island); Kendrick, M. A. (Australian National University)",11,5,,2.05,https://agupubs.onlinelibrary.wiley.com/doi/pdf/10.1002/2015GC005966,https://app.dimensions.ai/details/publication/pub.1007017912,04 Earth Sciences; 0403 Geology; 0402 Geochemistry,04 Earth Sciences,0403 Geology,0402 Geochemistry,,
69,100,pub.1049009468,10.1016/j.chemgeo.2015.05.008,,,Monazite response to ultrahigh-pressure subduction from U–Pb dating by laser ablation split stream,Chemical Geology,,,2015-08,2015,409,Geol. Soc. Am. Bull. 118 2006,28-41,"All OA; Green, Published",Article,"Hacker, Bradley R.; Kylander-Clark, Andrew R.C.; Holder, Robert; Andersen, Torgeir B.; Peterman, Emily M.; Walsh, Emily O.; Munnikhuis, Jonathan K.","Hacker, Bradley R.","Hacker, Bradley R. (University of California, Santa Barbara); Kylander-Clark, Andrew R.C. (University of California, Santa Barbara); Holder, Robert (University of California, Santa Barbara); Andersen, Torgeir B. (); Peterman, Emily M. (Bowdoin College); Walsh, Emily O. (Cornell College); Munnikhuis, Jonathan K. (University of North Carolina System)",20,5,,3.72,https://escholarship.org/content/qt7gt6c8px/qt7gt6c8px.pdf?t=ntzqzj,https://app.dimensions.ai/details/publication/pub.1049009468,04 Earth Sciences; 0403 Geology; 0402 Geochemistry,04 Earth Sciences,0403 Geology,0402 Geochemistry,,
70,100,pub.1032866468,10.1016/j.chemgeo.2015.04.021,,,"Monazite trace-element and isotopic signatures of (ultra)high-pressure metamorphism: Examples from the Western Gneiss Region, Norway",Chemical Geology,,,2015-08,2015,409,Contrib. Mineral. Petrol. 153 2007,99-111,All OA; Gold,Article,"Holder, Robert M.; Hacker, Bradley R.; Kylander-Clark, Andrew R.C.; Cottle, John M.","Holder, Robert M.","Holder, Robert M. (University of California, Santa Barbara); Hacker, Bradley R. (University of California, Santa Barbara); Kylander-Clark, Andrew R.C. (University of California, Santa Barbara); Cottle, John M. (University of California, Santa Barbara)",28,11,,5.21,https://manuscript.elsevier.com/S000925411500234X/pdf/S000925411500234X.pdf,https://app.dimensions.ai/details/publication/pub.1032866468,04 Earth Sciences; 0403 Geology; 0402 Geochemistry,04 Earth Sciences,0403 Geology,0402 Geochemistry,,
71,100,pub.1027798637,10.1130/ges01133.1,,,"Plutonism in three dimensions: Field and geochemical relations on the southeast face of El Capitan, Yosemite National Park, California",Geosphere,,,2015-08,2015,11,4,1133-1157,All OA; Gold,Article,"Putnam, Roger; Glazner, Allen F.; Coleman, Drew S.; Kylander-Clark, Andrew R.C.; Pavelsky, Tamlin; Abbot, Miquela I.",,"Putnam, Roger (University of North Carolina System); Glazner, Allen F. (University of North Carolina System); Coleman, Drew S. (University of North Carolina System); Kylander-Clark, Andrew R.C. (University of California, Santa Barbara); Pavelsky, Tamlin (University of North Carolina System); Abbot, Miquela I. (University of North Carolina System; University of Chicago)",1,0,,0.21,https://pubs.geoscienceworld.org/gsa/geosphere/article-pdf/11/4/1133/3334788/1133.pdf,https://app.dimensions.ai/details/publication/pub.1027798637,04 Earth Sciences; 0403 Geology,04 Earth Sciences,0403 Geology,,,
72,100,pub.1028793197,10.1111/jmg.12123,,,Does continental crust transform during eclogite facies metamorphism?,Journal of Metamorphic Geology,,,2015-05,2015,33,4,331-357,Closed,Article,"Young, D. J.; Kylander‐Clark, A. R. C.",,"Young, D. J. (The University of Texas at San Antonio); Kylander‐Clark, A. R. C. (University of California, Santa Barbara)",20,10,,3.72,,https://app.dimensions.ai/details/publication/pub.1028793197,04 Earth Sciences; 0403 Geology; 0402 Geochemistry,04 Earth Sciences,0403 Geology,0402 Geochemistry,,
73,100,pub.1025378586,10.1111/jmg.12125,,,"Phase equilibria modelling and LASS monazite petrochronology: P–T–t constraints on the evolution of the Priest River core complex, northern Idaho",Journal of Metamorphic Geology,,,2015-05,2015,33,4,385-411,Closed,Article,"Stevens, L. M.; Baldwin, J. A.; Cottle, J. M.; Kylander‐Clark, A. R. C.",,"Stevens, L. M. (University of Montana); Baldwin, J. A. (University of Montana); Cottle, J. M. (University of California, Santa Barbara); Kylander‐Clark, A. R. C. (University of California, Santa Barbara)",9,3,,1.85,,https://app.dimensions.ai/details/publication/pub.1025378586,04 Earth Sciences; 0403 Geology,04 Earth Sciences,0403 Geology,,,
74,100,pub.1013827149,10.1093/petrology/egv026,,,"Monazite Dating of Prograde and Retrograde P–T–d paths in the Barrovian terrane of the Thaya window, Bohemian Massif",Journal of Petrology,,,2015-05,2015,56,5,1007-1035,All OA; Gold,Article,"Štípská, P.; Hacker, B. R.; Racek, M.; Holder, R.; Kylander-Clark, A. R. C.; Schulmann, K.; Hasalová, P.",,"Štípská, P. (Charles University); Hacker, B. R. (Charles University); Racek, M. (Charles University); Holder, R. (Charles University); Kylander-Clark, A. R. C. (Charles University); Schulmann, K. (Charles University); Hasalová, P. (Charles University)",22,10,,4.51,https://academic.oup.com/petrology/article-pdf/56/5/1007/16678045/egv026.pdf,https://app.dimensions.ai/details/publication/pub.1013827149,04 Earth Sciences; 0403 Geology,04 Earth Sciences,0403 Geology,,,
75,100,pub.1005230448,10.1111/jmg.12124,,,P–T–t–D record of crustal‐scale horizontal flow and magma‐assisted doming in the SW Mongolian Altai,Journal of Metamorphic Geology,,,2015-05,2015,33,4,359-383,Closed,Article,"Broussolle, A.; Štípská, P.; Lehmann, J.; Schulmann, K.; Hacker, B. R.; Holder, R.; Kylander‐Clark, A. R. C.; Hanžl, P.; Racek, M.; Hasalová, P.; Lexa, O.; Hrdličková, K.; Buriánek, D.",,"Broussolle, A. (University of Strasbourg; Czech Geological Survey); Štípská, P. (University of Strasbourg; Czech Geological Survey); Lehmann, J. (University of the Witwatersrand); Schulmann, K. (University of Strasbourg; Czech Geological Survey); Hacker, B. R. (University of California, Santa Barbara); Holder, R. (University of California, Santa Barbara); Kylander‐Clark, A. R. C. (University of California, Santa Barbara); Hanžl, P. (Czech Geological Survey); Racek, M. (Czech Geological Survey); Hasalová, P. (Czech Geological Survey); Lexa, O. (Czech Geological Survey; Charles University); Hrdličková, K. (Czech Geological Survey); Buriánek, D. (Czech Geological Survey)",14,4,,2.87,,https://app.dimensions.ai/details/publication/pub.1005230448,04 Earth Sciences; 0403 Geology,04 Earth Sciences,0403 Geology,,,
76,100,pub.1002822143,10.1007/s00410-015-1143-6,,,"Timing and conditions of metamorphism and melt crystallization in Greater Himalayan rocks, eastern and central Bhutan: insight from U–Pb zircon and monazite geochronology and trace-element analyses",Contributions to Mineralogy and Petrology,,,2015-05,2015,169,5,47,Closed,Article,"Zeiger, K.; Gordon, S. M.; Long, S. P.; Kylander-Clark, A. R. C.; Agustsson, K.; Penfold, M.","Gordon, S. M.","Zeiger, K. (University of Nevada Reno); Gordon, S. M. (University of Nevada Reno); Long, S. P. (University of Nevada Reno); Kylander-Clark, A. R. C. (University of California, Santa Barbara); Agustsson, K. (University of Nevada Reno); Penfold, M. (University of Nevada Reno)",16,7,,3.28,,https://app.dimensions.ai/details/publication/pub.1002822143,04 Earth Sciences; 0403 Geology,04 Earth Sciences,0403 Geology,,,
77,100,pub.1035543142,10.1002/2014jb011668,,,"U‐Pb dating of interspersed gabbroic magmatism and hydrothermal metamorphism during lower crustal accretion, Vema lithospheric section, Mid‐Atlantic Ridge",Journal of Geophysical Research Solid Earth,,,2015-04,2015,120,4,2093-2118,All OA; Gold,Article,"Rioux, Matthew; Jöns, Niels; Bowring, Samuel; Lissenberg, C. Johan; Bach, Wolfgang; Kylander‐Clark, Andrew; Hacker, Bradley; Dudás, Frank",,"Rioux, Matthew (Massachusetts Institute of Technology; University of California, Santa Barbara); Jöns, Niels (University of Bremen; Ruhr University Bochum); Bowring, Samuel (Massachusetts Institute of Technology); Lissenberg, C. Johan (Cardiff University); Bach, Wolfgang (University of Bremen); Kylander‐Clark, Andrew (University of California, Santa Barbara); Hacker, Bradley (University of California, Santa Barbara); Dudás, Frank (Massachusetts Institute of Technology)",7,2,,1.3,https://agupubs.onlinelibrary.wiley.com/doi/pdf/10.1002/2014JB011668,https://app.dimensions.ai/details/publication/pub.1035543142,04 Earth Sciences; 0403 Geology; 0402 Geochemistry,04 Earth Sciences,0403 Geology,0402 Geochemistry,,
78,100,pub.1020408265,10.1002/2014tc003774,,,Titanite petrochronology of the Pamir gneiss domes: Implications for middle to deep crust exhumation and titanite closure to Pb and Zr diffusion,Tectonics,,,2015-04,2015,34,4,784-802,All OA; Gold,Article,"Stearns, M. A.; Hacker, B. R.; Ratschbacher, L.; Rutte, D.; Kylander‐Clark, A. R. C.",,"Stearns, M. A. (); Hacker, B. R. (); Ratschbacher, L. (Freiberg University Of Mining And Technology); Rutte, D. (Freiberg University Of Mining And Technology); Kylander‐Clark, A. R. C. ()",51,27,,10.47,https://agupubs.onlinelibrary.wiley.com/doi/pdf/10.1002/2014TC003774,https://app.dimensions.ai/details/publication/pub.1020408265,04 Earth Sciences; 0403 Geology,04 Earth Sciences,0403 Geology,,,
79,100,pub.1040941017,10.1002/2014tc003582,,,Age and significance of felsic dikes from the UHP western gneiss region,Tectonics,,,2014-12,2014,33,12,2342-2360,All OA; Gold,Article,"Kylander‐Clark, Andrew R. C.; Hacker, Bradley R.",,"Kylander‐Clark, Andrew R. C. (University of California, Santa Barbara); Hacker, Bradley R. (University of California, Santa Barbara)",18,8,,3.04,https://agupubs.onlinelibrary.wiley.com/doi/pdf/10.1002/2014TC003582,https://app.dimensions.ai/details/publication/pub.1040941017,04 Earth Sciences; 0403 Geology,04 Earth Sciences,0403 Geology,,,
80,100,pub.1012939832,10.1111/jmg.12058,,,"Low‐pressure–high‐temperature metamorphism during extension in a Jurassic magmatic arc, Central Pontides, Turkey",Journal of Metamorphic Geology,,,2014-01,2014,32,1,49-69,Closed,Article,"Okay, A. I.; Sunal, G.; Tüysüz, O.; Sherlock, S.; Keskin, M.; Kylander‐Clark, A. R.C.",,"Okay, A. I. (Istanbul Technical University); Sunal, G. (Istanbul Technical University); Tüysüz, O. (Istanbul Technical University); Sherlock, S. (The Open University); Keskin, M. (Istanbul University); Kylander‐Clark, A. R.C. (University of California, Santa Barbara)",58,31,,9.04,,https://app.dimensions.ai/details/publication/pub.1012939832,04 Earth Sciences; 0403 Geology; 0402 Geochemistry,04 Earth Sciences,0403 Geology,0402 Geochemistry,,
81,100,pub.1062735250,10.1130/ges00917.1,,,U-Pb ages of detrital zircons from the Tertiary Mississippi River Delta in central Louisiana: Insights into sediment provenance,Geosphere,,,2013-12-01,2013,9,6,1832-1851,All OA; Gold,Article,"Craddock, William H.; Kylander-Clark, Andrew R.C.",,"Craddock, William H. (United States Geological Survey); Kylander-Clark, Andrew R.C. (University of California, Santa Barbara)",18,6,,2.74,https://pubs.geoscienceworld.org/gsa/geosphere/article-pdf/9/6/1832/3346789/1832.pdf,https://app.dimensions.ai/details/publication/pub.1062735250,04 Earth Sciences; 0403 Geology,04 Earth Sciences,0403 Geology,,,
82,100,pub.1012757462,10.1130/g34451.1,,,Synchronous Oligocene–Miocene metamorphism of the Pamir and the north Himalaya driven by plate-scale dynamics,Geology,,,2013-10-01,2013,41,10,1071-1074,Closed,Article,"Stearns, Michael A.; Hacker, Bradley R.; Ratschbacher, Lothar; Lee, Jeffrey; Cottle, John M.; Kylander-Clark, Andrew",,"Stearns, Michael A. (University of California, Santa Barbara); Hacker, Bradley R. (University of California, Santa Barbara); Ratschbacher, Lothar (Freiberg University Of Mining And Technology); Lee, Jeffrey (Central Washington University); Cottle, John M. (University of California, Santa Barbara); Kylander-Clark, Andrew (University of California, Santa Barbara)",50,15,,7.62,,https://app.dimensions.ai/details/publication/pub.1012757462,04 Earth Sciences; 0403 Geology,04 Earth Sciences,0403 Geology,,,
83,100,pub.1018126852,10.1016/j.precamres.2013.07.004,,,Discovery of an Eo-Meso-Neoarchean terrane in the East Greenland Caledonides,Precambrian Research,,,2013-09,2013,235,Earth and Planetary Science Letters 273 2008,295-302,"All OA; Green, Accepted & Submitted",Article,"Johnston, Scott M.; Kylander-Clark, Andrew R.C.","Johnston, Scott M.","Johnston, Scott M. (California Polytechnic State University); Kylander-Clark, Andrew R.C. (University of California, Santa Barbara)",3,1,,0.46,https://digitalcommons.calpoly.edu/cgi/viewcontent.cgi?article=1491&context=phy_fac,https://app.dimensions.ai/details/publication/pub.1018126852,04 Earth Sciences; 0403 Geology,04 Earth Sciences,0403 Geology,,,
84,100,pub.1009651929,10.1002/tect.20077,,,"Early Cretaceous sedimentation and orogeny on the active margin of Eurasia: Southern Central Pontides, Turkey",Tectonics,,,2013-09,2013,32,5,1247-1271,All OA; Gold,Article,"Okay, Aral I.; Sunal, Gürsel; Sherlock, Sarah; Alt&#55349;&#56996;ner, Demir; Tüysüz, Okan; Kylander‐Clark, Andrew R. C.; Aygül, Mesut",,"Okay, Aral I. (); Sunal, Gürsel (); Sherlock, Sarah (); Alt&#55349;&#56996;ner, Demir (); Tüysüz, Okan (); Kylander‐Clark, Andrew R. C. (University of California, Santa Barbara); Aygül, Mesut ()",90,47,,13.71,https://agupubs.onlinelibrary.wiley.com/doi/pdf/10.1002/tect.20077,https://app.dimensions.ai/details/publication/pub.1009651929,04 Earth Sciences; 0403 Geology,04 Earth Sciences,0403 Geology,,,
85,100,pub.1046951903,10.1130/ges00868.1,,,"Geochemistry and geochronology of the 1.3 Ga metatonalites from the Central Metasedimentary Belt boundary thrust zone in southern Ontario, Grenville Province, Canada",Geosphere,,,2013-08,2013,9,4,853-863,All OA; Gold,Article,"Agustsson, Kenjo S.; Johnston, Scott M.; Peck, William H.; Kylander-Clark, Andrew",,"Agustsson, Kenjo S. (California Polytechnic State University); Johnston, Scott M. (California Polytechnic State University); Peck, William H. (Colgate University); Kylander-Clark, Andrew (University of California System)",6,4,,0.91,https://pubs.geoscienceworld.org/gsa/geosphere/article-pdf/9/4/853/3345981/853.pdf,https://app.dimensions.ai/details/publication/pub.1046951903,04 Earth Sciences; 0403 Geology,04 Earth Sciences,0403 Geology,,,
86,100,pub.1031773942,10.1130/g33699.1,,,Petrochronology of Himalayan ultrahigh-pressure eclogite,Geology,,,2013-08,2013,41,8,835-838,Closed,Article,"Donaldson, Dennis G.; Webb, A. Alexander G.; Menold, Carrie A.; Kylander-Clark, Andrew R.C.; Hacker, Bradley R.",,"Donaldson, Dennis G. (Louisiana State University); Webb, A. Alexander G. (Louisiana State University); Menold, Carrie A. (Albion College); Kylander-Clark, Andrew R.C. (University of California, Santa Barbara); Hacker, Bradley R. (University of California, Santa Barbara)",56,23,,8.53,,https://app.dimensions.ai/details/publication/pub.1031773942,04 Earth Sciences; 0403 Geology,04 Earth Sciences,0403 Geology,,,
87,100,pub.1019642793,10.1016/j.chemgeo.2013.02.019,,,Laser-ablation split-stream ICP petrochronology,Chemical Geology,,,2013-05,2013,345,Geochimica et Cosmochimica Acta 29 1965,99-112,Closed,Article,"Kylander-Clark, Andrew R.C.; Hacker, Bradley R.; Cottle, John M.","Kylander-Clark, Andrew R.C.","Kylander-Clark, Andrew R.C. (University of California, Santa Barbara); Hacker, Bradley R. (University of California, Santa Barbara); Cottle, John M. (University of California, Santa Barbara)",185,65,,25.13,,https://app.dimensions.ai/details/publication/pub.1019642793,04 Earth Sciences; 0402 Geochemistry,04 Earth Sciences,0402 Geochemistry,,,
88,100,pub.1023881174,10.1016/j.chemgeo.2012.11.012,,,"Campaign-style titanite U–Pb dating by laser-ablation ICP: Implications for crustal flow, phase transformations and titanite closure",Chemical Geology,,,2013-03,2013,341,EOS. Transactions of the American Geophysical Union 80 1999,84-101,Closed,Article,"Spencer, K.J.; Hacker, B.R.; Kylander-Clark, A.R.C.; Andersen, T.B.; Cottle, J.M.; Stearns, M.A.; Poletti, J.E.; Seward, G.G.E.","Hacker, B.R.","Spencer, K.J. (); Hacker, B.R. (); Kylander-Clark, A.R.C. (); Andersen, T.B. (University of Oslo); Cottle, J.M. (); Stearns, M.A. (); Poletti, J.E. (); Seward, G.G.E. ()",102,28,,15.54,,https://app.dimensions.ai/details/publication/pub.1023881174,04 Earth Sciences; 0403 Geology,04 Earth Sciences,0403 Geology,,,
89,100,pub.1031127001,10.1039/c3ja50216c,,,Enhanced sensitivity in laser ablation multi-collector inductively coupled plasma mass spectrometry,Journal of Analytical Atomic Spectrometry,,,2013,2013,28,11,1700-1706,Closed,Article,"Cottle, John M.; Burrows, Andrew J.; Kylander-Clark, Andrew; Freedman, Philip A.; Cohen, Roy S.",,"Cottle, John M. (University of California, Santa Barbara); Burrows, Andrew J. (Ametek (United Kingdom)); Kylander-Clark, Andrew (University of California, Santa Barbara); Freedman, Philip A. (Ametek (United Kingdom)); Cohen, Roy S. (Ametek (United Kingdom))",34,11,,5.48,,https://app.dimensions.ai/details/publication/pub.1031127001,03 Chemical Sciences; 0301 Analytical Chemistry,03 Chemical Sciences,0301 Analytical Chemistry,,,
90,100,pub.1000678179,10.1016/j.chemgeo.2012.09.035,,,U–Th/Pb geochronology of detrital zircon and monazite by single shot laser ablation inductively coupled plasma mass spectrometry (SS-LA-ICPMS),Chemical Geology,,,2012-11,2012,332,Geological Society of America Bulletin 118 2006,136-147,Closed,Article,"Cottle, John M.; Kylander-Clark, Andrew R.; Vrijmoed, Johannes C.","Cottle, John M.","Cottle, John M. (University of California, Santa Barbara); Kylander-Clark, Andrew R. (University of California, Santa Barbara); Vrijmoed, Johannes C. (University of California, Santa Barbara)",54,15,,5.92,,https://app.dimensions.ai/details/publication/pub.1000678179,04 Earth Sciences; 0402 Geochemistry,04 Earth Sciences,0402 Geochemistry,,,
91,100,pub.1014194962,10.1016/j.epsl.2012.07.014,,,"Multi-stage exhumation of young UHP–HP rocks: Timescales of melt crystallization in the D’Entrecasteaux Islands, southeastern Papua New Guinea",Earth and Planetary Science Letters,,,2012-10,2012,351,Nature 418 2002,237-246,Closed,Article,"Gordon, S.M.; Little, T.A.; Hacker, B.R.; Bowring, S.A.; Korchinski, M.; Baldwin, S.L.; Kylander-Clark, A.R.C.","Gordon, S.M.","Gordon, S.M. (University of Nevada Reno); Little, T.A. (Victoria University of Wellington); Hacker, B.R. (University of California, Santa Barbara); Bowring, S.A. (Massachusetts Institute of Technology); Korchinski, M. (Victoria University of Wellington); Baldwin, S.L. (Syracuse University); Kylander-Clark, A.R.C. (University of California, Santa Barbara)",44,9,,7.34,,https://app.dimensions.ai/details/publication/pub.1014194962,04 Earth Sciences; 0403 Geology,04 Earth Sciences,0403 Geology,,,
92,100,pub.1029037158,10.1016/j.epsl.2011.12.036,,,Size and exhumation rate of ultrahigh-pressure terranes linked to orogenic stage,Earth and Planetary Science Letters,,,2012-03,2012,321,Earth Planet. Sci. Lett. 171 1999,115-120,"All OA; Green, Accepted & Submitted",Article,"Kylander-Clark, Andrew R.C.; Hacker, Bradley R.; Mattinson, Chris G.","Kylander-Clark, Andrew R.C.","Kylander-Clark, Andrew R.C. (University of California, Santa Barbara); Hacker, Bradley R. (University of California, Santa Barbara); Mattinson, Chris G. (Central Washington University)",81,22,,13.51,https://digitalcommons.cwu.edu/cgi/viewcontent.cgi?article=1028&context=cotsfac,https://app.dimensions.ai/details/publication/pub.1029037158,04 Earth Sciences; 0403 Geology,04 Earth Sciences,0403 Geology,,,
93,100,pub.1037820326,10.1016/j.epsl.2011.10.034,,,Cenozoic deep crust in the Pamir,Earth and Planetary Science Letters,,,2011-12,2011,312,3-4,411-421,Closed,Article,"Schmidt, Jennifer; Hacker, Bradley R.; Ratschbacher, Lothar; Stübner, Konstanze; Stearns, Michael; Kylander-Clark, Andrew; Cottle, John M.; Alexander, A.; Webb, G.; Gehrels, George; Minaev, Vladislav","Hacker, Bradley R.","Schmidt, Jennifer (University of California, Santa Barbara); Hacker, Bradley R. (University of California, Santa Barbara); Ratschbacher, Lothar (Freiberg University Of Mining And Technology); Stübner, Konstanze (Freiberg University Of Mining And Technology); Stearns, Michael (University of California, Santa Barbara); Kylander-Clark, Andrew (University of California, Santa Barbara); Cottle, John M. (University of California, Santa Barbara); Alexander, A. (Louisiana State University); Webb, G. (Louisiana State University); Gehrels, George (University of Arizona); Minaev, Vladislav (Academy of Sciences of the Republic of Tajikistan)",77,19,,9.68,,https://app.dimensions.ai/details/publication/pub.1037820326,04 Earth Sciences; 0403 Geology,04 Earth Sciences,0403 Geology,,,
94,100,pub.1006356997,10.1016/j.tecto.2009.08.012,,,High-temperature deformation during continental-margin subduction & exhumation: The ultrahigh-pressure Western Gneiss Region of Norway,Tectonophysics,,,2010-01,2010,480,1-4,149-171,"All OA; Green, Accepted & Submitted",Article,"Hacker, Bradley R.; Andersen, Torgeir B.; Johnston, Scott; Kylander-Clark, Andrew R.C.; Peterman, Emily M.; Walsh, Emily O.; Young, David","Young, David","Hacker, Bradley R. (University of California, Santa Barbara); Andersen, Torgeir B. (University of Oslo); Johnston, Scott (University of California, Santa Barbara); Kylander-Clark, Andrew R.C. (University of California, Santa Barbara); Peterman, Emily M. (University of California, Santa Barbara); Walsh, Emily O. (University of California, Santa Barbara); Young, David (University of California, Santa Barbara)",143,27,,14.89,https://digitalcommons.calpoly.edu/cgi/viewcontent.cgi?article=1306&context=phy_fac,https://app.dimensions.ai/details/publication/pub.1006356997,04 Earth Sciences; 0403 Geology,04 Earth Sciences,0403 Geology,,,
95,100,pub.1039234678,10.1029/2007tc002251,,,Slow subduction of a thick ultrahigh‐pressure terrane,Tectonics,,,2009-04,2009,28,2,n/a-n/a,All OA; Gold,Article,"Kylander‐Clark, Andrew R. C.; Hacker, Bradley R.; Johnson, Clark M.; Beard, Brian L.; Mahlen, Nancy J.",,"Kylander‐Clark, Andrew R. C. (University of California, Santa Barbara); Hacker, Bradley R. (University of California, Santa Barbara); Johnson, Clark M. (University of Wisconsin–Madison); Beard, Brian L. (University of Wisconsin–Madison); Mahlen, Nancy J. (University of Wisconsin–Madison)",75,10,,13.73,https://agupubs.onlinelibrary.wiley.com/doi/pdf/10.1029/2007TC002251,https://app.dimensions.ai/details/publication/pub.1039234678,04 Earth Sciences; 0403 Geology,04 Earth Sciences,0403 Geology,,,
96,100,pub.1053025333,10.1016/j.epsl.2008.05.019,,,"Slow exhumation of UHP terranes: Titanite and rutile ages of the Western Gneiss Region, Norway",Earth and Planetary Science Letters,,,2008-08,2008,272,3-4,531-540,Closed,Article,"Kylander-Clark, A.R.C.; Hacker, B.R.; Mattinson, J.M.","Kylander-Clark, A.R.C.","Kylander-Clark, A.R.C. (University of California, Santa Barbara); Hacker, B.R. (University of California, Santa Barbara); Mattinson, J.M. (University of California, Santa Barbara)",99,23,,9.77,,https://app.dimensions.ai/details/publication/pub.1053025333,04 Earth Sciences; 0403 Geology,04 Earth Sciences,0403 Geology,,,
97,200,pub.1088799138,10.1130/2008.fld011(03),,,Active tectonics of the eastern California shear zone,,"GSA Field Guide 11: Field Guide to Plutons, Volcanoes, Faults, Reefs, Dinosaurs, and Possible Glaciation in Selected Areas of Arizona, California, and Nevada",,2008,2008,11,,43-81,Closed,Chapter,"Frankel, Kurt L.; Glazner, Allen F.; Kirby, Eric; Monastero, Francis C.; Strane, Michael D.; Oskin, Michael E.; Unruh, Jeffrey R.; Walker, J. Douglas; Anandakrishnan, Sridhar; Bartley, John M.; Coleman, Drew S.; Dolan, James F.; Finkel, Robert C.; Greene, Dave; Kylander-Clark, Andrew; Marrero, Shasta; Owen, Lewis A.; Phillips, Fred",,"Frankel, Kurt L. (); Glazner, Allen F. (); Kirby, Eric (); Monastero, Francis C. (); Strane, Michael D. (); Oskin, Michael E. (); Unruh, Jeffrey R. (); Walker, J. Douglas (); Anandakrishnan, Sridhar (); Bartley, John M. (); Coleman, Drew S. (); Dolan, James F. (); Finkel, Robert C. (); Greene, Dave (); Kylander-Clark, Andrew (); Marrero, Shasta (); Owen, Lewis A. (); Phillips, Fred ()",18,3,,,,https://app.dimensions.ai/details/publication/pub.1088799138,,,,,,
98,100,pub.1052781728,10.1016/j.chemgeo.2007.03.006,,,Coupled Lu–Hf and Sm–Nd geochronology constrains prograde and exhumation histories of high- and ultrahigh-pressure eclogites from western Norway,Chemical Geology,,,2007-07,2007,242,1-2,137-154,Closed,Article,"Kylander-Clark, Andrew R.C.; Hacker, Bradley R.; Johnson, Clark M.; Beard, Brian L.; Mahlen, Nancy J.; Lapen, Thomas J.","Kylander-Clark, Andrew R.C.","Kylander-Clark, Andrew R.C. (University of California, Santa Barbara); Hacker, Bradley R. (University of California, Santa Barbara); Johnson, Clark M. (University of Wisconsin–Madison); Beard, Brian L. (University of Wisconsin–Madison); Mahlen, Nancy J. (University of Wisconsin–Madison); Lapen, Thomas J. (University of Houston)",107,15,,11.11,,https://app.dimensions.ai/details/publication/pub.1052781728,04 Earth Sciences; 0403 Geology,04 Earth Sciences,0403 Geology,,,
99,200,pub.1088798932,10.1130/2007.2434(07),,,"Large Laramide dextral offset across Owens Valley, California, and its possible relation to tectonic unroofing of the southern Sierra Nevada",,Special Paper 434: Exhumation Associated with Continental Strike-Slip Fault Systems,,2007,2007,434,,129-148,Closed,Chapter,"Bartley, John M.; Glazner, Allen F.; Coleman, Drew S.; Kylander-Clark, Andrew; Mapes, Russell; Friedrich, Anke M.",,"Bartley, John M. (); Glazner, Allen F. (); Coleman, Drew S. (); Kylander-Clark, Andrew (); Mapes, Russell (); Friedrich, Anke M. ()",15,4,,,,https://app.dimensions.ai/details/publication/pub.1088798932,,,,,,
100,100,pub.1039118733,10.1130/b25624.1,,,"Evidence for 65 km of dextral slip across Owens Valley, California, since 83 Ma",Geological Society of America Bulletin,,,2005,2005,117,7-8,962-968,Closed,Article,"Kylander-Clark, Andrew R.C.; Coleman, Drew S.; Glazner, Allen F.; Bartley, John M.",,"Kylander-Clark, Andrew R.C. (University of North Carolina System); Coleman, Drew S. (University of North Carolina System); Glazner, Allen F. (University of North Carolina System); Bartley, John M. (University of Utah)",27,1,,2.63,,https://app.dimensions.ai/details/publication/pub.1039118733,04 Earth Sciences; 0403 Geology,04 Earth Sciences,0403 Geology,,,
