,"""About the data: Exported on Oct 31, 2019. Criteria: Researcher is Jean M Carlson. © 2019 Digital Science and Research Solutions Inc. All rights reserved. Unless otherwise agreed, redistribution / external use of this work is not permitted.""
",Unnamed: 1,Unnamed: 2,Unnamed: 3,Unnamed: 4,Unnamed: 5,Unnamed: 6,Unnamed: 7,Unnamed: 8,Unnamed: 9,Unnamed: 10,Unnamed: 11,Unnamed: 12,Unnamed: 13,Unnamed: 14,Unnamed: 15,Unnamed: 16,Unnamed: 17,Unnamed: 18,Unnamed: 19,Unnamed: 20,Unnamed: 21,Unnamed: 22,Unnamed: 23,Unnamed: 24,Unnamed: 25,Unnamed: 26,Unnamed: 27,Unnamed: 28,Unnamed: 29,Unnamed: 30
0,Rank,Publication ID,DOI,PMID,PMCID,Title,Source title,Anthology title,MeSH terms,Publication Date,PubYear,Volume,Issue,Pagination,Open Access,Publication Type,Authors,Corresponding Author,Authors Affiliations,Times cited,Recent citations,RCR,FCR,Source Linkout,Dimensions URL,FOR (ANZSRC) Categories,FOR 1,FOR 2,FOR 3,FOR 4,FOR 5
1,500,pub.1117498025,10.1371/journal.pcbi.1007105,31242178,PMC6594582,Drosophila melanogaster grooming possesses syntax with distinct rules at different temporal scales,PLoS Computational Biology,,,2019-06-26,2019,15,6,e1007105,All OA; Gold,Article,"Mueller, Joshua M.; Ravbar, Primoz; Simpson, Julie H.; Carlson, Jean M.",,"Mueller, Joshua M. (University of California, Santa Barbara); Ravbar, Primoz (University of California, Santa Barbara); Simpson, Julie H. (University of California, Santa Barbara); Carlson, Jean M. (University of California, Santa Barbara)",2,2,,,https://journals.plos.org/ploscompbiol/article/file?id=10.1371/journal.pcbi.1007105&type=printable,https://app.dimensions.ai/details/publication/pub.1117498025,08 Information and Computing Sciences; 01 Mathematical Sciences; 06 Biological Sciences,08 Information and Computing Sciences,01 Mathematical Sciences,06 Biological Sciences,,
2,500,pub.1113578562,10.1103/physreve.99.042406,31108725,,Network models for characterization of trabecular bone,Physical Review E,,"Biomechanical Phenomena; Cancellous Bone; Humans; Models, Molecular; X-Ray Microtomography",2019-04,2019,99,4,042406,"All OA; Green, Accepted & Submitted",Article,"Mondal, Avik; Nguyen, Chantal; Ma, Xiao; Elbanna, Ahmed E; Carlson, Jean M",,"Mondal, Avik (University of California, Santa Barbara); Nguyen, Chantal (University of California, Santa Barbara); Ma, Xiao (University of Illinois at Urbana Champaign); Elbanna, Ahmed E (University of Illinois at Urbana Champaign); Carlson, Jean M (University of California, Santa Barbara)",1,1,,,http://arxiv.org/pdf/1811.00092,https://app.dimensions.ai/details/publication/pub.1113578562,09 Engineering; 0903 Biomedical Engineering,09 Engineering,0903 Biomedical Engineering,,,
3,100,pub.1107185173,10.1007/s10694-018-0770-7,,,Modeling Individual and Group Evacuation Decisions During Wildfires,Fire Technology,,,2019-03,2019,55,2,517-545,Closed,Article,"Nguyen, Chantal; Schlesinger, Kimberly J.; Han, Fangqiu; Gür, Izzeddin; Carlson, Jean M.","Nguyen, Chantal","Nguyen, Chantal (University of California, Santa Barbara); Schlesinger, Kimberly J. (University of California, Santa Barbara); Han, Fangqiu (University of California, Santa Barbara); Gür, Izzeddin (University of California, Santa Barbara); Carlson, Jean M. (University of California, Santa Barbara)",1,1,,,,https://app.dimensions.ai/details/publication/pub.1107185173,09 Engineering,09 Engineering,,,,
4,500,pub.1106414190,10.1098/rsos.180563,30225048,PMC6124118,Novel magnetic resonance technique for characterizing mesoscale structure of trabecular bone,Royal Society Open Science,,,2018-08,2018,5,8,180563,All OA; Gold,Article,"Nguyen, Chantal; Schlesinger, Kimberly J.; James, Timothy W.; James, Kristin M.; Sah, Robert L.; Masuda, Koichi; Carlson, Jean M.",,"Nguyen, Chantal (University of California, Santa Barbara); Schlesinger, Kimberly J. (University of California, Santa Barbara); James, Timothy W. (); James, Kristin M. (); Sah, Robert L. (University of California, San Diego); Masuda, Koichi (University of California, San Diego); Carlson, Jean M. (University of California, Santa Barbara)",1,1,,,https://royalsocietypublishing.org/doi/pdf/10.1098/rsos.180563,https://app.dimensions.ai/details/publication/pub.1106414190,08 Information and Computing Sciences; 09 Engineering; 11 Medical and Health Sciences; 1103 Clinical Sciences; 0903 Biomedical Engineering; 0801 Artificial Intelligence and Image Processing,08 Information and Computing Sciences,09 Engineering,11 Medical and Health Sciences,1103 Clinical Sciences,0903 Biomedical Engineering
5,500,pub.1099736390,10.1371/journal.pone.0187715,29261662,PMC5737970,Improving resolution of dynamic communities in human brain networks through targeted node removal,PLoS ONE,,Adult; Algorithms; Brain; Brain Mapping; Humans; Magnetic Resonance Imaging,2017-12-20,2017,12,12,e0187715,All OA; Gold,Article,"Schlesinger, Kimberly J.; Turner, Benjamin O.; Grafton, Scott T.; Miller, Michael B.; Carlson, Jean M.",,"Schlesinger, Kimberly J. (University of California, Santa Barbara); Turner, Benjamin O. (University of California, Santa Barbara); Grafton, Scott T. (University of California, Santa Barbara); Miller, Michael B. (University of California, Santa Barbara); Carlson, Jean M. (University of California, Santa Barbara)",1,1,0,0.49,https://journals.plos.org/plosone/article/file?id=10.1371/journal.pone.0187715&type=printable,https://app.dimensions.ai/details/publication/pub.1099736390,1109 Neurosciences; 11 Medical and Health Sciences,1109 Neurosciences,11 Medical and Health Sciences,,,
6,500,pub.1091895430,10.1162/netn_a_00025,30090874,PMC6063716,Sensitivity Analysis of Human Brain Structural Network Construction,Network Neuroscience,,,2017-12,2017,1,4,1-37,All OA; Gold,Article,"Wei, Kuang; Cieslak, Matthew; Greene, Clint; Grafton, Scott T; Carlson, Jean M",,"Wei, Kuang (University of Chicago; University of California, Santa Barbara); Cieslak, Matthew (University of California, Santa Barbara); Greene, Clint (University of California, Santa Barbara); Grafton, Scott T (University of California, Santa Barbara); Carlson, Jean M (University of California, Santa Barbara)",2,1,0,0.99,https://doi.org/10.1162/netn_a_00025,https://app.dimensions.ai/details/publication/pub.1091895430,1109 Neurosciences; 11 Medical and Health Sciences,1109 Neurosciences,11 Medical and Health Sciences,,,
7,500,pub.1004149783,10.1016/j.neuroimage.2016.09.001,27596025,,Age-dependent changes in task-based modular organization of the human brain,NeuroImage,,"Adolescent; Adult; Aged; Aging; Brain; Brain Mapping; Female; Humans; Magnetic Resonance Imaging; Male; Middle Aged; Models, Neurological; Neural Pathways; Recognition (Psychology)",2017-02,2017,146,,741-762,Closed,Article,"Schlesinger, Kimberly J.; Turner, Benjamin O.; Lopez, Brian A.; Miller, Michael B.; Carlson, Jean M.","Schlesinger, Kimberly J.","Schlesinger, Kimberly J. (University of California, Santa Barbara); Turner, Benjamin O. (University of California, Santa Barbara); Lopez, Brian A. (University of California, Santa Barbara); Miller, Michael B. (University of California, Santa Barbara); Carlson, Jean M. (University of California, Santa Barbara)",16,9,2.43,8.62,,https://app.dimensions.ai/details/publication/pub.1004149783,1109 Neurosciences; 17 Psychology and Cognitive Sciences; 11 Medical and Health Sciences; 1701 Psychology,1109 Neurosciences,17 Psychology and Cognitive Sciences,11 Medical and Health Sciences,1701 Psychology,
8,100,pub.1092749010,10.1145/3110025.3116204,,,Data-Driven Models for Individual and Group Decision Making,,Proceedings of the 2017 IEEE/ACM International Conference on Advances in Social Networks Analysis and Mining 2017  - ASONAM '17,,2017,2017,,,852-859,Closed,Proceeding,"Nguyen, Chantal; Schlesinger, Kimberly J.; Carlson, Jean M.",,"Nguyen, Chantal (University of California, Santa Barbara); Schlesinger, Kimberly J. (University of California, Santa Barbara); Carlson, Jean M. (University of California, Santa Barbara)",2,2,,1.39,,https://app.dimensions.ai/details/publication/pub.1092749010,08 Information and Computing Sciences; 17 Psychology and Cognitive Sciences; 0801 Artificial Intelligence and Image Processing; 1701 Psychology,08 Information and Computing Sciences,17 Psychology and Cognitive Sciences,0801 Artificial Intelligence and Image Processing,1701 Psychology,
9,400,pub.1012317887,10.1371/journal.pcbi.1005178,27880785,PMC5120784,Individual Differences in Dynamic Functional Brain Connectivity across the Human Lifespan,PLoS Computational Biology,,"Adaptation, Physiological; Adolescent; Adult; Aged; Brain; Cognition; Computer Simulation; Connectome; Female; Humans; Longevity; Male; Middle Aged; Models, Neurological; Nerve Net; Neural Pathways; Neuronal Plasticity; Reproducibility of Results; Sensitivity and Specificity; Young Adult",2016-11-23,2016,12,11,e1005178,All OA; Gold,Article,"Davison, Elizabeth N.; Turner, Benjamin O.; Schlesinger, Kimberly J.; Miller, Michael B.; Grafton, Scott T.; Bassett, Danielle S.; Carlson, Jean M.",,"Davison, Elizabeth N. (Princeton University); Turner, Benjamin O. (University of California, Santa Barbara); Schlesinger, Kimberly J. (University of California, Santa Barbara); Miller, Michael B. (University of California, Santa Barbara); Grafton, Scott T. (University of California, Santa Barbara); Bassett, Danielle S. (University of Pennsylvania); Carlson, Jean M. (University of California, Santa Barbara)",18,10,1.12,,https://journals.plos.org/ploscompbiol/article/file?id=10.1371/journal.pcbi.1005178&type=printable,https://app.dimensions.ai/details/publication/pub.1012317887,08 Information and Computing Sciences; 01 Mathematical Sciences; 06 Biological Sciences,08 Information and Computing Sciences,01 Mathematical Sciences,06 Biological Sciences,,
10,400,pub.1015013192,10.1371/journal.pone.0152950,27043931,PMC4820222,Optimizing Real-Time Vaccine Allocation in a Stochastic SIR Model,PLoS ONE,,"Algorithms; Communicable Disease Control; Disease Outbreaks; Humans; Models, Theoretical; Stochastic Processes; Time Factors; Vaccination",2016-04-04,2016,11,4,e0152950,All OA; Gold,Article,"Nguyen, Chantal; Carlson, Jean M.",,"Nguyen, Chantal (University of California, Santa Barbara); Carlson, Jean M. (University of California, Santa Barbara)",6,6,0.3,4.44,https://journals.plos.org/plosone/article/file?id=10.1371/journal.pone.0152950&type=printable,https://app.dimensions.ai/details/publication/pub.1015013192,01 Mathematical Sciences; 0104 Statistics,01 Mathematical Sciences,0104 Statistics,,,
11,100,pub.1001490165,10.1002/2015jb012741,,,Dynamic friction in sheared fault gouge: Implications of acoustic vibration on triggering and slow slip,Journal of Geophysical Research Solid Earth,,,2016-03,2016,121,3,1483-1496,All OA; Gold,Article,"Lieou, Charles K. C.; Elbanna, Ahmed E.; Carlson, Jean M.",,"Lieou, Charles K. C. (University of California, Santa Barbara; Los Alamos National Laboratory); Elbanna, Ahmed E. (University of Illinois at Urbana Champaign); Carlson, Jean M. (University of California, Santa Barbara)",9,5,,2.72,https://agupubs.onlinelibrary.wiley.com/doi/pdf/10.1002/2015JB012741,https://app.dimensions.ai/details/publication/pub.1001490165,04 Earth Sciences; 0404 Geophysics,04 Earth Sciences,0404 Geophysics,,,
12,400,pub.1060747931,10.1103/physreve.92.022209,26382396,,Stick-slip instabilities in sheared granular flow: The role of friction and acoustic vibrations,Physical Review E,,"Acoustics; Friction; Models, Theoretical; Motion; Pressure; Thermodynamics; Vibration",2015-08,2015,92,2,022209,All OA; Gold,Article,"Lieou, Charles K C; Elbanna, Ahmed E; Langer, J S; Carlson, J M",,"Lieou, Charles K C (University of California, Santa Barbara); Elbanna, Ahmed E (); Langer, J S (University of California, Santa Barbara); Carlson, J M (University of California, Santa Barbara)",19,9,0.58,5.15,https://link.aps.org/accepted/10.1103/PhysRevE.92.022209,https://app.dimensions.ai/details/publication/pub.1060747931,0914 Resources Engineering and Extractive Metallurgy; 09 Engineering,0914 Resources Engineering and Extractive Metallurgy,09 Engineering,,,
13,400,pub.1025088742,10.1371/journal.pone.0115826,25688857,PMC4331427,Optimal Vaccination in a Stochastic Epidemic Model of Two Non-Interacting Populations,PLoS ONE,,"Algorithms; Communicable Disease Control; Epidemics; Humans; Models, Theoretical; Vaccination",2015-02-17,2015,10,2,e0115826,All OA; Gold,Article,"Yuan, Edwin C.; Alderson, David L.; Stromberg, Sean; Carlson, Jean M.",,"Yuan, Edwin C. (University of California, Santa Barbara; Stanford University); Alderson, David L. (Naval Postgraduate School); Stromberg, Sean (University of California, Santa Barbara); Carlson, Jean M. (University of California, Santa Barbara)",10,7,0.42,5.44,https://journals.plos.org/plosone/article/file?id=10.1371/journal.pone.0115826&type=printable,https://app.dimensions.ai/details/publication/pub.1025088742,0102 Applied Mathematics; 01 Mathematical Sciences; 0104 Statistics,0102 Applied Mathematics,01 Mathematical Sciences,0104 Statistics,,
14,400,pub.1019894286,10.1371/journal.pcbi.1004029,25569227,PMC4287347,Brain Network Adaptability across Task States,PLoS Computational Biology,,"Adult; Brain; Brain Mapping; Humans; Image Processing, Computer-Assisted; Magnetic Resonance Imaging; Task Performance and Analysis",2015-01-08,2015,11,1,e1004029,All OA; Gold,Article,"Davison, Elizabeth N.; Schlesinger, Kimberly J.; Bassett, Danielle S.; Lynall, Mary-Ellen; Miller, Michael B.; Grafton, Scott T.; Carlson, Jean M.",,"Davison, Elizabeth N. (Princeton University; University of California, Santa Barbara); Schlesinger, Kimberly J. (University of California, Santa Barbara); Bassett, Danielle S. (University of Pennsylvania); Lynall, Mary-Ellen (University of Cambridge); Miller, Michael B. (University of California, Santa Barbara); Grafton, Scott T. (University of California, Santa Barbara); Carlson, Jean M. (University of California, Santa Barbara)",62,31,3.09,,https://journals.plos.org/ploscompbiol/article/file?id=10.1371/journal.pcbi.1004029&type=printable,https://app.dimensions.ai/details/publication/pub.1019894286,08 Information and Computing Sciences; 01 Mathematical Sciences; 06 Biological Sciences,08 Information and Computing Sciences,01 Mathematical Sciences,06 Biological Sciences,,
15,400,pub.1030585540,10.1371/journal.pcbi.1003712,25275860,PMC4183375,Resolving Anatomical and Functional Structure in Human Brain Organization: Identifying Mesoscale Organization in Weighted Network Representations,PLoS Computational Biology,,"Adult; Brain; Computational Biology; Female; Humans; Male; Middle Aged; Models, Neurological; Nerve Net; Neural Pathways; Schizophrenia",2014-10-02,2014,10,10,e1003712,All OA; Gold,Article,"Lohse, Christian; Bassett, Danielle S.; Lim, Kelvin O.; Carlson, Jean M.",,"Lohse, Christian (Heidelberg University); Bassett, Danielle S. (University of California, Santa Barbara; University of Pennsylvania); Lim, Kelvin O. (University of Minnesota System); Carlson, Jean M. (University of California, Santa Barbara)",42,12,1.81,,https://journals.plos.org/ploscompbiol/article/file?id=10.1371/journal.pcbi.1003712&type=printable,https://app.dimensions.ai/details/publication/pub.1030585540,08 Information and Computing Sciences; 01 Mathematical Sciences; 06 Biological Sciences,08 Information and Computing Sciences,01 Mathematical Sciences,06 Biological Sciences,,
16,400,pub.1047645170,10.1103/physreve.90.032204,25314434,,Shear flow of angular grains: Acoustic effects and nonmonotonic rate dependence of volume,Physical Review E,,"Acoustics; Kinetics; Mechanical Phenomena; Models, Theoretical; Motion; Temperature",2014-09,2014,90,3,032204,All OA; Gold,Article,"Lieou, Charles K C; Elbanna, Ahmed E; Langer, J S; Carlson, J M",,"Lieou, Charles K C (University of California, Santa Barbara); Elbanna, Ahmed E (); Langer, J S (University of California, Santa Barbara); Carlson, J M (University of California, Santa Barbara)",11,2,0.52,3.66,https://link.aps.org/accepted/10.1103/PhysRevE.90.032204,https://app.dimensions.ai/details/publication/pub.1047645170,0905 Civil Engineering; 09 Engineering,0905 Civil Engineering,09 Engineering,,,
17,400,pub.1010542858,10.1371/journal.pone.0102821,25054623,PMC4108359,Coevolutionary Immune System Dynamics Driving Pathogen Speciation,PLoS ONE,,"Adaptive Immunity; Algorithms; Biological Evolution; Host-Pathogen Interactions; Humans; Immune System; Infection; Models, Immunological; T-Lymphocytes",2014-07-23,2014,9,7,e102821,All OA; Gold,Article,"Schlesinger, Kimberly J.; Stromberg, Sean P.; Carlson, Jean M.",,"Schlesinger, Kimberly J. (University of California, Santa Barbara); Stromberg, Sean P. (University of California, Santa Barbara); Carlson, Jean M. (University of California, Santa Barbara)",2,1,0.1,0.34,https://journals.plos.org/plosone/article/file?id=10.1371/journal.pone.0102821&type=printable,https://app.dimensions.ai/details/publication/pub.1010542858,11 Medical and Health Sciences; 1107 Immunology,11 Medical and Health Sciences,1107 Immunology,,,
18,100,pub.1004984783,10.1002/2014jb011001,,,A two‐scale model for sheared fault gouge: Competition between macroscopic disorder and local viscoplasticity,Journal of Geophysical Research Solid Earth,,,2014-06,2014,119,6,4841-4859,All OA; Gold,Article,"Elbanna, A. E.; Carlson, J. M.",,"Elbanna, A. E. (University of Illinois at Urbana Champaign); Carlson, J. M. (University of California System)",10,2,,1.69,https://agupubs.onlinelibrary.wiley.com/doi/pdf/10.1002/2014JB011001,https://app.dimensions.ai/details/publication/pub.1004984783,04 Earth Sciences; 0403 Geology,04 Earth Sciences,0403 Geology,,,
19,400,pub.1050083882,10.1371/journal.pcbi.1003591,24830758,PMC4022461,Structurally-Constrained Relationships between Cognitive States in the Human Brain,PLoS Computational Biology,,"Attention; Brain; Cognition; Computer Simulation; Connectome; Humans; Memory; Models, Anatomic; Models, Neurological; Nerve Net; White Matter",2014-05-15,2014,10,5,e1003591,All OA; Gold,Article,"Hermundstad, Ann M.; Brown, Kevin S.; Bassett, Danielle S.; Aminoff, Elissa M.; Frithsen, Amy; Johnson, Arianne; Tipper, Christine M.; Miller, Michael B.; Grafton, Scott T.; Carlson, Jean M.",,"Hermundstad, Ann M. (University of California, Santa Barbara; University of Pennsylvania); Brown, Kevin S. (University of Connecticut); Bassett, Danielle S. (University of California, Santa Barbara; University of Pennsylvania); Aminoff, Elissa M. (Carnegie Mellon University); Frithsen, Amy (University of California, Santa Barbara); Johnson, Arianne (University of California, Santa Barbara); Tipper, Christine M. (University of British Columbia); Miller, Michael B. (University of California, Santa Barbara); Grafton, Scott T. (University of California, Santa Barbara); Carlson, Jean M. (University of California, Santa Barbara)",64,25,3.03,,https://journals.plos.org/ploscompbiol/article/file?id=10.1371/journal.pcbi.1003591&type=printable,https://app.dimensions.ai/details/publication/pub.1050083882,08 Information and Computing Sciences; 01 Mathematical Sciences; 06 Biological Sciences,08 Information and Computing Sciences,01 Mathematical Sciences,06 Biological Sciences,,
20,400,pub.1048969508,10.1371/journal.pcbi.1003491,24675546,PMC3967917,Resolving Structural Variability in Network Models and the Brain,PLoS Computational Biology,,"Algorithms; Brain; Brain Mapping; Cerebral Cortex; Cluster Analysis; Computational Biology; Fractals; Healthy Volunteers; Humans; Models, Neurological; Models, Statistical; Nerve Net; Neural Pathways; Probability; Software",2014-03-27,2014,10,3,e1003491,All OA; Gold,Article,"Klimm, Florian; Bassett, Danielle S.; Carlson, Jean M.; Mucha, Peter J.",,"Klimm, Florian (University of California, Santa Barbara; Humboldt University of Berlin; University of North Carolina System); Bassett, Danielle S. (University of California, Santa Barbara; University of Pennsylvania); Carlson, Jean M. (University of California, Santa Barbara); Mucha, Peter J. (University of North Carolina System)",63,26,2.38,,https://journals.plos.org/ploscompbiol/article/file?id=10.1371/journal.pcbi.1003491&type=printable,https://app.dimensions.ai/details/publication/pub.1048969508,08 Information and Computing Sciences; 01 Mathematical Sciences; 06 Biological Sciences,08 Information and Computing Sciences,01 Mathematical Sciences,06 Biological Sciences,,
21,400,pub.1000397645,10.1371/journal.pone.0087380,24520331,PMC3919722,Measuring and Modeling Behavioral Decision Dynamics in Collective Evacuation,PLoS ONE,,Attitude; Cooperative Behavior; Decision Support Techniques; Disaster Planning; Disasters; Humans; Risk; Social Networking; Time Factors,2014-02-10,2014,9,2,e87380,All OA; Gold,Article,"Carlson, Jean M.; Alderson, David L.; Stromberg, Sean P.; Bassett, Danielle S.; Craparo, Emily M.; Guiterrez-Villarreal, Francisco; Otani, Thomas",,"Carlson, Jean M. (University of California, Santa Barbara); Alderson, David L. (Naval Postgraduate School); Stromberg, Sean P. (University of California, Santa Barbara); Bassett, Danielle S. (University of California, Santa Barbara); Craparo, Emily M. (Naval Postgraduate School); Guiterrez-Villarreal, Francisco (Naval Postgraduate School); Otani, Thomas (Naval Postgraduate School)",9,5,0.12,2.13,https://journals.plos.org/plosone/article/file?id=10.1371/journal.pone.0087380&type=printable,https://app.dimensions.ai/details/publication/pub.1000397645,17 Psychology and Cognitive Sciences; 1701 Psychology,17 Psychology and Cognitive Sciences,1701 Psychology,,,
22,400,pub.1040419239,10.1103/physreve.89.022203,25353463,,"Grain fragmentation in sheared granular flow: Weakening effects, energy dissipation, and strain localization",Physical Review E,,"Colloids; Compressive Strength; Computer Simulation; Elastic Modulus; Energy Transfer; Models, Chemical; Rheology; Shear Strength; Stress, Mechanical; Tensile Strength",2014-02,2014,89,2,022203,"All OA; Green, Accepted & Submitted",Article,"Lieou, Charles K C; Elbanna, Ahmed E; Carlson, Jean M",,"Lieou, Charles K C (University of California, Santa Barbara); Elbanna, Ahmed E (); Carlson, Jean M (University of California, Santa Barbara)",13,4,0.45,3.6,http://arxiv.org/pdf/1311.3288,https://app.dimensions.ai/details/publication/pub.1040419239,0914 Resources Engineering and Extractive Metallurgy; 09 Engineering,0914 Resources Engineering and Extractive Metallurgy,09 Engineering,,,
23,400,pub.1011559534,10.1016/j.jneumeth.2013.07.012,23933055,,Reproducible paired sources from concurrent EEG-fMRI data using BICAR,Journal of Neuroscience Methods,,Adult; Algorithms; Brain; Brain Mapping; Electroencephalography; Female; Humans; Magnetic Resonance Imaging; Male; Reproducibility of Results; Young Adult,2013-10,2013,219,2,205-219,Closed,Article,"Brown, Kevin S.; Kasper, Ryan; Giesbrecht, Barry; Carlson, Jean M.; Grafton, Scott T.","Brown, Kevin S.","Brown, Kevin S. (University of California, Santa Barbara; University of Connecticut); Kasper, Ryan (University of California, Santa Barbara); Giesbrecht, Barry (University of California, Santa Barbara); Carlson, Jean M. (University of California, Santa Barbara); Grafton, Scott T. (University of California, Santa Barbara)",3,1,0.18,0.63,,https://app.dimensions.ai/details/publication/pub.1011559534,17 Psychology and Cognitive Sciences; 1701 Psychology,17 Psychology and Cognitive Sciences,1701 Psychology,,,
24,400,pub.1002933942,10.1103/physreve.88.012703,23944488,,Sacrificial bonds and hidden length in biomaterials: A kinetic constitutive description of strength and toughness in bone,Physical Review E,,"Biomechanical Phenomena; Biopolymers; Bone and Bones; Kinetics; Mechanical Phenomena; Models, Molecular",2013-07,2013,88,1,012703,"All OA; Green, Accepted & Submitted",Article,"Lieou, Charles K. C.; Elbanna, Ahmed E.; Carlson, Jean M.",,"Lieou, Charles K. C. (University of California, Santa Barbara); Elbanna, Ahmed E. (University of California, Santa Barbara; University of Illinois at Urbana Champaign); Carlson, Jean M. (University of California, Santa Barbara)",18,6,0.77,,http://arxiv.org/pdf/1301.5968,https://app.dimensions.ai/details/publication/pub.1002933942,09 Engineering; 02 Physical Sciences; 01 Mathematical Sciences,09 Engineering,02 Physical Sciences,01 Mathematical Sciences,,
25,400,pub.1020975640,10.1073/pnas.1219562110,23530246,PMC3625268,Structural foundations of resting-state and task-based functional connectivity in the human brain,Proceedings of the National Academy of Sciences,,"Aging; Attention; Brain; Brain Mapping; Cognition; Computational Biology; Diffusion Magnetic Resonance Imaging; Humans; Magnetic Resonance Imaging; Memory; Models, Statistical; Neural Pathways; Software",2013-04-09,2013,110,15,6169-6174,All OA; Gold,Article,"Hermundstad, Ann M.; Bassett, Danielle S.; Brown, Kevin S.; Aminoff, Elissa M.; Clewett, David; Freeman, Scott; Frithsen, Amy; Johnson, Arianne; Tipper, Christine M.; Miller, Michael B.; Grafton, Scott T.; Carlson, Jean M.",,"Hermundstad, Ann M. (University of California, Santa Barbara; University of Pennsylvania); Bassett, Danielle S. (University of California, Santa Barbara); Brown, Kevin S. (University of California, Santa Barbara; University of Connecticut); Aminoff, Elissa M. (Carnegie Mellon University); Clewett, David (University of Southern California); Freeman, Scott (University of California, San Diego); Frithsen, Amy (University of California, Santa Barbara); Johnson, Arianne (University of California, Santa Barbara); Tipper, Christine M. (University of Southern California); Miller, Michael B. (University of California, Santa Barbara); Grafton, Scott T. (University of California, Santa Barbara); Carlson, Jean M. (University of California, Santa Barbara)",270,104,12.11,51.97,http://www.pnas.org/content/110/15/6169.full.pdf,https://app.dimensions.ai/details/publication/pub.1020975640,1109 Neurosciences; 11 Medical and Health Sciences,1109 Neurosciences,11 Medical and Health Sciences,,,
26,400,pub.1014271655,10.1371/journal.pone.0056118,23565135,PMC3614968,Dynamics of Polymer Molecules with Sacrificial Bond and Hidden Length Systems: Towards a Physically-Based Mesoscopic Constitutive Law,PLoS ONE,,"Algorithms; Biomechanical Phenomena; Computer Simulation; Microscopy, Atomic Force; Models, Theoretical; Polymers",2013-04-02,2013,8,4,e56118,All OA; Gold,Article,"Elbanna, Ahmed E.; Carlson, Jean M.",,"Elbanna, Ahmed E. (University of California, Santa Barbara; University of Illinois at Urbana Champaign); Carlson, Jean M. (University of California, Santa Barbara)",15,4,0.69,2.23,https://journals.plos.org/plosone/article/file?id=10.1371/journal.pone.0056118&type=printable,https://app.dimensions.ai/details/publication/pub.1014271655,03 Chemical Sciences; 0303 Macromolecular and Materials Chemistry,03 Chemical Sciences,0303 Macromolecular and Materials Chemistry,,,
27,400,pub.1029746134,10.1088/1478-3975/10/2/025002,23492792,,Diversity of T-cell responses,Physical Biology,,"Adaptive Immunity; CD8-Positive T-Lymphocytes; Computer Simulation; Humans; Immune System; Immunity, Cellular; Models, Immunological",2013-03-15,2013,10,2,025002,Closed,Article,"Stromberg, Sean P; Carlson, Jean M",,"Stromberg, Sean P (University of California, Santa Barbara); Carlson, Jean M (University of California, Santa Barbara)",4,0,0.13,,,https://app.dimensions.ai/details/publication/pub.1029746134,09 Engineering; 02 Physical Sciences; 06 Biological Sciences,09 Engineering,02 Physical Sciences,06 Biological Sciences,,
28,400,pub.1017758621,10.1063/1.4790830,23556979,PMC3618100,Robust detection of dynamic community structure in networks,Chaos An Interdisciplinary Journal of Nonlinear Science,,"Algorithms; Humans; Image Processing, Computer-Assisted; Magnetic Resonance Imaging; Models, Neurological; Models, Statistical; Motor Activity; Nerve Net; Nonlinear Dynamics; Oscillometry; Social Behavior; Social Networking; Systems Theory; Time Factors",2013-03,2013,23,1,013142,"All OA; Green, Published",Article,"Bassett, Danielle S.; Porter, Mason A.; Wymbs, Nicholas F.; Grafton, Scott T.; Carlson, Jean M.; Mucha, Peter J.",,"Bassett, Danielle S. (University of California, Santa Barbara); Porter, Mason A. (University of Oxford); Wymbs, Nicholas F. (University of California, Santa Barbara); Grafton, Scott T. (University of California, Santa Barbara); Carlson, Jean M. (University of California, Santa Barbara); Mucha, Peter J. (University of North Carolina System)",228,91,7.27,102.19,http://europepmc.org/articles/pmc3618100?pdf=render,https://app.dimensions.ai/details/publication/pub.1017758621,01 Mathematical Sciences; 0104 Statistics,01 Mathematical Sciences,0104 Statistics,,,
29,400,pub.1022504039,10.1371/journal.pone.0050268,23209693,PMC3508939,BICAR: A New Algorithm for Multiresolution Spatiotemporal Data Fusion,PLoS ONE,,"Algorithms; Artifacts; Astronomy; Brain Mapping; Computers; Humans; Models, Statistical; Neuroimaging; Normal Distribution; Reproducibility of Results; Signal Processing, Computer-Assisted; Software; Time Factors",2012-11-28,2012,7,11,e50268,All OA; Gold,Article,"Brown, Kevin S.; Grafton, Scott T.; Carlson, Jean M.",,"Brown, Kevin S. (University of California, Santa Barbara; University of Connecticut); Grafton, Scott T. (University of California, Santa Barbara); Carlson, Jean M. (University of California, Santa Barbara)",5,1,0.16,2.03,https://journals.plos.org/plosone/article/file?id=10.1371/journal.pone.0050268&type=printable,https://app.dimensions.ai/details/publication/pub.1022504039,08 Information and Computing Sciences; 0801 Artificial Intelligence and Image Processing,08 Information and Computing Sciences,0801 Artificial Intelligence and Image Processing,,,
30,400,pub.1026132344,10.1103/physreve.86.036105,23030978,,Collective decision dynamics in the presence of external drivers,Physical Review E,,"Computer Simulation; Cooperative Behavior; Decision Making; Decision Support Techniques; Game Theory; Models, Theoretical",2012-09,2012,86,3,036105,All OA; Gold,Article,"Bassett, Danielle S.; Alderson, David L.; Carlson, Jean M.",,"Bassett, Danielle S. (University of California, Santa Barbara); Alderson, David L. (Naval Postgraduate School); Carlson, Jean M. (University of California, Santa Barbara)",20,2,0.28,,https://link.aps.org/accepted/10.1103/PhysRevE.86.036105,https://app.dimensions.ai/details/publication/pub.1026132344,09 Engineering; 02 Physical Sciences; 01 Mathematical Sciences,09 Engineering,02 Physical Sciences,01 Mathematical Sciences,,
31,400,pub.1025476374,10.1371/journal.pone.0033285,22514605,PMC3326015,Dynamic Resource Allocation in Disaster Response: Tradeoffs in Wildfire Suppression,PLoS ONE,,"Decision Making; Disaster Planning; Fires; Models, Theoretical; Resource Allocation",2012-04-13,2012,7,4,e33285,All OA; Gold,Article,"Petrovic, Nada; Alderson, David L.; Carlson, Jean M.",,"Petrovic, Nada (Columbia University); Alderson, David L. (Naval Postgraduate School); Carlson, Jean M. (University of California, Santa Barbara)",17,6,0.25,7.32,https://journals.plos.org/plosone/article/file?id=10.1371/journal.pone.0033285&type=printable,https://app.dimensions.ai/details/publication/pub.1025476374,01 Mathematical Sciences; 0104 Statistics,01 Mathematical Sciences,0104 Statistics,,,
32,100,pub.1052950057,10.1071/wf11140,,,A decision-making framework for wildfire suppression,International Journal of Wildland Fire,,,2012,2012,21,8,927-937,Closed,Article,"Petrovic, N.; Carlson, J. M.",,"Petrovic, N. (Columbia University); Carlson, J. M. (University of California, Santa Barbara)",10,5,,1.57,,https://app.dimensions.ai/details/publication/pub.1052950057,0602 Ecology; 0502 Environmental Science and Management; 0705 Forestry Sciences; 05 Environmental Sciences; 06 Biological Sciences; 07 Agricultural and Veterinary Sciences,0602 Ecology,0502 Environmental Science and Management,0705 Forestry Sciences,05 Environmental Sciences,06 Biological Sciences
33,200,pub.1034976090,10.1186/1471-2202-12-s1-p31,,PMC3240423,Architectural constraints on learning and memory function,BMC Neuroscience,,,2011-12,2011,12,Suppl 1,p31,All OA; Gold,Article,"Hermundstad, Ann M; Brown, Kevin S; Bassett, Danielle S; Carlson, Jean M","Hermundstad, Ann M","Hermundstad, Ann M (); Brown, Kevin S (); Bassett, Danielle S (); Carlson, Jean M ()",1,0,,0.18,https://bmcneurosci.biomedcentral.com/track/pdf/10.1186/1471-2202-12-S1-P31,https://app.dimensions.ai/details/publication/pub.1034976090,11 Medical and Health Sciences; 17 Psychology and Cognitive Sciences; 1109 Neurosciences; 0601 Biochemistry and Cell Biology; 1702 Cognitive Sciences; 06 Biological Sciences,11 Medical and Health Sciences,17 Psychology and Cognitive Sciences,1109 Neurosciences,0601 Biochemistry and Cell Biology,1702 Cognitive Sciences
34,100,pub.1094933708,10.1109/acssc.2011.6190125,,,Structural Drivers of Function in Information Processing Networks,,"2011 Conference Record of the Forty Fifth Asilomar Conference on Signals, Systems and Computers (ASILOMAR)",,2011-11,2011,,,837-841,Closed,Proceeding,"Hermundstad, Ann; Brown, Kevin; Bassett, Danielle; Carlson, Jean",,"Hermundstad, Ann (University of California, Santa Barbara); Brown, Kevin (University of California, Santa Barbara); Bassett, Danielle (University of California, Santa Barbara); Carlson, Jean (University of California, Santa Barbara)",0,0,,0,,https://app.dimensions.ai/details/publication/pub.1094933708,17 Psychology and Cognitive Sciences; 1701 Psychology,17 Psychology and Cognitive Sciences,1701 Psychology,,,
35,400,pub.1041794635,10.1371/journal.pcbi.1002063,21738455,PMC3127797,"Learning, Memory, and the Role of Neural Network Architecture",PLoS Computational Biology,,"Computational Biology; Humans; Learning; Memory; Models, Neurological; Nerve Net; Neural Networks (Computer)",2011-06-30,2011,7,6,e1002063,All OA; Gold,Article,"Hermundstad, Ann M.; Brown, Kevin S.; Bassett, Danielle S.; Carlson, Jean M.",,"Hermundstad, Ann M. (University of California, Santa Barbara); Brown, Kevin S. (University of California, Santa Barbara); Bassett, Danielle S. (University of California, Santa Barbara); Carlson, Jean M. (University of California, Santa Barbara)",29,10,0.69,11.31,https://doi.org/10.1371/journal.pcbi.1002063,https://app.dimensions.ai/details/publication/pub.1041794635,08 Information and Computing Sciences; 0801 Artificial Intelligence and Image Processing,08 Information and Computing Sciences,0801 Artificial Intelligence and Image Processing,,,
36,400,pub.1026186841,10.1073/pnas.1018985108,21502525,PMC3088578,Dynamic reconfiguration of human brain networks during learning,Proceedings of the National Academy of Sciences,,"Adaptation, Physiological; Adult; Brain; Female; Humans; Learning; Magnetic Resonance Imaging; Male; Models, Neurological; Nerve Net; Neuronal Plasticity; Psychomotor Performance",2011-05-03,2011,108,18,7641-7646,All OA; Gold,Article,"Bassett, Danielle S.; Wymbs, Nicholas F.; Porter, Mason A.; Mucha, Peter J.; Carlson, Jean M.; Grafton, Scott T.",,"Bassett, Danielle S. (University of California, Santa Barbara); Wymbs, Nicholas F. (University of California, Santa Barbara); Porter, Mason A. (University of Oxford); Mucha, Peter J. (University of North Carolina System); Carlson, Jean M. (University of California, Santa Barbara); Grafton, Scott T. (University of California, Santa Barbara)",718,266,20.67,133.52,http://www.pnas.org/content/108/18/7641.full.pdf,https://app.dimensions.ai/details/publication/pub.1026186841,17 Psychology and Cognitive Sciences; 1701 Psychology,17 Psychology and Cognitive Sciences,1701 Psychology,,,
37,400,pub.1032390040,10.1371/journal.pone.0018298,21464969,PMC3064669,Pupillometric Evidence for the Decoupling of Attention from Perceptual Input during Offline Thought,PLoS ONE,,"Adolescent; Attention; Choice Behavior; Evoked Potentials; Female; Humans; Male; Memory, Short-Term; Models, Psychological; Motor Activity; Perception; Pupil; Reaction Time; Task Performance and Analysis; Thinking; Young Adult",2011-03-25,2011,6,3,e18298,All OA; Gold,Article,"Smallwood, Jonathan; Brown, Kevin S.; Tipper, Christine; Giesbrecht, Barry; Franklin, Michael S.; Mrazek, Michael D.; Carlson, Jean M.; Schooler, Jonathan W.",,"Smallwood, Jonathan (Max Planck Institute for Human Cognitive and Brain Sciences); Brown, Kevin S. (University of California, Santa Barbara); Tipper, Christine (University of California, Santa Barbara); Giesbrecht, Barry (University of California, Santa Barbara); Franklin, Michael S. (University of California, Santa Barbara); Mrazek, Michael D. (University of California, Santa Barbara); Carlson, Jean M. (University of California, Santa Barbara); Schooler, Jonathan W. (University of California, Santa Barbara)",119,43,4.59,22.13,https://journals.plos.org/plosone/article/file?id=10.1371/journal.pone.0018298&type=printable,https://app.dimensions.ai/details/publication/pub.1032390040,17 Psychology and Cognitive Sciences; 1701 Psychology,17 Psychology and Cognitive Sciences,1701 Psychology,,,
38,400,pub.1001888970,10.1016/j.neuroimage.2010.09.006,20850551,,Conserved and variable architecture of human white matter connectivity,NeuroImage,,"Brain; Brain Mapping; Diffusion Magnetic Resonance Imaging; Humans; Image Processing, Computer-Assisted; Neural Pathways; Young Adult",2011-01,2011,54,2,1262-1279,Closed,Article,"Bassett, Danielle S.; Brown, Jesse A.; Deshpande, Vibhas; Carlson, Jean M.; Grafton, Scott T.","Bassett, Danielle S.","Bassett, Danielle S. (University of California, Santa Barbara); Brown, Jesse A. (University of California Los Angeles); Deshpande, Vibhas (); Carlson, Jean M. (University of California, Santa Barbara); Grafton, Scott T. (University of California, Santa Barbara)",247,53,9.24,43.07,,https://app.dimensions.ai/details/publication/pub.1001888970,1109 Neurosciences; 11 Medical and Health Sciences,1109 Neurosciences,11 Medical and Health Sciences,,,
39,100,pub.1031420840,10.1071/wf09102,,,Modelling long-term fire regimes of southern California shrublands,International Journal of Wildland Fire,,,2011,2011,20,1,1-16,All OA; Gold,Article,"Peterson, Seth H.; Moritz, Max A.; Morais, Marco E.; Dennison, Philip E.; Carlson, Jean M.",,"Peterson, Seth H. (University of California, Santa Barbara); Moritz, Max A. (University of California, Berkeley); Morais, Marco E. (The Aerospace Corporation); Dennison, Philip E. (University of Utah); Carlson, Jean M. (University of California, Santa Barbara)",13,2,,1.48,http://www.publish.csiro.au/wf/pdf/WF09102,https://app.dimensions.ai/details/publication/pub.1031420840,0501 Ecological Applications; 05 Environmental Sciences,0501 Ecological Applications,05 Environmental Sciences,,,
40,100,pub.1030662866,10.1146/annurev-conmatphys-070909-104025,,,"Friction, Fracture, and Earthquakes",Annual Review of Condensed Matter Physics,,,2010-08-10,2010,1,1,397-418,Closed,Article,"Daub, Eric G.; Carlson, Jean M.",,"Daub, Eric G. (University of California, Santa Barbara; Los Alamos National Laboratory); Carlson, Jean M. ()",28,7,,3.46,,https://app.dimensions.ai/details/publication/pub.1030662866,0403 Geology; 04 Earth Sciences; 0404 Geophysics,0403 Geology,04 Earth Sciences,0404 Geophysics,,
41,400,pub.1041183806,10.1371/journal.pone.0009648,20300517,PMC2838783,The Suppression of Immune System Disorders by Passive Attrition,PLoS ONE,,"Animals; CD4-Positive T-Lymphocytes; CD8-Positive T-Lymphocytes; Cell Proliferation; Homeostasis; Humans; Immune System; Immunologic Memory; Interleukin-15; Interleukin-7; Models, Biological; Models, Immunological; Models, Statistical; Models, Theoretical",2010-03-16,2010,5,3,e9648,All OA; Gold,Article,"Stromberg, Sean P.; Carlson, Jean M.",,"Stromberg, Sean P. (Emory University; University of California, Santa Barbara); Carlson, Jean M. (University of California, Santa Barbara)",3,1,0.07,0.34,https://journals.plos.org/plosone/article/file?id=10.1371/journal.pone.0009648&type=printable,https://app.dimensions.ai/details/publication/pub.1041183806,11 Medical and Health Sciences; 1107 Immunology,11 Medical and Health Sciences,1107 Immunology,,,
42,400,pub.1017454495,10.1016/j.neuroimage.2009.10.011,19833215,,Improving human brain mapping via joint inversion of brain electrodynamics and the BOLD signal,NeuroImage,,"Adolescent; Adult; Algorithms; Brain; Brain Mapping; Electroencephalography; Evoked Potentials, Visual; Female; Humans; Image Interpretation, Computer-Assisted; Magnetic Resonance Imaging; Male; Signal Processing, Computer-Assisted; Young Adult",2010-02,2010,49,3,2401-2415,Closed,Article,"Brown, Kevin S.; Ortigue, Stephanie; Grafton, Scott T.; Carlson, Jean M.","Grafton, Scott T.","Brown, Kevin S. (University of California, Santa Barbara); Ortigue, Stephanie (University of California, Santa Barbara); Grafton, Scott T. (University of California, Santa Barbara); Carlson, Jean M. (University of California, Santa Barbara)",13,3,0.37,,,https://app.dimensions.ai/details/publication/pub.1017454495,17 Psychology and Cognitive Sciences; 11 Medical and Health Sciences,17 Psychology and Cognitive Sciences,11 Medical and Health Sciences,,,
43,100,pub.1052815937,10.1029/2009jb006388,,,"Pulse‐like, crack‐like, and supershear earthquake ruptures with shear strain localization",Journal of Geophysical Research,,,2010,2010,115,B5,,All OA; Gold,Article,"Daub, Eric G.; Manning, M. Lisa; Carlson, Jean M.",,"Daub, Eric G. (University of California System; Los Alamos National Laboratory); Manning, M. Lisa (Princeton University); Carlson, Jean M. (University of California System)",13,3,,1.35,https://agupubs.onlinelibrary.wiley.com/doi/pdf/10.1029/2009JB006388,https://app.dimensions.ai/details/publication/pub.1052815937,04 Earth Sciences; 0403 Geology,04 Earth Sciences,0403 Geology,,,
44,100,pub.1037977425,10.1029/2009jb006960,,,Energetics of strain localization in a model of seismic slip,Journal of Geophysical Research,,,2010,2010,115,B6,,All OA; Gold,Article,"Hermundstad, A. M.; Daub, E. G.; Carlson, J. M.",,"Hermundstad, A. M. (University of California System); Daub, E. G. (University of California System; Los Alamos National Laboratory); Carlson, J. M. (University of California System)",4,1,,0.97,https://agupubs.onlinelibrary.wiley.com/doi/pdf/10.1029/2009JB006960,https://app.dimensions.ai/details/publication/pub.1037977425,0915 Interdisciplinary Engineering; 09 Engineering,0915 Interdisciplinary Engineering,09 Engineering,,,
45,400,pub.1060739893,10.1103/physreve.80.066113,20365237,,Stick-slip instabilities and shear strain localization in amorphous materials,Physical Review E,,"Algorithms; Computer Simulation; Diffusion; Linear Models; Manufactured Materials; Materials Testing; Models, Statistical; Oscillometry; Particle Size; Physics; Shear Strength; Stress, Mechanical; Surface Properties; Temperature; Time Factors",2009-12,2009,80,6,066113,Closed,Article,"Daub, Eric G.; Carlson, Jean M.",,"Daub, Eric G. (Los Alamos National Laboratory; University of California, Santa Barbara); Carlson, Jean M. (University of California, Santa Barbara)",29,5,0.45,4.76,,https://app.dimensions.ai/details/publication/pub.1060739893,0912 Materials Engineering; 09 Engineering,0912 Materials Engineering,09 Engineering,,,
46,100,pub.1024880398,10.1111/j.1365-246x.2009.04217.x,,,Seismicity in a model governed by competing frictional weakening and healing mechanisms,Geophysical Journal International,,,2009-09,2009,178,3,1363-1383,All OA; Gold,Article,"Hillers, G.; Carlson, J. M.; Archuleta, R. J.",,"Hillers, G. (University of California, Santa Barbara); Carlson, J. M. (University of California, Santa Barbara); Archuleta, R. J. (University of California, Santa Barbara)",5,0,,0.92,https://academic.oup.com/gji/article-pdf/178/3/1363/5872620/178-3-1363.pdf,https://app.dimensions.ai/details/publication/pub.1024880398,04 Earth Sciences; 0403 Geology,04 Earth Sciences,0403 Geology,,,
47,400,pub.1033866400,10.1126/science.1163886,19390038,,Fire in the Earth System,Science,,Animals; Biological Evolution; Carbon; Climate; Earth (Planet); Ecosystem; Fires; Humans; Plants,2009-04-24,2009,324,5926,481-484,Closed,Article,"Bowman, David M. J. S.; Balch, Jennifer K.; Artaxo, Paulo; Bond, William J.; Carlson, Jean M.; Cochrane, Mark A.; D’Antonio, Carla M.; DeFries, Ruth S.; Doyle, John C.; Harrison, Sandy P.; Johnston, Fay H.; Keeley, Jon E.; Krawchuk, Meg A.; Kull, Christian A.; Marston, J. Brad; Moritz, Max A.; Prentice, I. Colin; Roos, Christopher I.; Scott, Andrew C.; Swetnam, Thomas W.; van der Werf, Guido R.; Pyne, Stephen J.",,"Bowman, David M. J. S. (University of Tasmania); Balch, Jennifer K. (University of California, Santa Barbara; Yale University; Woods Hole Research Center); Artaxo, Paulo (University of Sao Paulo); Bond, William J. (University of Cape Town); Carlson, Jean M. (University of California, Santa Barbara); Cochrane, Mark A. (South Dakota State University); D’Antonio, Carla M. (University of California, Santa Barbara); DeFries, Ruth S. (Columbia University); Doyle, John C. (California Institute of Technology); Harrison, Sandy P. (University of Bristol); Johnston, Fay H. (University of Tasmania); Keeley, Jon E. (United States Geological Survey; University of California Los Angeles); Krawchuk, Meg A. (University of California, Berkeley); Kull, Christian A. (Monash University); Marston, J. Brad (Brown University); Moritz, Max A. (University of California, Berkeley); Prentice, I. Colin (University of Bristol); Roos, Christopher I. (The Ohio State University); Scott, Andrew C. (Royal Holloway University of London); Swetnam, Thomas W. (University of Arizona); van der Werf, Guido R. (VU University Amsterdam); Pyne, Stephen J. (Arizona State University)",1249,305,8.26,157.81,,https://app.dimensions.ai/details/publication/pub.1033866400,0403 Geology; 04 Earth Sciences; 0602 Ecology; 06 Biological Sciences,0403 Geology,04 Earth Sciences,0602 Ecology,06 Biological Sciences,
48,400,pub.1024168077,10.1016/j.neuroimage.2008.08.043,18845263,,Using ICA and realistic BOLD models to obtain joint EEG/fMRI solutions to the problem of source localization,NeuroImage,,"Algorithms; Brain; Brain Mapping; Computer Simulation; Data Interpretation, Statistical; Electroencephalography; Humans; Image Interpretation, Computer-Assisted; Magnetic Resonance Imaging; Models, Neurological; Models, Statistical; Principal Component Analysis; Reproducibility of Results; Sensitivity and Specificity",2009-01-15,2009,44,2,411-420,Closed,Article,"Brookings, Ted; Ortigue, Stephanie; Grafton, Scott; Carlson, Jean","Grafton, Scott","Brookings, Ted (Brandeis University); Ortigue, Stephanie (University of California, Santa Barbara); Grafton, Scott (University of California, Santa Barbara); Carlson, Jean (University of California, Santa Barbara)",25,0,0.8,,,https://app.dimensions.ai/details/publication/pub.1024168077,17 Psychology and Cognitive Sciences; 11 Medical and Health Sciences,17 Psychology and Cognitive Sciences,11 Medical and Health Sciences,,,
49,400,pub.1006483571,10.1103/physreve.79.016110,19257110,,Rate-dependent shear bands in a shear-transformation-zone model of amorphous solids,Physical Review E,,,2009-01,2009,79,1,016110,"All OA; Green, Accepted & Submitted",Article,"Manning, M. L.; Daub, E. G.; Langer, J. S.; Carlson, J. M.",,"Manning, M. L. (); Daub, E. G. (University of California, Santa Barbara); Langer, J. S. (University of California, Santa Barbara); Carlson, J. M. (University of California, Santa Barbara)",57,8,1.17,,http://arxiv.org/pdf/0808.0529,https://app.dimensions.ai/details/publication/pub.1006483571,09 Engineering; 02 Physical Sciences; 01 Mathematical Sciences,09 Engineering,02 Physical Sciences,01 Mathematical Sciences,,
50,100,pub.1023190588,10.1029/2007jb005449,,,Constraining earthquake source inversions with GPS data: 1. Resolution‐based removal of artifacts,Journal of Geophysical Research,,,2009-01,2009,114,B1,,All OA; Gold,Article,"Page, Morgan T.; Custódio, Susana; Archuleta, Ralph J.; Carlson, J. M.",,"Page, Morgan T. (University of California System; United States Geological Survey); Custódio, Susana (University of California, Santa Barbara; University of Coimbra); Archuleta, Ralph J. (University of California, Santa Barbara); Carlson, J. M. (University of California System)",58,7,,10.51,https://agupubs.pericles-prod.literatumonline.com/doi/pdf/10.1029/2007JB005449,https://app.dimensions.ai/details/publication/pub.1023190588,09 Engineering; 0909 Geomatic Engineering,09 Engineering,0909 Geomatic Engineering,,,
51,100,pub.1018496720,10.1029/2008gl033835,,,Shear strain localization in elastodynamic rupture simulations,Geophysical Research Letters,,,2008-06-28,2008,35,12,n/a-n/a,All OA; Gold,Article,"Daub, Eric G.; Manning, M. Lisa; Carlson, Jean M.",,"Daub, Eric G. (University of California System); Manning, M. Lisa (University of California System); Carlson, Jean M. (University of California System)",16,1,,1.58,https://agupubs.onlinelibrary.wiley.com/doi/pdf/10.1029/2008GL033835,https://app.dimensions.ai/details/publication/pub.1018496720,04 Earth Sciences; 0403 Geology,04 Earth Sciences,0403 Geology,,,
52,100,pub.1000625697,10.1016/j.camwa.2007.04.004,,,Momentum transport in granular flows,Computers & Mathematics with Applications,,,2008-01,2008,55,2,175-183,All OA; Gold,Article,"Lois, Gregg; Lemaître, Anaël; Carlson, Jean M.","Lemaître, Anaël","Lois, Gregg (University of California, Santa Barbara); Lemaître, Anaël (); Carlson, Jean M. (University of California, Santa Barbara)",2,0,,,https://doi.org/10.1016/j.camwa.2007.04.004,https://app.dimensions.ai/details/publication/pub.1000625697,"08 Information and Computing Sciences; 01 Mathematical Sciences; 15 Commerce, Management, Tourism and Services",08 Information and Computing Sciences,01 Mathematical Sciences,"15 Commerce, Management, Tourism and Services",,
53,100,pub.1001331300,10.1029/2007jb005377,,,A constitutive model for fault gouge deformation in dynamic rupture simulations,Journal of Geophysical Research,,,2008,2008,113,B12,,All OA; Gold,Article,"Daub, Eric G.; Carlson, Jean M.",,"Daub, Eric G. (University of California System); Carlson, Jean M. (University of California System)",25,5,,22.07,https://agupubs.onlinelibrary.wiley.com/doi/pdf/10.1029/2007JB005377,https://app.dimensions.ai/details/publication/pub.1001331300,18 Law and Legal Studies; 1801 Law,18 Law and Legal Studies,1801 Law,,,
54,100,pub.1027610826,10.1209/0295-5075/80/58001,,,Force networks and the dynamic approach to jamming in sheared granular media,EPL (Europhysics Letters),,,2007-12,2007,80,5,58001,"All OA; Green, Accepted & Submitted",Article,"Lois, G.; Carlson, J. M.",,"Lois, G. (University of California, Santa Barbara; Yale University); Carlson, J. M. (University of California, Santa Barbara)",16,0,,,http://arxiv.org/pdf/cond-mat/0612680,https://app.dimensions.ai/details/publication/pub.1027610826,01 Mathematical Sciences; 02 Physical Sciences,01 Mathematical Sciences,02 Physical Sciences,,,
55,400,pub.1004164504,10.1103/physreve.76.056106,18233717,,Strain localization in a shear transformation zone model for amorphous solids,Physical Review E,,,2007-11,2007,76,5,056106,"All OA; Green, Accepted & Submitted",Article,"Manning, M. L.; Langer, J. S.; Carlson, J. M.",,"Manning, M. L. (University of California, Santa Barbara); Langer, J. S. (University of California, Santa Barbara); Carlson, J. M. (University of California, Santa Barbara)",132,16,2.78,,http://arxiv.org/pdf/0706.1078,https://app.dimensions.ai/details/publication/pub.1004164504,09 Engineering; 02 Physical Sciences; 01 Mathematical Sciences,09 Engineering,02 Physical Sciences,01 Mathematical Sciences,,
56,400,pub.1051352551,10.1103/physreve.76.021303,17930029,,Spatial force correlations in granular shear flow. II. Theoretical implications,Physical Review E,,,2007-08,2007,76,2,021303,"All OA; Green, Accepted & Submitted",Article,"Lois, Gregg; Lemaître, Anaël; Carlson, Jean M.",,"Lois, Gregg (University of California, Santa Barbara); Lemaître, Anaël (); Carlson, Jean M. (University of California, Santa Barbara)",21,1,0.42,4.44,http://arxiv.org/pdf/cond-mat/0612679,https://app.dimensions.ai/details/publication/pub.1051352551,0915 Interdisciplinary Engineering; 09 Engineering,0915 Interdisciplinary Engineering,09 Engineering,,,
57,400,pub.1019598847,10.1103/physreve.76.021302,17930028,,Spatial force correlations in granular shear flow. I. Numerical evidence,Physical Review E,,,2007-08,2007,76,2,021302,"All OA; Green, Accepted & Submitted",Article,"Lois, Gregg; Lemaître, Anaël; Carlson, Jean M.",,"Lois, Gregg (University of California, Santa Barbara); Lemaître, Anaël (); Carlson, Jean M. (University of California, Santa Barbara)",27,0,0.48,5.71,http://arxiv.org/pdf/cond-mat/0612677,https://app.dimensions.ai/details/publication/pub.1019598847,0915 Interdisciplinary Engineering; 09 Engineering,0915 Interdisciplinary Engineering,09 Engineering,,,
58,100,pub.1016979705,10.1785/0120050195,,,Methodologies for Earthquake Hazard Assessment: Model Uncertainty and the wgcep-2002 Forecast,Bulletin of the Seismological Society of America,,,2006-10-01,2006,96,5,1624-1633,"All OA; Green, Accepted & Submitted",Article,"Page, Morgan T.; Carlson, J. M.",,"Page, Morgan T. (University of California, Berkeley); Carlson, J. M. (University of California, Berkeley)",18,0,,2.88,http://gabriel.physics.ucsb.edu/~complex/pubs/ModelUncertainty.pdf,https://app.dimensions.ai/details/publication/pub.1016979705,0905 Civil Engineering; 09 Engineering; 04 Earth Sciences; 0404 Geophysics,0905 Civil Engineering,09 Engineering,04 Earth Sciences,0404 Geophysics,
59,100,pub.1034222908,10.1209/epl/i2005-10605-1,,,Emergence of multi-contact interactions in contact dynamics simulations of granular shear flows,EPL (Europhysics Letters),,,2006-10,2006,76,2,318,"All OA; Green, Accepted & Submitted",Article,"Lois, G.; Lemaître, A.; Carlson, J. M.",,"Lois, G. (University of California, Santa Barbara); Lemaître, A. (University of California, Santa Barbara); Carlson, J. M. (University of California, Santa Barbara)",27,1,,,http://arxiv.org/pdf/cond-mat/0507286,https://app.dimensions.ai/details/publication/pub.1034222908,01 Mathematical Sciences; 02 Physical Sciences,01 Mathematical Sciences,02 Physical Sciences,,,
60,400,pub.1008077083,10.1371/journal.pcbi.0020160,17121459,PMC1664698,Robustness and Fragility in Immunosenescence,PLoS Computational Biology,,"Adaptation, Physiological; Aging; Animals; Cellular Senescence; Computer Simulation; Humans; Immunity, Innate; Infection; Models, Immunological; T-Lymphocytes",2006,2006,2,11,e160,All OA; Gold,Article,"Stromberg, Sean P; Carlson, Jean",,"Stromberg, Sean P (University of California, Santa Barbara); Carlson, Jean (University of California, Santa Barbara)",23,2,0.29,,https://journals.plos.org/ploscompbiol/article/file?id=10.1371/journal.pcbi.0020160&type=printable,https://app.dimensions.ai/details/publication/pub.1008077083,08 Information and Computing Sciences; 01 Mathematical Sciences; 06 Biological Sciences,08 Information and Computing Sciences,01 Mathematical Sciences,06 Biological Sciences,,
61,400,pub.1033241919,10.1073/pnas.0508985102,16332964,PMC1312407,"Wildfires, complexity, and highly optimized tolerance",Proceedings of the National Academy of Sciences,,"Computer Simulation; Ecosystem; Fires; Models, Theoretical",2005-12-13,2005,102,50,17912-17917,All OA; Gold,Article,"Moritz, Max A.; Morais, Marco E.; Summerell, Lora A.; Carlson, J. M.; Doyle, John",,"Moritz, Max A. (University of California, Berkeley); Morais, Marco E. (); Summerell, Lora A. (California Polytechnic State University); Carlson, J. M. (University of California, Santa Barbara); Doyle, John (California Institute of Technology)",112,21,0.45,9.99,https://www.pnas.org/content/pnas/102/50/17912.full.pdf,https://app.dimensions.ai/details/publication/pub.1033241919,0501 Ecological Applications; 05 Environmental Sciences; 0602 Ecology; 06 Biological Sciences,0501 Ecological Applications,05 Environmental Sciences,0602 Ecology,06 Biological Sciences,
62,400,pub.1060733783,10.1103/physreve.72.056120,16383701,,Three mechanisms for power laws on the Cayley tree,Physical Review E,,,2005-11,2005,72,5,056120,"All OA; Green, Published",Article,"Brookings, Ted; Carlson, J. M.; Doyle, John",,"Brookings, Ted (University of California, Santa Barbara); Carlson, J. M. (University of California, Santa Barbara); Doyle, John (California Institute of Technology)",9,2,0.03,3.91,https://authors.library.caltech.edu/1516/1/BROpre05.pdf,https://app.dimensions.ai/details/publication/pub.1060733783,01 Mathematical Sciences; 0101 Pure Mathematics,01 Mathematical Sciences,0101 Pure Mathematics,,,
63,400,pub.1020819284,10.1103/physreve.72.051303,16383599,,Numerical tests of constitutive laws for dense granular flows,Physical Review E,,,2005-11,2005,72,5,051303,"All OA; Green, Accepted & Submitted",Article,"Lois, Gregg; Lemaître, Anaël; Carlson, Jean M.",,"Lois, Gregg (University of California, Santa Barbara); Lemaître, Anaël (University of California, Santa Barbara; Sorbonne University); Carlson, Jean M. (University of California, Santa Barbara)",73,4,1.79,15.41,http://arxiv.org/pdf/cond-mat/0501535,https://app.dimensions.ai/details/publication/pub.1020819284,0914 Resources Engineering and Extractive Metallurgy; 09 Engineering,0914 Resources Engineering and Extractive Metallurgy,09 Engineering,,,
64,100,pub.1029854583,10.1029/2005jb003736,,,Distinguishing barriers and asperities in near‐source ground motion,Journal of Geophysical Research,,,2005-11,2005,110,B11,,All OA; Gold,Article,"Page, Morgan T.; Dunham, Eric M.; Carlson, J. M.",,"Page, Morgan T. (University of California System); Dunham, Eric M. (University of California System; Harvard University); Carlson, J. M. (University of California System)",21,5,,2.62,https://agupubs.onlinelibrary.wiley.com/doi/pdf/10.1029/2005JB003736,https://app.dimensions.ai/details/publication/pub.1029854583,04 Earth Sciences; 0404 Geophysics,04 Earth Sciences,0404 Geophysics,,,
65,400,pub.1004747439,10.1016/j.jtbi.2005.03.023,15904934,,Evolutionary dynamics and highly optimized tolerance,Journal of Theoretical Biology,,"Adaptation, Physiological; Animals; Biological Evolution; Environment; Genetic Variation; Models, Biological; Mutation; Phenotype; Population Dynamics; Survival",2005-10,2005,236,4,438-447,Closed,Article,"Zhou, Tong; Carlson, J.M.; Doyle, John","Carlson, J.M.","Zhou, Tong (University of California, Santa Barbara); Carlson, J.M. (University of California, Santa Barbara); Doyle, John (California Institute of Technology)",15,1,0.27,1.27,,https://app.dimensions.ai/details/publication/pub.1004747439,0604 Genetics; 0602 Ecology; 06 Biological Sciences; 0603 Evolutionary Biology,0604 Genetics,0602 Ecology,06 Biological Sciences,0603 Evolutionary Biology,
66,400,pub.1026637752,10.1103/physreve.72.016108,16090037,,Highly optimized tolerance and power laws in dense and sparse resource regimes,Physical Review E,,,2005-07,2005,72,1,016108,"All OA; Green, Accepted & Submitted",Article,"Manning, M.; Carlson, J. M.; Doyle, J.",,"Manning, M. (University of California, Santa Barbara); Carlson, J. M. (University of California, Santa Barbara); Doyle, J. (California Institute of Technology)",12,2,0.13,3.12,https://authors.library.caltech.edu/4185/1/MANpre05.pdf,https://app.dimensions.ai/details/publication/pub.1026637752,01 Mathematical Sciences; 0104 Statistics,01 Mathematical Sciences,0104 Statistics,,,
67,400,pub.1009086726,10.1103/physreve.69.061611,15244589,,Boundary lubrication with a glassy interface,Physical Review E,,,2004-06,2004,69,6,061611,"All OA; Green, Accepted & Submitted",Article,"Lemaître, Anaël; Carlson, Jean",,"Lemaître, Anaël (University of California, Santa Barbara; Sorbonne University); Carlson, Jean (University of California, Santa Barbara)",30,1,0.44,5.01,http://arxiv.org/pdf/cond-mat/0312100,https://app.dimensions.ai/details/publication/pub.1009086726,0912 Materials Engineering; 09 Engineering,0912 Materials Engineering,09 Engineering,,,
68,400,pub.1062447759,10.1126/science.1080650,12624262,,A Supershear Transition Mechanism for Cracks,Science,,,2003-03-07,2003,299,5612,1557-1559,Closed,Article,"Dunham, Eric M.; Favreau, Pascal; Carlson, J. M.",,"Dunham, Eric M. (University of California, Santa Barbara); Favreau, Pascal (Institute of Earth Physics of Paris); Carlson, J. M. (University of California, Santa Barbara)",82,10,0.06,9.84,,https://app.dimensions.ai/details/publication/pub.1062447759,04 Earth Sciences; 0404 Geophysics,04 Earth Sciences,0404 Geophysics,,,
69,400,pub.1060728758,10.1103/physreve.66.016108,12241427,,Design degrees of freedom and mechanisms for complexity,Physical Review E,,,2002-07,2002,66,1,016108,"All OA; Green, Published",Article,"Reynolds, David; Carlson, J. M.; Doyle, John",,"Reynolds, David (University of California, Santa Barbara); Carlson, J. M. (University of California, Santa Barbara); Doyle, John (California Institute of Technology)",12,0,0.11,2.47,https://authors.library.caltech.edu/1525/1/REYpre02.pdf,https://app.dimensions.ai/details/publication/pub.1060728758,0905 Civil Engineering; 09 Engineering,0905 Civil Engineering,09 Engineering,,,
70,400,pub.1048640494,10.1073/pnas.012582499,11875207,PMC128573,Complexity and robustness,Proceedings of the National Academy of Sciences,,,2002-02-19,2002,99,suppl 1,2538-2545,All OA; Gold,Article,"Carlson, J. M.; Doyle, John",,"Carlson, J. M. (University of California, Santa Barbara); Doyle, John (California Institute of Technology)",438,48,3,99.36,http://www.pnas.org/content/99/suppl_1/2538.full.pdf,https://app.dimensions.ai/details/publication/pub.1048640494,0102 Applied Mathematics; 01 Mathematical Sciences,0102 Applied Mathematics,01 Mathematical Sciences,,,
71,400,pub.1005532273,10.1073/pnas.261714399,11842230,PMC122317,"Mutation, specialization, and hypersensitivity in highly optimized tolerance",Proceedings of the National Academy of Sciences,,"Biological Evolution; Ecology; Genome; Models, Theoretical; Mutation; Phenotype; Time Factors",2002-02-19,2002,99,4,2049-2054,All OA; Gold,Article,"Zhou, Tong; Carlson, J. M.; Doyle, John",,"Zhou, Tong (University of California, Santa Barbara); Carlson, J. M. (University of California, Santa Barbara); Doyle, John (California Institute of Technology)",35,1,0.36,1.93,http://www.pnas.org/content/99/4/2049.full.pdf,https://app.dimensions.ai/details/publication/pub.1005532273,0604 Genetics; 06 Biological Sciences,0604 Genetics,06 Biological Sciences,,,
72,400,pub.1060726717,10.1103/physreve.63.056122,11414976,,Highly optimized tolerance in epidemic models incorporating local optimization and regrowth,Physical Review E,,,2001-04,2001,63,5,056122,"All OA; Green, Published",Article,"Robert, Carl; Carlson, J. M.; Doyle, John",,"Robert, Carl (University of California, Santa Barbara); Carlson, J. M. (University of California, Santa Barbara); Doyle, John (California Institute of Technology)",10,0,0.06,1.9,https://authors.library.caltech.edu/1526/1/ROBpre01.pdf,https://app.dimensions.ai/details/publication/pub.1060726717,0103 Numerical and Computational Mathematics; 01 Mathematical Sciences,0103 Numerical and Computational Mathematics,01 Mathematical Sciences,,,
73,400,pub.1060725606,10.1103/physreve.62.3197,11088814,,Dynamics and changing environments in highly optimized tolerance,Physical Review E,,,2000-09,2000,62,3,3197-3204,Closed,Article,"Zhou, Tong; Carlson, J. M.",,"Zhou, Tong (University of California, Santa Barbara); Carlson, J. M. (University of California, Santa Barbara)",15,1,0.16,,,https://app.dimensions.ai/details/publication/pub.1060725606,09 Engineering; 02 Physical Sciences; 01 Mathematical Sciences,09 Engineering,02 Physical Sciences,01 Mathematical Sciences,,
74,400,pub.1060821466,10.1103/physrevlett.84.5656,10991018,,"Power Laws, Highly Optimized Tolerance, and Generalized Source Coding",Physical Review Letters,,,2000-06,2000,84,24,5656-5659,"All OA; Green, Accepted & Submitted",Article,"Doyle, John; Carlson, J. M.",,"Doyle, John (California Institute of Technology); Carlson, J. M. (University of California, Santa Barbara)",71,0,0.44,,https://authors.library.caltech.edu/1524/1/DOYprl00.pdf,https://app.dimensions.ai/details/publication/pub.1060821466,02 Physical Sciences,02 Physical Sciences,,,,
75,400,pub.1060820933,10.1103/physrevlett.84.2529,11018927,,Highly Optimized Tolerance: Robustness and Design in Complex Systems,Physical Review Letters,,,2000-03,2000,84,11,2529-2532,"All OA; Green, Accepted & Submitted",Article,"Carlson, J. M.; Doyle, John",,"Carlson, J. M. (University of California, Santa Barbara); Doyle, John (California Institute of Technology)",205,20,1.44,,https://authors.library.caltech.edu/1523/1/CARprl00.pdf,https://app.dimensions.ai/details/publication/pub.1060820933,02 Physical Sciences,02 Physical Sciences,,,,
76,400,pub.1018328675,10.1103/physreve.60.1412,11969901,,Highly optimized tolerance: A mechanism for power laws in designed systems,Physical Review E,,,1999-08,1999,60,2,1412-1427,"All OA; Green, Accepted & Submitted",Article,"Carlson, J. M.; Doyle, John",,"Carlson, J. M. (University of California, Santa Barbara); Doyle, John (California Institute of Technology)",326,23,1.79,,https://authors.library.caltech.edu/1527/1/CARpre99.pdf,https://app.dimensions.ai/details/publication/pub.1018328675,09 Engineering; 0907 Environmental Engineering,09 Engineering,0907 Environmental Engineering,,,
77,400,pub.1043427189,10.1073/pnas.92.15.6712,11607564,PMC41399,"Self-organized criticality: sandpiles, singularities, and scaling",Proceedings of the National Academy of Sciences,,,1995-07-18,1995,92,15,6712-6719,All OA; Gold,Article,"Carlson, J M; Swindle, G H",,"Carlson, J M (University of California, Santa Barbara); Swindle, G H (University of California, Santa Barbara)",27,2,0.28,,http://www.pnas.org/content/92/15/6712.full.pdf,https://app.dimensions.ai/details/publication/pub.1043427189,01 Mathematical Sciences; 0101 Pure Mathematics,01 Mathematical Sciences,0101 Pure Mathematics,,,
78,300,pub.1060811122,10.1103/physrevlett.74.4357,10058483,,Predicting Sandpile Avalanches,Physical Review Letters,,,1995-05,1995,74,21,4357-4357,Closed,Article,"Sammis, Ian; Carlson, J. M.",,"Sammis, Ian (University of California, Santa Barbara); Carlson, J. M. (University of California, Santa Barbara)",5,0,0.22,,,https://app.dimensions.ai/details/publication/pub.1060811122,02 Physical Sciences,02 Physical Sciences,,,,
79,300,pub.1015599918,10.1103/physreve.50.236,9961962,,Predictability of self-organizing systems,Physical Review E,,,1994-07,1994,50,1,236-242,"All OA; Green, Accepted & Submitted",Article,"Pepke, S. L.; Carlson, J. M.",,"Pepke, S. L. (University of California, Santa Barbara); Carlson, J. M. (University of California, Santa Barbara)",43,2,0.7,,http://arxiv.org/pdf/cond-mat/9312055v1.pdf,https://app.dimensions.ai/details/publication/pub.1015599918,09 Engineering; 02 Physical Sciences; 01 Mathematical Sciences,09 Engineering,02 Physical Sciences,01 Mathematical Sciences,,
80,100,pub.1060839327,10.1103/revmodphys.66.657,,,Dynamics of earthquake faults,Reviews of Modern Physics,,,1994-04,1994,66,2,657-670,"All OA; Green, Accepted & Submitted",Article,"Carlson, J. M.; Langer, J. S.; Shaw, B. E.",,"Carlson, J. M. (University of California, Santa Barbara); Langer, J. S. (University of California, Santa Barbara); Shaw, B. E. (University of California, Santa Barbara)",247,17,,,https://academiccommons.columbia.edu/doi/10.7916/D8KW5S0P/download,https://app.dimensions.ai/details/publication/pub.1060839327,02 Physical Sciences,02 Physical Sciences,,,,
81,100,pub.1023313992,10.1029/93jb03125,,,Prediction of large events on a dynamical model of a fault,Journal of Geophysical Research,,,1994,1994,99,B4,6769-6788,"All OA; Green, Accepted & Submitted",Article,"Pepke, S. L.; Carlson, J. M.; Shaw, B. E.",,"Pepke, S. L. (); Carlson, J. M. (); Shaw, B. E. ()",50,1,,,http://arxiv.org/pdf/chao-dyn/9307019v2.pdf,https://app.dimensions.ai/details/publication/pub.1023313992,08 Information and Computing Sciences; 0801 Artificial Intelligence and Image Processing,08 Information and Computing Sciences,0801 Artificial Intelligence and Image Processing,,,
82,300,pub.1060716024,10.1103/physreve.48.688,9960647,,Fluctuations in self-organizing systems,Physical Review E,,,1993-08,1993,48,2,688-698,Closed,Article,"Carlson, J. M.; Grannan, E. R.; Singh, C.; Swindle, G. H.",,"Carlson, J. M. (University of California, Santa Barbara); Grannan, E. R. (University of California, Berkeley; University of California, Santa Barbara); Singh, C. (University of California, Santa Barbara); Swindle, G. H. (University of California, Santa Barbara)",27,0,0.59,,,https://app.dimensions.ai/details/publication/pub.1060716024,09 Engineering; 02 Physical Sciences; 01 Mathematical Sciences,09 Engineering,02 Physical Sciences,01 Mathematical Sciences,,
83,100,pub.1032902766,10.1016/0304-4149(93)90091-h,,,A limit theorem for tagged particles in a class of self-organizing particle systems,Stochastic Processes and their Applications,,,1993-08,1993,47,1,1-16,All OA; Gold,Article,"Carlson, J.M.; Grannan, E.R.; Swindle, G.H.","Swindle, G.H.","Carlson, J.M. (University of California, Santa Barbara); Grannan, E.R. (AT&T (United States)); Swindle, G.H. (University of California, Santa Barbara)",4,0,,,https://doi.org/10.1016/0304-4149(93)90091-h,https://app.dimensions.ai/details/publication/pub.1032902766,"15 Commerce, Management, Tourism and Services; 0102 Applied Mathematics; 1502 Banking, Finance and Investment; 0104 Statistics; 01 Mathematical Sciences","15 Commerce, Management, Tourism and Services",0102 Applied Mathematics,"1502 Banking, Finance and Investment",0104 Statistics,01 Mathematical Sciences
84,100,pub.1064403674,10.1214/aop/1176989122,,,Singular Diffusion Limits of a Class of Reversible Self-Organizing Particle Systems,The Annals of Probability,,,1993-07,1993,21,3,1372-1393,All OA; Gold,Article,"Carlson, J. M.; Grannan, E. R.; Swindle, G. H.; Tour, J.",,"Carlson, J. M. (); Grannan, E. R. (); Swindle, G. H. (); Tour, J. ()",12,2,,,https://doi.org/10.1214/aop/1176989122,https://app.dimensions.ai/details/publication/pub.1064403674,01 Mathematical Sciences; 0101 Pure Mathematics,01 Mathematical Sciences,0101 Pure Mathematics,,,
85,300,pub.1060715467,10.1103/physreve.47.93,9959984,,Self-organizing systems at finite driving rates,Physical Review E,,,1993-01,1993,47,1,93-105,Closed,Article,"Carlson, J. M.; Grannan, E. R.; Swindle, G. H.",,"Carlson, J. M. (University of California, Santa Barbara); Grannan, E. R. (University of California, Berkeley); Swindle, G. H. (University of California, Santa Barbara)",33,0,0.53,,,https://app.dimensions.ai/details/publication/pub.1060715467,01 Mathematical Sciences; 0101 Pure Mathematics,01 Mathematical Sciences,0101 Pure Mathematics,,,
86,300,pub.1060484269,10.1103/physreva.44.6226,9905754,,Two-dimensional model of a fault,Physical Review A,,,1991-11,1991,44,10,6226-6232,Closed,Article,"Carlson, J. M.",,"Carlson, J. M. (University of California, Santa Barbara)",51,1,0.95,,,https://app.dimensions.ai/details/publication/pub.1060484269,01 Mathematical Sciences; 02 Physical Sciences; 03 Chemical Sciences,01 Mathematical Sciences,02 Physical Sciences,03 Chemical Sciences,,
87,300,pub.1060484555,10.1103/physreva.44.884,9906036,,Intrinsic properties of a Burridge-Knopoff model of an earthquake fault,Physical Review A,,,1991-07,1991,44,2,884-897,"All OA; Green, Accepted & Submitted",Article,"Carlson, J. M.; Langer, J. S.; Shaw, B. E.; Tang, C.",,"Carlson, J. M. (University of California, Santa Barbara); Langer, J. S. (University of California, Santa Barbara); Shaw, B. E. (University of California, Santa Barbara); Tang, C. (University of California, Santa Barbara)",157,3,2.09,,https://academiccommons.columbia.edu/doi/10.7916/D8QC1KD4/download,https://app.dimensions.ai/details/publication/pub.1060484555,01 Mathematical Sciences; 02 Physical Sciences; 03 Chemical Sciences,01 Mathematical Sciences,02 Physical Sciences,03 Chemical Sciences,,
88,100,pub.1040946529,10.1007/bf01014364,,,Bethe lattice spin glass: The effects of a ferromagnetic bias and external fields. I. Bifurcation analysis,Journal of Statistical Physics,,,1990-12,1990,61,5-6,987-1067,Closed,Article,"Carlson, J. M.; Chayes, J. T.; Chayes, L.; Sethna, J. P.; Thouless, D. J.",,"Carlson, J. M. (University of California, Santa Barbara); Chayes, J. T. (University of California Los Angeles); Chayes, L. (University of California Los Angeles); Sethna, J. P. (Cornell University); Thouless, D. J. (University of Washington)",15,1,,,,https://app.dimensions.ai/details/publication/pub.1040946529,01 Mathematical Sciences; 0101 Pure Mathematics,01 Mathematical Sciences,0101 Pure Mathematics,,,
89,100,pub.1008020742,10.1007/bf01014365,,,Bethe lattice spin glass: The effects of a ferromagnetic bias and external fields. II. Magnetized spin-glass phase and the de Almeida-Thouless line,Journal of Statistical Physics,,,1990-12,1990,61,5-6,1069-1084,Closed,Article,"Carlson, J. M.; Chayes, J. T.; Sethna, J. P.; Thouless, D. J.",,"Carlson, J. M. (University of California, Santa Barbara); Chayes, J. T. (University of California Los Angeles); Sethna, J. P. (Cornell University); Thouless, D. J. (University of Washington)",15,1,,,,https://app.dimensions.ai/details/publication/pub.1008020742,01 Mathematical Sciences; 02 Physical Sciences,01 Mathematical Sciences,02 Physical Sciences,,,
90,300,pub.1060801524,10.1103/physrevlett.65.2547,10042625,,Self-orgainzed criticality and singular diffusion,Physical Review Letters,,,1990-11,1990,65,20,2547-2550,Closed,Article,"Carlson, JM; Chayes, JT; Grannan, ER; Swindle, GH",,"Carlson, JM (); Chayes, JT (); Grannan, ER (); Swindle, GH ()",93,3,2.88,,,https://app.dimensions.ai/details/publication/pub.1060801524,02 Physical Sciences,02 Physical Sciences,,,,
91,300,pub.1060481941,10.1103/physreva.42.2467,9904307,,Self-organized criticality in sandpiles: Nature of the critical phenomenon,Physical Review A,,,1990-08,1990,42,4,2467-2470,Closed,Article,"Carlson, J. M.; Chayes, J. T.; Grannan, E. R.; Swindle, G. H.",,"Carlson, J. M. (University of California, Santa Barbara); Chayes, J. T. (University of California Los Angeles); Grannan, E. R. (Nokia (United States)); Swindle, G. H. (University of California Los Angeles)",48,1,2.15,,,https://app.dimensions.ai/details/publication/pub.1060481941,01 Mathematical Sciences; 02 Physical Sciences; 03 Chemical Sciences,01 Mathematical Sciences,02 Physical Sciences,03 Chemical Sciences,,
92,300,pub.1060480625,10.1103/physreva.40.6470,9902044,,Mechanical model of an earthquake fault,Physical Review A,,,1989-12,1989,40,11,6470-6484,Closed,Article,"Carlson, J. M.; Langer, J. S.",,"Carlson, J. M. (University of California, Santa Barbara); Langer, J. S. (University of California, Santa Barbara)",519,17,4,,,https://app.dimensions.ai/details/publication/pub.1060480625,01 Mathematical Sciences; 02 Physical Sciences; 03 Chemical Sciences,01 Mathematical Sciences,02 Physical Sciences,03 Chemical Sciences,,
93,300,pub.1060798866,10.1103/physrevlett.62.2632,10040041,,Properties of earthquakes generated by fault dynamics,Physical Review Letters,,,1989-05,1989,62,22,2632-2635,Closed,Article,"Carlson, J. M.; Langer, J. S.",,"Carlson, J. M. (University of California, Santa Barbara); Langer, J. S. (University of California, Santa Barbara)",513,21,7.91,,,https://app.dimensions.ai/details/publication/pub.1060798866,02 Physical Sciences,02 Physical Sciences,,,,
94,200,pub.1064231221,10.1209/0295-5075/6/5/017,,,Critical Behavior of the Bethe Lattice Spin Glass,EPL (Europhysics Letters),,,1988-07-01,1988,6,5,475-475,All OA; Gold,Article,"Carlson, J. M; Chayes, J. T; Chayes, L; Sethna, J. P; Thouless, D. J",,"Carlson, J. M (); Chayes, J. T (); Chayes, L (); Sethna, J. P (); Thouless, D. J ()",0,0,,,http://iopscience.iop.org/article/10.1209/0295-5075/6/5/017/pdf,https://app.dimensions.ai/details/publication/pub.1064231221,01 Mathematical Sciences; 02 Physical Sciences,01 Mathematical Sciences,02 Physical Sciences,,,
95,200,pub.1064231074,10.1209/0295-5075/5/4/013,,,Critical Behavior of the Bethe Lattice Spin Glass,EPL (Europhysics Letters),,,1988-02-15,1988,5,4,355-360,"All OA; Green, Accepted & Submitted",Article,"Carlson, J. M; Chayes, J. T; Chayes, L; Sethna, J. P; Thouless, D. J",,"Carlson, J. M (); Chayes, J. T (); Chayes, L (); Sethna, J. P (); Thouless, D. J ()",32,1,,,http://www.lassp.cornell.edu/sethna/pubPDF/BetheLatticeSpinGlassEurophys.pdf,https://app.dimensions.ai/details/publication/pub.1064231074,01 Mathematical Sciences; 02 Physical Sciences,01 Mathematical Sciences,02 Physical Sciences,,,
