,"""About the data: Exported on Dec 04, 2019. Criteria: Researcher is John O'Donovan. © 2019 Digital Science and Research Solutions Inc. All rights reserved. Unless otherwise agreed, redistribution / external use of this work is not permitted.""
",,,,,,,,,,,,,,,,,,,,,,,,,,,,,,
0,Rank,Publication ID,DOI,PMID,PMCID,Title,Source title,Anthology title,MeSH terms,Publication Date,PubYear,Volume,Issue,Pagination,Open Access,Publication Type,Authors,Corresponding Author,Authors Affiliations,Times cited,Recent citations,RCR,FCR,Source Linkout,Dimensions URL,FOR (ANZSRC) Categories,FOR 1,FOR 2,FOR 3,FOR 4,FOR 5
1,100,pub.1103514212,10.1016/j.ijhcs.2018.04.004,,,Moodplay: Interactive Music Recommendation based on Artists’ Mood Similarity,International Journal of Human-Computer Studies,,,2019-01,2019,121,T. Affective Computing 3 2 2012,142-159,Closed,Article,"Andjelkovic, Ivana; Parra, Denis; O’Donovan, John","Andjelkovic, Ivana","Andjelkovic, Ivana (University of California, Santa Barbara); Parra, Denis (Pontifical Catholic University of Chile); O’Donovan, John (University of California, Santa Barbara)",9,9,,,,https://app.dimensions.ai/details/publication/pub.1103514212,08 Information and Computing Sciences; 17 Psychology and Cognitive Sciences; 1701 Psychology; 0806 Information Systems,08 Information and Computing Sciences,17 Psychology and Cognitive Sciences,1701 Psychology,0806 Information Systems,
2,200,pub.1112250103,10.1145/3301275.3302308,,,I can do better than your AI,,Proceedings of the 24th International Conference on Intelligent User Interfaces - IUI '19,,2019,2019,,,240-251,All OA; Gold,Proceeding,"Schaffer, James; O'Donovan, John; Michaelis, James; Raglin, Adrienne; Höllerer, Tobias",,"Schaffer, James (United States Army Research Laboratory); O'Donovan, John (University of California, Santa Barbara); Michaelis, James (United States Army Research Laboratory); Raglin, Adrienne (United States Army Research Laboratory); Höllerer, Tobias (University of California, Santa Barbara)",0,0,,,http://dl.acm.org/ft_gateway.cfm?id=3302308&type=pdf,https://app.dimensions.ai/details/publication/pub.1112250103,,,,,,
3,200,pub.1112250101,10.1145/3301275.3302306,,,Personalized explanations for hybrid recommender systems,,Proceedings of the 24th International Conference on Intelligent User Interfaces - IUI '19,,2019,2019,,,379-390,All OA; Gold,Proceeding,"Kouki, Pigi; Schaffer, James; Pujara, Jay; O'Donovan, John; Getoor, Lise",,"Kouki, Pigi (University of California, Santa Cruz); Schaffer, James (); Pujara, Jay (University of Southern California); O'Donovan, John (); Getoor, Lise (University of California, Santa Cruz)",2,2,,,http://dl.acm.org/ft_gateway.cfm?id=3302306&type=pdf,https://app.dimensions.ai/details/publication/pub.1112250101,,,,,,
4,100,pub.1111519340,10.1109/aivr.2018.00013,,,A Study of Situated Product Recommendations in Augmented Reality,,2018 IEEE International Conference on Artificial Intelligence and Virtual Reality (AIVR),,2018-12,2018,,,35-43,Closed,Proceeding,"Huynh, Brandon; Ibrahim, Adam; Chang, Yun Suk; Höllerer, Tobias; O'Donovan, John",,"Huynh, Brandon (University of California, Santa Barbara); Ibrahim, Adam (University of California, Santa Barbara); Chang, Yun Suk (University of California, Santa Barbara); Höllerer, Tobias (University of California, Santa Barbara); O'Donovan, John (University of California, Santa Barbara)",0,0,,,,https://app.dimensions.ai/details/publication/pub.1111519340,08 Information and Computing Sciences; 0801 Artificial Intelligence and Image Processing; 0806 Information Systems,08 Information and Computing Sciences,0801 Artificial Intelligence and Image Processing,0806 Information Systems,,
5,500,pub.1106942865,10.1109/tvcg.2018.2868568,30207959,,ARbis Pictus: A Study of Vocabulary Learning with Augmented Reality,IEEE Transactions on Visualization and Computer Graphics,,,2018-11,2018,24,11,2867-2874,Closed,Article,"Ibrahim, Adam; Huynh, Brandon; Downey, Jonathan; Höllerer, Tobias; Chun, Dorothy; O'donovan, John",,"Ibrahim, Adam (University of California, Santa Barbara); Huynh, Brandon (University of California, Santa Barbara); Downey, Jonathan (University of California, Santa Barbara); Höllerer, Tobias (University of California, Santa Barbara); Chun, Dorothy (University of California, Santa Barbara); O'donovan, John (University of California, Santa Barbara)",2,2,,,,https://app.dimensions.ai/details/publication/pub.1106942865,08 Information and Computing Sciences; 0801 Artificial Intelligence and Image Processing,08 Information and Computing Sciences,0801 Artificial Intelligence and Image Processing,,,
6,100,pub.1100274462,10.1016/j.ijhcs.2018.01.002,,,A study of dynamic information display and decision-making in abstract trust games,International Journal of Human-Computer Studies,,,2018-05,2018,113,Econ. J. 103 418 1993,14-Jan,Closed,Article,"Schaffer, James; O’Donovan, John; Marusich, Laura; Yu, Michael; Gonzalez, Cleotilde; Höllerer, Tobias","Schaffer, James","Schaffer, James (United States Army Research Laboratory); O’Donovan, John (University of California, Santa Barbara); Marusich, Laura (United States Army Research Laboratory); Yu, Michael (Carnegie Mellon University); Gonzalez, Cleotilde (Carnegie Mellon University); Höllerer, Tobias (University of California, Santa Barbara)",3,3,,,,https://app.dimensions.ai/details/publication/pub.1100274462,08 Information and Computing Sciences; 0806 Information Systems,08 Information and Computing Sciences,0806 Information Systems,,,
7,100,pub.1107307468,10.1145/3240323.3240337,,,Recsys'18 joint workshop on interfaces and human decision making for recommender systems,,Proceedings of the 12th ACM Conference on Recommender Systems - RecSys '18,,2018,2018,,,519-520,Closed,Proceeding,"Brusilovsky, Peter; de Gemmis, Marco; Felfernig, Alexander; Lops, Pasquale; O'Donovan, John; Semeraro, Giovanni; Willemsen, Martijn C.",,"Brusilovsky, Peter (University of Pittsburgh); de Gemmis, Marco (University of Bari Aldo Moro); Felfernig, Alexander (Graz University of Technology); Lops, Pasquale (University of Bari Aldo Moro); O'Donovan, John (University of California System); Semeraro, Giovanni (University of Bari Aldo Moro); Willemsen, Martijn C. (Eindhoven University of Technology)",0,0,,,,https://app.dimensions.ai/details/publication/pub.1107307468,08 Information and Computing Sciences; 0806 Information Systems,08 Information and Computing Sciences,0806 Information Systems,,,
8,100,pub.1105383001,10.1145/3209219.3209222,,,Easy to Please: Separating User Experience from Choice Satisfaction,,"Proceedings of the 26th Conference on User Modeling, Adaptation and Personalization - UMAP '18",,2018,2018,,,177-185,All OA; Gold,Proceeding,"Schaffer, James; O'Donovan, John; Höllerer, Tobias",,"Schaffer, James (United States Army Research Laboratory); O'Donovan, John (University of California, Santa Barbara); Höllerer, Tobias (University of California, Santa Barbara)",2,2,,,http://dl.acm.org/ft_gateway.cfm?id=3209222&type=pdf,https://app.dimensions.ai/details/publication/pub.1105383001,01 Mathematical Sciences; 0104 Statistics,01 Mathematical Sciences,0104 Statistics,,,
9,100,pub.1096141275,10.1145/3030024.3030026,,,AWARE: Workshop on Awareness Interfaces and Interactions,,Proceedings of the 22nd International Conference on Intelligent User Interfaces Companion - IUI '17 Companion,,2017,2017,,,3-Jan,Closed,Proceeding,"Dugan, Casey; Brusilovsky, Peter; Daly, Elizabeth; O'Donovan, John",,"Dugan, Casey (IBM Research – Thomas J. Watson Research Center); Brusilovsky, Peter (University of Pittsburgh); Daly, Elizabeth (IBM Research - Ireland); O'Donovan, John (University of California, Santa Barbara)",0,0,,0,,https://app.dimensions.ai/details/publication/pub.1096141275,08 Information and Computing Sciences; 0806 Information Systems,08 Information and Computing Sciences,0806 Information Systems,,,
10,100,pub.1091497744,10.1145/3109859.3109961,,,RecSys'17 Joint Workshop on Interfaces and Human Decision Making for Recommender Systems,,Proceedings of the Eleventh ACM Conference on Recommender Systems - RecSys '17,,2017,2017,,,384-385,Closed,Proceeding,"Brusilovsky, Peter; de Gemmis, Marco; Felfernig, Alexander; Lops, Pasquale; O'Donovan, John; Tintarev, Nava; Willemsen, Martijn",,"Brusilovsky, Peter (University of Pittsburgh); de Gemmis, Marco (University of Bari Aldo Moro); Felfernig, Alexander (Graz University of Technology); Lops, Pasquale (University of Bari Aldo Moro); O'Donovan, John (University of California, Santa Barbara); Tintarev, Nava (Delft University of Technology); Willemsen, Martijn (Eindhoven University of Technology)",0,0,,0,,https://app.dimensions.ai/details/publication/pub.1091497744,08 Information and Computing Sciences; 0806 Information Systems,08 Information and Computing Sciences,0806 Information Systems,,,
11,100,pub.1091495748,10.1145/3109859.3109915,,,User Preferences for Hybrid Explanations,,Proceedings of the Eleventh ACM Conference on Recommender Systems - RecSys '17,,2017,2017,,,84-88,Closed,Proceeding,"Kouki, Pigi; Schaffer, James; Pujara, Jay; O'Donovan, John; Getoor, Lise",,"Kouki, Pigi (University of California, Santa Cruz); Schaffer, James (); Pujara, Jay (University of California, Santa Cruz); O'Donovan, John (University of California, Santa Barbara); Getoor, Lise (University of California, Santa Cruz)",16,16,,12.24,,https://app.dimensions.ai/details/publication/pub.1091495748,08 Information and Computing Sciences; 0806 Information Systems,08 Information and Computing Sciences,0806 Information Systems,,,
12,100,pub.1085197637,10.1145/3027063.3053227,,,Automated Assistants to Identify and Prompt Action on Visual News Bias,,Proceedings of the 2017 CHI Conference Extended Abstracts on Human Factors in Computing Systems - CHI EA '17,,2017,2017,,,2796-2801,"All OA; Green, Accepted & Submitted",Proceeding,"Narwal, Vishwajeet; Salih, Mohamed Hashim; Lopez, Jose Angel; Ortega, Angel; O'Donovan, John; Höllerer, Tobias; Savage, Saiph",,"Narwal, Vishwajeet (West Virginia University); Salih, Mohamed Hashim (National Autonomous University of Mexico); Lopez, Jose Angel (National Autonomous University of Mexico); Ortega, Angel (University of California, Santa Barbara); O'Donovan, John (University of California, Santa Barbara); Höllerer, Tobias (University of California, Santa Barbara); Savage, Saiph (West Virginia University)",4,3,,2.26,http://arxiv.org/pdf/1702.06492,https://app.dimensions.ai/details/publication/pub.1085197637,17 Psychology and Cognitive Sciences; 1701 Psychology,17 Psychology and Cognitive Sciences,1701 Psychology,,,
13,100,pub.1085094091,10.1007/978-3-319-53420-6_6,,,Through the Grapevine: A Comparison of News in Microblogs and Traditional Media,Lecture Notes in Social Networks,Trends in Social Network Analysis,,2017,2017,,,135-168,Closed,Chapter,"Kang, Byungkyu; Wright, Haleigh; Höllerer, Tobias; Singh, Ambuj K.; O’Donovan, John","Kang, Byungkyu","Kang, Byungkyu (University of California, Santa Barbara); Wright, Haleigh (University of California, Santa Barbara); Höllerer, Tobias (University of California, Santa Barbara); Singh, Ambuj K. (University of California, Santa Barbara); O’Donovan, John (University of California, Santa Barbara)",1,1,,0.76,,https://app.dimensions.ai/details/publication/pub.1085094091,08 Information and Computing Sciences; 0806 Information Systems,08 Information and Computing Sciences,0806 Information Systems,,,
14,100,pub.1020999351,10.1145/3014432,,,Introduction to the Special Issue on Human Interaction with Artificial Advice Givers,ACM Transactions on Interactive Intelligent Systems,,,12/26/16,2016,6,4,26,Closed,Article,"Tintarev, Nava; O'donovan, John; Felfernig, Alexander",,"Tintarev, Nava (Bournemouth University); O'donovan, John (University of California, Santa Barbara); Felfernig, Alexander (Graz University of Technology)",2,1,,1.14,,https://app.dimensions.ai/details/publication/pub.1020999351,12 Built Environment and Design; 1203 Design Practice and Management,12 Built Environment and Design,1203 Design Practice and Management,,,
15,100,pub.1093230528,10.1109/asonam.2016.7752262,,,An Analysis of Student Behavior in Two Massive Open Online Courses,,2016 IEEE/ACM International Conference on Advances in Social Networks Analysis and Mining (ASONAM),,2016-08,2016,,,380-385,"All OA; Green, Accepted & Submitted",Proceeding,"Schaffer, James; Huynh, Brandon; O'Donovan, John; Höllerer, Tobias; Xia, Yinglong; Lin, Sabrina",,"Schaffer, James (University of California, Santa Barbara); Huynh, Brandon (University of California, Santa Barbara); O'Donovan, John (University of California, Santa Barbara); Höllerer, Tobias (University of California, Santa Barbara); Xia, Yinglong (IBM Research – Thomas J. Watson Research Center); Lin, Sabrina (IBM Research – Thomas J. Watson Research Center)",3,3,,2.47,https://zenodo.org/record/1265036/files/article.pdf,https://app.dimensions.ai/details/publication/pub.1093230528,1303 Specialist Studies In Education; 13 Education,1303 Specialist Studies In Education,13 Education,,,
16,100,pub.1023783482,10.1145/2911172.2911183,,,ACM IUI 2016 conference highlights,AI Matters,,,6/21/16,2016,2,3,30-31,Closed,Article,"Nichols, Jeffrey; O'Donovan, John; Mahmud, Jalal",,"Nichols, Jeffrey (); O'Donovan, John (); Mahmud, Jalal ()",0,0,,0,,https://app.dimensions.ai/details/publication/pub.1023783482,2103 Historical Studies; 21 History and Archaeology,2103 Historical Studies,21 History and Archaeology,,,
17,400,pub.1045631031,10.1177/0018720815619515,26822796,,Effects of Information Availability on Command-and-Control Decision Making,Human Factors The Journal of the Human Factors and Ergonomics Society,,Adolescent; Adult; Awareness; Decision Making; Female; Humans; Male; Military Science; Surveys and Questionnaires; Task Performance and Analysis; Trust; User-Computer Interface; Video Games; Young Adult,2016-03,2016,58,2,301-321,Closed,Article,"Marusich, Laura R; Bakdash, Jonathan Z; Onal, Emrah; Yu, Michael S; Schaffer, James; O'Donovan, John; Höllerer, Tobias; Buchler, Norbou; Gonzalez, Cleotilde",,"Marusich, Laura R (United States Army Research Laboratory); Bakdash, Jonathan Z (United States Army Research Laboratory); Onal, Emrah (SA Technologies (United States)); Yu, Michael S (Carnegie Mellon University); Schaffer, James (United States Army Research Laboratory); O'Donovan, John (United States Army Research Laboratory); Höllerer, Tobias (University of California, Santa Barbara); Buchler, Norbou (United States Army Research Laboratory); Gonzalez, Cleotilde (Carnegie Mellon University)",17,10,0.35,6.49,,https://app.dimensions.ai/details/publication/pub.1045631031,17 Psychology and Cognitive Sciences; 1701 Psychology,17 Psychology and Cognitive Sciences,1701 Psychology,,,
18,100,pub.1096144266,10.1145/3003715.3005418,,,First Steps towards a View Management Concept for Large-sized Head-up Displays with Continuous Depth,,Proceedings of the 8th International Conference on Automotive User Interfaces and Interactive Vehicular Applications - Automotive'UI 16,,2016,2016,,,8-Jan,Closed,Proceeding,"Haeuslschmid, Renate; Shou, Yixin; O'Donovan, John; Burnett, Gary; Butz, Andreas",,"Haeuslschmid, Renate (Ludwig Maximilian University of Munich); Shou, Yixin (); O'Donovan, John (University of California, Santa Barbara); Burnett, Gary (University of Nottingham); Butz, Andreas (Ludwig Maximilian University of Munich)",15,12,,5.73,,https://app.dimensions.ai/details/publication/pub.1096144266,17 Psychology and Cognitive Sciences; 1701 Psychology,17 Psychology and Cognitive Sciences,1701 Psychology,,,
19,100,pub.1084916676,10.1007/978-3-319-47874-6_20,,,What am I not Seeing? An Interactive Approach to Social Content Discovery in Microblogs,Lecture Notes in Computer Science,Social Informatics,,2016,2016,10047,,279-294,"All OA; Green, Accepted & Submitted",Chapter,"Kang, Byungkyu; Tintarev, Nava; Höllerer, Tobias; O’Donovan, John","Kang, Byungkyu","Kang, Byungkyu (University of California, Santa Barbara); Tintarev, Nava (Bournemouth University); Höllerer, Tobias (University of California, Santa Barbara); O’Donovan, John (University of California, Santa Barbara)",3,2,,1.68,http://eprints.bournemouth.ac.uk/24682/1/socinfo16%282%29.pdf,https://app.dimensions.ai/details/publication/pub.1084916676,08 Information and Computing Sciences; 0806 Information Systems,08 Information and Computing Sciences,0806 Information Systems,,,
20,100,pub.1017570639,10.1145/2959100.2959199,,,RecSys'16 Joint Workshop on Interfaces and Human Decision Making for Recommender Systems,,Proceedings of the 10th ACM Conference on Recommender Systems - RecSys '16,,2016,2016,,,413-414,Closed,Proceeding,"Brusilovsky, Peter; Felfernig, Alexander; Lops, Pasquale; O'Donovan, John; Semeraro, Giovanni; Tintarev, Nava; Willemsen, Martijn",,"Brusilovsky, Peter (University of Pittsburgh); Felfernig, Alexander (Graz University of Technology); Lops, Pasquale (University of Bari Aldo Moro); O'Donovan, John (University of California, Santa Barbara); Semeraro, Giovanni (University of Bari Aldo Moro); Tintarev, Nava (Bournemouth University); Willemsen, Martijn (Eindhoven University of Technology)",1,1,,0.56,,https://app.dimensions.ai/details/publication/pub.1017570639,08 Information and Computing Sciences; 0806 Information Systems,08 Information and Computing Sciences,0806 Information Systems,,,
21,100,pub.1001853139,10.1145/2930238.2930280,,,Moodplay: Interactive Mood-based Music Discovery and Recommendation,,Proceedings of the 2016 Conference on User Modeling Adaptation and Personalization - UMAP '16,,2016,2016,,,275-279,Closed,Proceeding,"Andjelkovic, Ivana; Parra, Denis; O'Donovan, John",,"Andjelkovic, Ivana (University of California, Santa Barbara); Parra, Denis (Pontifical Catholic University of Chile); O'Donovan, John (University of California, Santa Barbara)",17,15,,9.53,,https://app.dimensions.ai/details/publication/pub.1001853139,08 Information and Computing Sciences; 0806 Information Systems,08 Information and Computing Sciences,0806 Information Systems,,,
22,100,pub.1048039149,10.1145/2678025.2701406,,,Getting the Message?: A Study of Explanation Interfaces for Microblog Data Analysis,,Proceedings of the 20th International Conference on Intelligent User Interfaces - IUI '15,,2015,2015,,,345-356,Closed,Proceeding,"Schaffer, James; Giridhar, Prasanna; Jones, Debra; Höllerer, Tobias; Abdelzaher, Tarek; O'Donovan, John",,"Schaffer, James (University of California, Santa Barbara); Giridhar, Prasanna (University of Illinois at Urbana Champaign); Jones, Debra (SA Technologies (United States)); Höllerer, Tobias (University of California, Santa Barbara); Abdelzaher, Tarek (University of Illinois at Urbana Champaign); O'Donovan, John (University of California, Santa Barbara)",12,7,,5.82,,https://app.dimensions.ai/details/publication/pub.1048039149,08 Information and Computing Sciences; 0801 Artificial Intelligence and Image Processing; 0806 Information Systems,08 Information and Computing Sciences,0801 Artificial Intelligence and Image Processing,0806 Information Systems,,
23,100,pub.1008944077,10.1145/2808797.2809317,,,The Full Story: Automatic Detection of Unique News Content in Microblogs,,Proceedings of the 2015 IEEE/ACM International Conference on Advances in Social Networks Analysis and Mining 2015 - ASONAM '15,,2015,2015,,,1192-1199,Closed,Proceeding,"Kang, Byungkyu; Höllerer, Tobias; O'Donovan, John",,"Kang, Byungkyu (University of California, Santa Barbara); Höllerer, Tobias (University of California, Santa Barbara); O'Donovan, John (University of California, Santa Barbara)",0,0,,0,,https://app.dimensions.ai/details/publication/pub.1008944077,08 Information and Computing Sciences; 0801 Artificial Intelligence and Image Processing; 0806 Information Systems,08 Information and Computing Sciences,0801 Artificial Intelligence and Image Processing,0806 Information Systems,,
24,100,pub.1007774749,10.1145/2808797.2809379,,,Believe it or Not? Analyzing Information Credibility in Microblogs,,Proceedings of the 2015 IEEE/ACM International Conference on Advances in Social Networks Analysis and Mining 2015 - ASONAM '15,,2015,2015,,,611-616,Closed,Proceeding,"Kang, Byungkyu; Höllerer, Tobias; O'Donovan, John",,"Kang, Byungkyu (University of California, Santa Barbara); Höllerer, Tobias (University of California, Santa Barbara); O'Donovan, John (University of California, Santa Barbara)",10,5,,3.04,,https://app.dimensions.ai/details/publication/pub.1007774749,17 Psychology and Cognitive Sciences; 1701 Psychology,17 Psychology and Cognitive Sciences,1701 Psychology,,,
25,100,pub.1094589335,10.1109/cogsima.2014.6816536,,,"Truth, Lies, and Data: Credibility Representation in Data Analysis",,2014 IEEE International Inter-Disciplinary Conference on Cognitive Methods in Situation Awareness and Decision Support (CogSIMA),,2014-03,2014,,,28-34,"All OA; Green, Accepted & Submitted",Proceeding,"Schaffer, James; Abdelzaher, Tarek; Jones, Debra; Höllerer, Tobias; Gonzalez, Cleotilde; Harman, Jason; O'Donovan, John",,"Schaffer, James (University of California, Santa Barbara); Abdelzaher, Tarek (University of Illinois at Urbana Champaign); Jones, Debra (Carnegie Mellon University); Höllerer, Tobias (University of California, Santa Barbara); Gonzalez, Cleotilde (SA Technologies (United States)); Harman, Jason (SA Technologies (United States)); O'Donovan, John (University of California, Santa Barbara)",2,1,,0.86,http://www.cs.ucsb.edu/~holl/pubs/Schaffer-2014-CogSIMA.pdf,https://app.dimensions.ai/details/publication/pub.1094589335,08 Information and Computing Sciences; 0801 Artificial Intelligence and Image Processing; 0806 Information Systems,08 Information and Computing Sciences,0801 Artificial Intelligence and Image Processing,0806 Information Systems,,
26,100,pub.1094587415,10.1109/cogsima.2014.6816535,,,Decision-making in Abstract Trust Games: A User Interface Perspective,,2014 IEEE International Inter-Disciplinary Conference on Cognitive Methods in Situation Awareness and Decision Support (CogSIMA),,2014-03,2014,,,21-27,Closed,Proceeding,"Onal, Emrah; Schaffer, James; O'Donovan, John; Marusich, Laura; Yu, Michael S.; Gonzalez, Cleotilde; Höllerer, Tobias",,"Onal, Emrah (); Schaffer, James (University of California, Santa Barbara); O'Donovan, John (University of California, Santa Barbara); Marusich, Laura (United States Army Research Laboratory); Yu, Michael S. (); Gonzalez, Cleotilde (); Höllerer, Tobias (University of California, Santa Barbara)",6,3,,2.57,,https://app.dimensions.ai/details/publication/pub.1094587415,08 Information and Computing Sciences; 0806 Information Systems,08 Information and Computing Sciences,0806 Information Systems,,,
27,100,pub.1051559579,10.1145/2645710.2645761,,,Dynamics of human trust in recommender systems,,Proceedings of the 8th ACM Conference on Recommender systems - RecSys '14,,2014,2014,,,305-308,Closed,Proceeding,"Harman, Jason L.; O'Donovan, John; Abdelzaher, Tarek; Gonzalez, Cleotilde",,"Harman, Jason L. (Carnegie Mellon University); O'Donovan, John (University of California, Santa Barbara); Abdelzaher, Tarek (University of Illinois at Urbana Champaign); Gonzalez, Cleotilde (Carnegie Mellon University)",6,3,,1.4,,https://app.dimensions.ai/details/publication/pub.1051559579,17 Psychology and Cognitive Sciences; 1701 Psychology,17 Psychology and Cognitive Sciences,1701 Psychology,,,
28,100,pub.1048215820,10.1007/978-3-319-07458-0_20,,,Trust and Consequences: A Visual Perspective,Lecture Notes in Computer Science,"Virtual, Augmented and Mixed Reality. Designing and Developing Virtual and Augmented Environments",,2014,2014,8525,,203-214,"All OA; Green, Accepted & Submitted",Chapter,"Onal, Emrah; O’Donovan, John; Marusich, Laura; Yu, Michael S.; Schaffer, James; Gonzalez, Cleotilde; Höllerer, Tobias",,"Onal, Emrah (SA Technologies (United States)); O’Donovan, John (University of California, Santa Barbara); Marusich, Laura (United States Army Research Laboratory); Yu, Michael S. (Carnegie Mellon University); Schaffer, James (University of California, Santa Barbara); Gonzalez, Cleotilde (Carnegie Mellon University); Höllerer, Tobias (University of California, Santa Barbara)",1,1,,0.31,http://www.cs.ucsb.edu/~holl/pubs/Onal-2014-HCII.pdf,https://app.dimensions.ai/details/publication/pub.1048215820,08 Information and Computing Sciences; 17 Psychology and Cognitive Sciences; 1701 Psychology; 0806 Information Systems,08 Information and Computing Sciences,17 Psychology and Cognitive Sciences,1701 Psychology,0806 Information Systems,
29,100,pub.1046171109,10.1145/2645710.2645787,,,RecSys'14 joint workshop on interfaces and human decision making for recommender systems,,Proceedings of the 8th ACM Conference on Recommender systems - RecSys '14,,2014,2014,,,383-384,Closed,Proceeding,"Tintarev, Nava; O'Donovan, John; Brusilovsky, Peter; Felfernig, Alexander; Semeraro, Giovanni; Lops, Pasquale",,"Tintarev, Nava (University of Aberdeen); O'Donovan, John (University of California, Santa Barbara); Brusilovsky, Peter (University of Pittsburgh); Felfernig, Alexander (Graz University of Technology); Semeraro, Giovanni (University of Bari Aldo Moro); Lops, Pasquale (University of Bari Aldo Moro)",3,0,,1.29,,https://app.dimensions.ai/details/publication/pub.1046171109,08 Information and Computing Sciences; 0801 Artificial Intelligence and Image Processing; 0806 Information Systems,08 Information and Computing Sciences,0801 Artificial Intelligence and Image Processing,0806 Information Systems,,
30,100,pub.1000946893,10.1145/2661829.2663538,,,DUBMOD14 - International Workshop on Data-driven User Behavioral Modeling and Mining from Social Media,,Proceedings of the 23rd ACM International Conference on Conference on Information and Knowledge Management - CIKM '14,,2014,2014,,,2092-2093,Closed,Proceeding,"Mahmud, Jalal; Nichols, Jeffrey; Zhou, Michelle; Caverlee, James; Zeng, Yi; Chen, Liang; O'Donovan, John",,"Mahmud, Jalal (IBM Research – Thomas J. Watson Research Center); Nichols, Jeffrey (IBM Research – Thomas J. Watson Research Center); Zhou, Michelle (IBM Research – Thomas J. Watson Research Center); Caverlee, James (Texas A&M University); Zeng, Yi (Chinese Academy of Sciences); Chen, Liang (Zhejiang University); O'Donovan, John (University of California, Santa Barbara)",0,0,,0,,https://app.dimensions.ai/details/publication/pub.1000946893,08 Information and Computing Sciences; 0801 Artificial Intelligence and Image Processing; 0806 Information Systems,08 Information and Computing Sciences,0801 Artificial Intelligence and Image Processing,0806 Information Systems,,
31,100,pub.1095656370,10.1109/socialcom.2013.9,,,Understanding information credibility on twitter,,2013 International Conference on Social Computing,,2013-09,2013,,,19-24,"All OA; Green, Accepted & Submitted",Proceeding,"Sikdar, Sujoy; Kang, Byungkyu; O'Donovan, John; Höllerert, Tobias; Adah, Sibel",,"Sikdar, Sujoy (Rensselaer Polytechnic Institute); Kang, Byungkyu (University of California, Santa Barbara); O'Donovan, John (University of California, Santa Barbara); Höllerert, Tobias (University of California, Santa Barbara); Adah, Sibel (Rensselaer Polytechnic Institute)",19,7,,8.43,http://www.cs.ucsb.edu/~holl/pubs/Sikdar-2013-SocialCom.pdf,https://app.dimensions.ai/details/publication/pub.1095656370,01 Mathematical Sciences; 0104 Statistics,01 Mathematical Sciences,0104 Statistics,,,
32,100,pub.1094364879,10.1109/percomw.2013.6529542,,,Interactive Interfaces for Complex Network Analysis: An Information Credibility Perspective,,2013 IEEE International Conference on Pervasive Computing and Communications Workshops (PERCOM Workshops),,2013-03,2013,,,464-469,Closed,Proceeding,"Schaffer, James; Kang, Byungku; Höllerer, Tobias; Liu, Hengchang; Pan, Chenji; Giyu, Siyu; O'Donovan, John",,"Schaffer, James (University of California, Santa Barbara); Kang, Byungku (University of California, Santa Barbara); Höllerer, Tobias (University of California, Santa Barbara); Liu, Hengchang (University of Illinois at Urbana Champaign); Pan, Chenji (University of Illinois at Urbana Champaign); Giyu, Siyu (University of Illinois at Urbana Champaign); O'Donovan, John (University of California, Santa Barbara)",2,1,,0.87,,https://app.dimensions.ai/details/publication/pub.1094364879,08 Information and Computing Sciences; 0801 Artificial Intelligence and Image Processing; 0806 Information Systems,08 Information and Computing Sciences,0801 Artificial Intelligence and Image Processing,0806 Information Systems,,
33,100,pub.1093262418,10.1109/cogsima.2013.6523817,,,Trust and Situation Awareness in a 3-Player Diner's Dilemma game,,2013 IEEE International Multi-Disciplinary Conference on Cognitive Methods in Situation Awareness and Decision Support (CogSIMA),,2013-02,2013,,,15-Sep,Closed,Proceeding,"Teng, Yun; Jones, R.; Marusich, L.; O'Donovan, J.; Gonzalez, C.; Hollerer, T.",,"Teng, Yun (University of California, Santa Barbara); Jones, R. (); Marusich, L. (United States Army Research Laboratory); O'Donovan, J. (University of California, Santa Barbara); Gonzalez, C. (Carnegie Mellon University); Hollerer, T. (University of California, Santa Barbara)",5,1,,1.03,,https://app.dimensions.ai/details/publication/pub.1093262418,17 Psychology and Cognitive Sciences; 1701 Psychology,17 Psychology and Cognitive Sciences,1701 Psychology,,,
34,100,pub.1014708616,10.1145/2449396.2449412,,,LinkedVis: exploring social and semantic career recommendations,,Proceedings of the 2013 international conference on Intelligent user interfaces - IUI '13,,2013,2013,,,107-116,Closed,Proceeding,"Bostandjiev, Svetlin; O'Donovan, John; Höllerer, Tobias",,"Bostandjiev, Svetlin (University of California, Santa Barbara); O'Donovan, John (University of California, Santa Barbara); Höllerer, Tobias (University of California, Santa Barbara)",16,9,,5.32,,https://app.dimensions.ai/details/publication/pub.1014708616,08 Information and Computing Sciences; 0806 Information Systems; 17 Psychology and Cognitive Sciences; 1701 Psychology; 0801 Artificial Intelligence and Image Processing,08 Information and Computing Sciences,0806 Information Systems,17 Psychology and Cognitive Sciences,1701 Psychology,0801 Artificial Intelligence and Image Processing
35,100,pub.1010190028,10.1145/2505515.2505812,,,DUBMOD13: international workshop on data-driven user behavioral modelling and mining from social media,,Proceedings of the 22nd ACM international conference on Conference on information & knowledge management - CIKM '13,,2013,2013,,,2551-2552,Closed,Proceeding,"Mahmud, Jalal; Nichols, Jeffrey; Zhou, Michelle X.; Caverlee, James; O'Donovan, John",,"Mahmud, Jalal (IBM Research - Almaden); Nichols, Jeffrey (IBM Research - Almaden); Zhou, Michelle X. (IBM Research - Almaden); Caverlee, James (Texas A&M University); O'Donovan, John (University of California, Santa Barbara)",0,0,,0,,https://app.dimensions.ai/details/publication/pub.1010190028,08 Information and Computing Sciences; 0801 Artificial Intelligence and Image Processing; 0806 Information Systems,08 Information and Computing Sciences,0801 Artificial Intelligence and Image Processing,0806 Information Systems,,
36,100,pub.1094747773,10.1109/socialcom-passat.2012.128,,,Credibility in Context: An Analysis of Feature Distributions in Twitter,,"2012 International Conference on Privacy, Security, Risk and Trust and 2012 International Confernece on Social Computing",,2012-09,2012,,,293-301,Closed,Proceeding,"O'Donovan, John; Kang, Byungkyu; Meyer, Greg; Höllerer, Tobias; Adal, Sibel",,"O'Donovan, John (University of California, Santa Barbara); Kang, Byungkyu (University of California, Santa Barbara); Meyer, Greg (University of California, Santa Barbara); Höllerer, Tobias (University of California, Santa Barbara); Adal, Sibel (Rensselaer Polytechnic Institute)",43,16,,18.3,,https://app.dimensions.ai/details/publication/pub.1094747773,08 Information and Computing Sciences; 0806 Information Systems,08 Information and Computing Sciences,0806 Information Systems,,,
37,100,pub.1017637850,10.1145/2089094.2089099,,,TopicNets: Visual Analysis of Large Text Corpora with Topic Modeling,ACM Transactions on Intelligent Systems and Technology,,,2/1/12,2012,3,2,23,Closed,Article,"Gretarsson, Brynjar; O’Donovan, John; Bostandjiev, Svetlin; Höllerer, Tobias; Asuncion, Arthur; Newman, David; Smyth, Padhraic",,"Gretarsson, Brynjar (University of California, Santa Barbara); O’Donovan, John (University of California, Santa Barbara); Bostandjiev, Svetlin (University of California, Santa Barbara); Höllerer, Tobias (University of California, Santa Barbara); Asuncion, Arthur (University of California, Irvine); Newman, David (University of California, Irvine); Smyth, Padhraic (University of California, Irvine)",70,25,,28.31,,https://app.dimensions.ai/details/publication/pub.1017637850,08 Information and Computing Sciences; 0801 Artificial Intelligence and Image Processing,08 Information and Computing Sciences,0801 Artificial Intelligence and Image Processing,,,
38,100,pub.1043206187,10.1145/2365952.2365964,,,TasteWeights: a visual interactive hybrid recommender system,,Proceedings of the sixth ACM conference on Recommender systems - RecSys '12,,2012,2012,,,35-42,Closed,Proceeding,"Bostandjiev, Svetlin; O'Donovan, John; Höllerer, Tobias",,"Bostandjiev, Svetlin (University of California, Santa Barbara); O'Donovan, John (University of California, Santa Barbara); Höllerer, Tobias (University of California, Santa Barbara)",115,41,,48.94,,https://app.dimensions.ai/details/publication/pub.1043206187,08 Information and Computing Sciences; 0806 Information Systems,08 Information and Computing Sciences,0806 Information Systems,,,
39,100,pub.1037137274,10.1145/2365952.2365966,,,Inspectability and control in social recommenders,,Proceedings of the sixth ACM conference on Recommender systems - RecSys '12,,2012,2012,,,43-50,"All OA; Green, Accepted & Submitted",Proceeding,"Knijnenburg, Bart P.; Bostandjiev, Svetlin; O'Donovan, John; Kobsa, Alfred",,"Knijnenburg, Bart P. (University of California, Irvine); Bostandjiev, Svetlin (University of California, Santa Barbara); O'Donovan, John (University of California, Santa Barbara); Kobsa, Alfred (University of California, Irvine)",52,21,,10.27,http://www.ics.uci.edu/~kobsa/papers/RecSys2012.pdf,https://app.dimensions.ai/details/publication/pub.1037137274,17 Psychology and Cognitive Sciences; 1701 Psychology,17 Psychology and Cognitive Sciences,1701 Psychology,,,
40,100,pub.1020069027,10.1007/978-3-642-35386-4_18,,,An Analysis of Topical Proximity in the Twitter Social Graph,Lecture Notes in Computer Science,Social Informatics,,2012,2012,7710,,232-245,Closed,Chapter,"Schaal, Markus; O’Donovan, John; Smyth, Barry",,"Schaal, Markus (University College Dublin); O’Donovan, John (University of California, Santa Barbara); Smyth, Barry (University College Dublin)",14,2,,5.96,,https://app.dimensions.ai/details/publication/pub.1020069027,08 Information and Computing Sciences; 0806 Information Systems,08 Information and Computing Sciences,0806 Information Systems,,,
41,100,pub.1012653378,10.1145/2166966.2166998,,,Modeling topic specific credibility on twitter,,Proceedings of the 2012 ACM international conference on Intelligent User Interfaces - IUI '12,,2012,2012,,,179-188,"All OA; Green, Accepted & Submitted",Proceeding,"Kang, Byungkyu; O'Donovan, John; Höllerer, Tobias",,"Kang, Byungkyu (University of California, Santa Barbara); O'Donovan, John (University of California, Santa Barbara); Höllerer, Tobias (University of California, Santa Barbara)",43,7,,18.3,http://www.cs.ucsb.edu/~holl/pubs/Kang-2012-IUI.pdf,https://app.dimensions.ai/details/publication/pub.1012653378,08 Information and Computing Sciences; 0806 Information Systems,08 Information and Computing Sciences,0806 Information Systems,,,
42,100,pub.1095512729,10.1109/icsc.2011.8,,,WiGipedia: A Tool for Improving Structured Data in Wikipedia,,2011 IEEE Fifth International Conference on Semantic Computing,,2011-09,2011,1,,328-335,"All OA; Green, Accepted & Submitted",Proceeding,"Bostandjiev, Svetlin; O'Donovan, John; Hall, Christopher; Gretarsson, Brynjar; Hollerer, Tobias",,"Bostandjiev, Svetlin (); O'Donovan, John (); Hall, Christopher (); Gretarsson, Brynjar (); Hollerer, Tobias ()",7,1,,2.69,http://www.cs.ucsb.edu/%7Eholl/pubs/Bostandjiev-2011-ICSC.pdf,https://app.dimensions.ai/details/publication/pub.1095512729,08 Information and Computing Sciences; 0806 Information Systems,08 Information and Computing Sciences,0806 Information Systems,,,
43,100,pub.1013761049,10.1111/j.1467-8659.2009.01679.x,,,SmallWorlds: Visualizing Social Recommendations,Computer Graphics Forum,,,2010-06,2010,29,3,833-842,"All OA; Green, Accepted & Submitted",Article,"Gretarsson, Brynjar; O'Donovan, John; Bostandjiev, Svetlin; Hall, Christopher; Höllerer, Tobias",,"Gretarsson, Brynjar (University of California, Santa Barbara); O'Donovan, John (University of California, Santa Barbara); Bostandjiev, Svetlin (University of California, Santa Barbara); Hall, Christopher (University of California, Santa Barbara); Höllerer, Tobias (University of California, Santa Barbara)",61,14,,22.72,http://www.cs.ucsb.edu/%7Eholl/pubs/Gretarsson-2010-CGForum.pdf,https://app.dimensions.ai/details/publication/pub.1013761049,08 Information and Computing Sciences; 0806 Information Systems,08 Information and Computing Sciences,0806 Information Systems,,,
44,100,pub.1028983600,10.1007/978-3-642-11805-0_13,,,WiGis: A Framework for Scalable Web-Based Interactive Graph Visualizations,Lecture Notes in Computer Science,Graph Drawing,,2010,2010,5849,,119-134,All OA; Gold,Chapter,"Gretarsson, Brynjar; Bostandjiev, Svetlin; O’Donovan, John; Höllerer, Tobias",,"Gretarsson, Brynjar (University of California, Santa Barbara); Bostandjiev, Svetlin (University of California, Santa Barbara); O’Donovan, John (University of California, Santa Barbara); Höllerer, Tobias (University of California, Santa Barbara)",15,0,,5.6,https://link.springer.com/content/pdf/10.1007%2F978-3-642-11805-0_13.pdf,https://app.dimensions.ai/details/publication/pub.1028983600,08 Information and Computing Sciences; 0801 Artificial Intelligence and Image Processing; 0806 Information Systems,08 Information and Computing Sciences,0801 Artificial Intelligence and Image Processing,0806 Information Systems,,
45,100,pub.1094587995,10.1109/cse.2009.26,,,A Visual Interface for Social Information Filtering,,2009 International Conference on Computational Science and Engineering,,2009,2009,4,,74-81,"All OA; Green, Published",Proceeding,"O'Donovan, John; Gretarsson, Brynjar; Smyth, Barry; Bostandjiev, Svetlin; Höllerer, Tobias",,"O'Donovan, John (University of California, Santa Barbara); Gretarsson, Brynjar (University of California, Santa Barbara); Smyth, Barry (University of California, Santa Barbara); Bostandjiev, Svetlin (University of California, Santa Barbara); Höllerer, Tobias (University College Dublin)",7,1,,2.4,https://researchrepository.ucd.ie/bitstream/10197/1662/1/IEEE4.pdf,https://app.dimensions.ai/details/publication/pub.1094587995,08 Information and Computing Sciences; 0806 Information Systems,08 Information and Computing Sciences,0806 Information Systems,,,
46,100,pub.1010045932,10.1007/978-1-84800-356-9_9,,,Capturing Trust in Social Web Applications,Human–Computer Interaction Series,Computing with Social Trust,,2009,2009,,,213-257,Closed,Chapter,"O’Donovan, John",,"O’Donovan, John (University of California, Santa Barbara)",19,2,,6.52,,https://app.dimensions.ai/details/publication/pub.1010045932,08 Information and Computing Sciences; 0806 Information Systems,08 Information and Computing Sciences,0806 Information Systems,,,
47,100,pub.1043778242,10.1145/1357054.1357222,,,PeerChooser: visual interactive recommendation,,Proceeding of the twenty-sixth annual CHI conference on Human factors in computing systems  - CHI '08,,2008,2008,,,1085-1088,Closed,Proceeding,"O'Donovan, John; Smyth, Barry; Gretarsson, Brynjar; Bostandjiev, Svetlin; Höllerer, Tobias",,"O'Donovan, John (University College Dublin); Smyth, Barry (University College Dublin); Gretarsson, Brynjar (University of California, Santa Barbara); Bostandjiev, Svetlin (University of California, Santa Barbara); Höllerer, Tobias (University of California, Santa Barbara)",69,20,,21.59,,https://app.dimensions.ai/details/publication/pub.1043778242,08 Information and Computing Sciences; 0806 Information Systems,08 Information and Computing Sciences,0806 Information Systems,,,
48,100,pub.1051513311,10.1145/1111449.1111476,,,Is trust robust?: an analysis of trust-based recommendation,,Proceedings of the 11th international conference on Intelligent user interfaces  - IUI '06,,2006,2006,,,101-108,Closed,Proceeding,"O'Donovan, John; Smyth, Barry",,"O'Donovan, John (); Smyth, Barry ()",25,1,,7.11,,https://app.dimensions.ai/details/publication/pub.1051513311,08 Information and Computing Sciences; 0806 Information Systems,08 Information and Computing Sciences,0806 Information Systems,,,
49,100,pub.1051639050,10.1145/1040830.1040870,,,Trust in recommender systems,,Proceedings of the 10th international conference on Intelligent user interfaces  - IUI '05,,2005,2005,,,167-174,"All OA; Green, Accepted & Submitted",Proceeding,"O'Donovan, John; Smyth, Barry",,"O'Donovan, John (University College Dublin); Smyth, Barry (University College Dublin)",452,60,,118.35,http://www.csi.ucd.ie/UserFiles/publications/1125325051774.pdf,https://app.dimensions.ai/details/publication/pub.1051639050,08 Information and Computing Sciences; 0806 Information Systems,08 Information and Computing Sciences,0806 Information Systems,,,
50,100,pub.1011132378,10.1007/978-3-540-27780-4_40,,,Evaluating Information Filtering Techniques in an Adaptive Recommender System,Lecture Notes in Computer Science,Adaptive Hypermedia and Adaptive Web-Based Systems,,2004,2004,3137,,312-315,Closed,Chapter,"O’Donovan, John; Dunnion, John",,"O’Donovan, John (University College Dublin); Dunnion, John (University College Dublin)",3,0,,0.74,,https://app.dimensions.ai/details/publication/pub.1011132378,08 Information and Computing Sciences; 0806 Information Systems,08 Information and Computing Sciences,0806 Information Systems,,,
51,100,pub.1007147050,10.1007/978-3-540-24630-5_62,,,A Framework for Evaluation of Information Filtering Techniques in an Adaptive Recommender System,Lecture Notes in Computer Science,Computational Linguistics and Intelligent Text Processing,,2004,2004,2945,,502-506,Closed,Chapter,"O’Donovan, John; Dunnion, John",,"O’Donovan, John (University College Dublin); Dunnion, John (University College Dublin)",1,0,,0.25,,https://app.dimensions.ai/details/publication/pub.1007147050,08 Information and Computing Sciences; 0806 Information Systems,08 Information and Computing Sciences,0806 Information Systems,,,