,"""About the data: Exported on Nov 01, 2019. Criteria: Researcher is Ralph J Archuleta. © 2019 Digital Science and Research Solutions Inc. All rights reserved. Unless otherwise agreed, redistribution / external use of this work is not permitted.""
",Unnamed: 1,Unnamed: 2,Unnamed: 3,Unnamed: 4,Unnamed: 5,Unnamed: 6,Unnamed: 7,Unnamed: 8,Unnamed: 9,Unnamed: 10,Unnamed: 11,Unnamed: 12,Unnamed: 13,Unnamed: 14,Unnamed: 15,Unnamed: 16,Unnamed: 17,Unnamed: 18,Unnamed: 19,Unnamed: 20,Unnamed: 21,Unnamed: 22,Unnamed: 23,Unnamed: 24,Unnamed: 25,Unnamed: 26,Unnamed: 27,Unnamed: 28,Unnamed: 29,Unnamed: 30
0,Rank,Publication ID,DOI,PMID,PMCID,Title,Source title,Anthology title,MeSH terms,Publication Date,PubYear,Volume,Issue,Pagination,Open Access,Publication Type,Authors,Corresponding Author,Authors Affiliations,Times cited,Recent citations,RCR,FCR,Source Linkout,Dimensions URL,FOR (ANZSRC) Categories,FOR 1,FOR 2,FOR 3,FOR 4,FOR 5
1,100,pub.1099734572,10.1007/978-3-319-72709-7_8,,,Within-Event and Between-Events Ground Motion Variability from Earthquake Rupture Scenarios,Pageoph Topical Volumes,Best Practices in Physics-based Fault Rupture Models for Seismic Hazard Assessment of Nuclear Installations,,2018,2018,,,127-141,Closed,Chapter,"Crempien, Jorge G. F.; Archuleta, Ralph J.","Crempien, Jorge G. F.","Crempien, Jorge G. F. (Pontifical Catholic University of Chile); Archuleta, Ralph J. (University of California, Santa Barbara)",0,0,,,,https://app.dimensions.ai/details/publication/pub.1099734572,04 Earth Sciences; 0404 Geophysics,04 Earth Sciences,0404 Geophysics,,,
2,100,pub.1090777020,10.1007/s00024-017-1615-x,,,Within-Event and Between-Events Ground Motion Variability from Earthquake Rupture Scenarios,Pure and Applied Geophysics,,,2017-09,2017,174,9,3451-3465,Closed,Article,"Crempien, Jorge G. F.; Archuleta, Ralph J.","Crempien, Jorge G. F.","Crempien, Jorge G. F. (Pontifical Catholic University of Chile); Archuleta, Ralph J. (University of California, Santa Barbara)",8,7,,3.4,,https://app.dimensions.ai/details/publication/pub.1090777020,04 Earth Sciences; 0404 Geophysics,04 Earth Sciences,0404 Geophysics,,,
3,100,pub.1023933639,10.1002/2016gl071433,,,Moment rate scaling for earthquakes 3.3 ≤ M ≤ 5.3 with implications for stress drop,Geophysical Research Letters,,,2016-12-16,2016,43,23,"12,004-12,011",All OA; Gold,Article,"Archuleta, Ralph J.; Ji, Chen",,"Archuleta, Ralph J. (University of California, Santa Barbara); Ji, Chen (University of California, Santa Barbara)",23,18,,6.94,https://agupubs.onlinelibrary.wiley.com/doi/pdf/10.1002/2016GL071433,https://app.dimensions.ai/details/publication/pub.1023933639,04 Earth Sciences; 0404 Geophysics,04 Earth Sciences,0404 Geophysics,,,
4,100,pub.1029073780,10.1002/2015gl063335,,,Rupture history of 2014 Mw 6.0 South Napa earthquake inferred from near‐fault strong motion data and its impact to the practice of ground strong motion prediction,Geophysical Research Letters,,,2015-04-16,2015,42,7,2149-2156,All OA; Gold,Article,"Ji, Chen; Archuleta, Ralph J.; Twardzik, Cedric",,"Ji, Chen (University of California, Santa Barbara); Archuleta, Ralph J. (University of California, Santa Barbara); Twardzik, Cedric (University of California, Santa Barbara)",17,5,,4.15,http://onlinelibrary.wiley.com/doi/10.1002/2015GL063335/pdf,https://app.dimensions.ai/details/publication/pub.1029073780,04 Earth Sciences; 0404 Geophysics,04 Earth Sciences,0404 Geophysics,,,
5,200,pub.1023199319,10.1785/0220140103,,,UCSB Method for Simulation of Broadband Ground Motion from Kinematic Earthquake Sources,Seismological Research Letters,,,2015-01-01,2015,86,1,61-67,Closed,Article,"Crempien, Jorge G. F.; Archuleta, Ralph J.",,"Crempien, Jorge G. F. (University of California, Santa Barbara); Archuleta, Ralph J. (University of California, Santa Barbara)",31,15,,7.58,,https://app.dimensions.ai/details/publication/pub.1023199319,04 Earth Sciences; 0404 Geophysics,04 Earth Sciences,0404 Geophysics,,,
6,200,pub.1059637327,10.1093/gji/ggu241,,,"Coseismic and potential early afterslip distribution of the 2009 Mw 6.3 L'Aquila, Italy earthquake",Geophysical Journal International,,,2014-10-01,2014,199,1,23-40,All OA; Gold,Article,"Yano, Tomoko E.; Shao, Guangfu; Liu, Qiming; Ji, Chen; Archuleta, Ralph J.",,"Yano, Tomoko E. (); Shao, Guangfu (); Liu, Qiming (); Ji, Chen (); Archuleta, Ralph J. ()",11,5,,2.23,https://academic.oup.com/gji/article-pdf/199/1/23/2152897/ggu241.pdf,https://app.dimensions.ai/details/publication/pub.1059637327,09 Engineering; 0909 Geomatic Engineering; 0403 Geology; 04 Earth Sciences; 0404 Geophysics,09 Engineering,0909 Geomatic Engineering,0403 Geology,04 Earth Sciences,0404 Geophysics
7,100,pub.1032701456,10.1093/gji/ggs021,,,A kinematic rupture model generator incorporating spatial interdependency of earthquake source parameters,Geophysical Journal International,,,2013-03-01,2013,192,3,1116-1131,All OA; Gold,Article,"Schmedes, J.; Archuleta, Ralph J.; Lavallée, Daniel",,"Schmedes, J. (ExxonMobil (United States)); Archuleta, Ralph J. (University of California, Santa Barbara); Lavallée, Daniel (University of California, Santa Barbara)",21,10,,3.95,https://academic.oup.com/gji/article-pdf/192/3/1116/17051831/ggs021.pdf,https://app.dimensions.ai/details/publication/pub.1032701456,09 Engineering; 0909 Geomatic Engineering; 0403 Geology; 04 Earth Sciences; 0404 Geophysics,09 Engineering,0909 Geomatic Engineering,0403 Geology,04 Earth Sciences,0404 Geophysics
8,200,pub.1006741381,10.1785/0220120087,,,What is Sigma of the Stress Drop?,Seismological Research Letters,,,2013-01-01,2013,84,1,42-48,Closed,Article,"Cotton, Fabrice; Archuleta, Ralph; Causse, Mathieu",,"Cotton, Fabrice (); Archuleta, Ralph (University of California, Santa Barbara); Causse, Mathieu ()",76,25,,14.06,,https://app.dimensions.ai/details/publication/pub.1006741381,04 Earth Sciences; 0404 Geophysics,04 Earth Sciences,0404 Geophysics,,,
9,100,pub.1002211349,10.1016/j.tecto.2010.05.013,,,Dependency of supershear transition and ground motion on the autocorrelation of initial stress,Tectonophysics,,,2010-10,2010,493,3-4,222-235,Closed,Article,"Schmedes, Jan; Archuleta, Ralph J.; Lavallée, Daniel","Schmedes, Jan","Schmedes, Jan (University of California, Santa Barbara); Archuleta, Ralph J. (University of California, Santa Barbara); Lavallée, Daniel (University of California, Santa Barbara)",12,2,,1.77,,https://app.dimensions.ai/details/publication/pub.1002211349,04 Earth Sciences; 0404 Geophysics,04 Earth Sciences,0404 Geophysics,,,
10,100,pub.1000385305,10.1016/j.tecto.2010.06.011,,,Faulting characteristics of supershear earthquakes,Tectonophysics,,,2010-10,2010,493,3-4,244-253,Closed,Article,"Bouchon, Michel; Karabulut, Hayrullah; Bouin, Marie-Paule; Schmittbuhl, Jean; Vallée, Martin; Archuleta, Ralph; Das, Shamita; Renard, François; Marsan, David","Bouchon, Michel","Bouchon, Michel (Délégation Alpes); Karabulut, Hayrullah (Kandilli Observatory and Earthquake Research Institute); Bouin, Marie-Paule (); Schmittbuhl, Jean (); Vallée, Martin (Nice Sophia Antipolis University); Archuleta, Ralph (University of California, Santa Barbara); Das, Shamita (University of Oxford); Renard, François (Délégation Alpes); Marsan, David (University of Savoy)",40,9,,4.17,,https://app.dimensions.ai/details/publication/pub.1000385305,04 Earth Sciences; 0403 Geology,04 Earth Sciences,0403 Geology,,,
11,100,pub.1006753793,10.1029/2009jb006689,,,Correlation of earthquake source parameters inferred from dynamic rupture simulations,Journal of Geophysical Research,,,2010,2010,115,B3,,All OA; Gold,Article,"Schmedes, Jan; Archuleta, Ralph J.; Lavallée, Daniel",,"Schmedes, Jan (University of California, Santa Barbara); Archuleta, Ralph J. (University of California, Santa Barbara); Lavallée, Daniel (University of California, Santa Barbara)",79,21,,8.23,https://agupubs.onlinelibrary.wiley.com/doi/pdf/10.1029/2009JB006689,https://app.dimensions.ai/details/publication/pub.1006753793,04 Earth Sciences; 0403 Geology,04 Earth Sciences,0403 Geology,,,
12,100,pub.1024880398,10.1111/j.1365-246x.2009.04217.x,,,Seismicity in a model governed by competing frictional weakening and healing mechanisms,Geophysical Journal International,,,2009-09,2009,178,3,1363-1383,All OA; Gold,Article,"Hillers, G.; Carlson, J. M.; Archuleta, R. J.",,"Hillers, G. (University of California, Santa Barbara); Carlson, J. M. (University of California, Santa Barbara); Archuleta, R. J. (University of California, Santa Barbara)",5,0,,0.92,https://academic.oup.com/gji/article-pdf/178/3/1363/5872620/178-3-1363.pdf,https://app.dimensions.ai/details/publication/pub.1024880398,04 Earth Sciences; 0403 Geology,04 Earth Sciences,0403 Geology,,,
13,200,pub.1032838119,10.1785/gssrl.80.1.119,,,The SCEC/USGS Dynamic Earthquake Rupture Code Verification Exercise,Seismological Research Letters,,,2009-01-01,2009,80,1,119-126,"All OA; Green, Accepted & Submitted",Article,"Harris, R. A.; Barall, M.; Archuleta, R.; Dunham, E.; Aagaard, B.; Ampuero, J. P.; Bhat, H.; Cruz-Atienza, V.; Dalguer, L.; Dawson, P.; Day, S.; Duan, B.; Ely, G.; Kaneko, Y.; Kase, Y.; Lapusta, N.; Liu, Y.; Ma, S.; Oglesby, D.; Olsen, K.; Pitarka, A.; Song, S.; Templeton, E.",,"Harris, R. A. (); Barall, M. (); Archuleta, R. (); Dunham, E. (); Aagaard, B. (); Ampuero, J. P. (); Bhat, H. (); Cruz-Atienza, V. (); Dalguer, L. (); Dawson, P. (); Day, S. (); Duan, B. (); Ely, G. (); Kaneko, Y. (); Kase, Y. (); Lapusta, N. (); Liu, Y. (); Ma, S. (); Oglesby, D. (); Olsen, K. (); Pitarka, A. (); Song, S. (); Templeton, E. ()",139,31,,19.05,https://authors.library.caltech.edu/13563/1/HARsrl09.pdf,https://app.dimensions.ai/details/publication/pub.1032838119,04 Earth Sciences; 0404 Geophysics,04 Earth Sciences,0404 Geophysics,,,
14,100,pub.1023190588,10.1029/2007jb005449,,,Constraining earthquake source inversions with GPS data: 1. Resolution‐based removal of artifacts,Journal of Geophysical Research,,,2009-01,2009,114,B1,,All OA; Gold,Article,"Page, Morgan T.; Custódio, Susana; Archuleta, Ralph J.; Carlson, J. M.",,"Page, Morgan T. (University of California System; United States Geological Survey); Custódio, Susana (University of California, Santa Barbara; University of Coimbra); Archuleta, Ralph J. (University of California, Santa Barbara); Carlson, J. M. (University of California System)",58,7,,10.51,https://agupubs.pericles-prod.literatumonline.com/doi/pdf/10.1029/2007JB005449,https://app.dimensions.ai/details/publication/pub.1023190588,09 Engineering; 0909 Geomatic Engineering,09 Engineering,0909 Geomatic Engineering,,,
15,100,pub.1022025991,10.1029/2008jb005746,,,Constraining earthquake source inversions with GPS data: 2. A two‐step approach to combine seismic and geodetic data sets,Journal of Geophysical Research,,,2009-01,2009,114,B1,,All OA; Gold,Article,"Custódio, Susana; Page, Morgan T.; Archuleta, Ralph J.",,"Custódio, Susana (University of California, Santa Barbara; University of Coimbra); Page, Morgan T. (United States Geological Survey; University of California System); Archuleta, Ralph J. (University of California, Santa Barbara)",30,5,,4.11,https://agupubs.onlinelibrary.wiley.com/doi/pdf/10.1029/2008JB005746,https://app.dimensions.ai/details/publication/pub.1022025991,04 Earth Sciences; 0404 Geophysics,04 Earth Sciences,0404 Geophysics,,,
16,100,pub.1044403327,10.1785/0120070209,,,Near-Source Ground Motion along Strike-Slip Faults: Insights into Magnitude Saturation of PGV and PGANear-Source Ground Motion along Strike-Slip Faults,Bulletin of the Seismological Society of America,,,2008-10-01,2008,98,5,2278-2290,Closed,Article,"Schmedes, Jan; Archuleta, Ralph J.",,"Schmedes, Jan (University of California, Santa Barbara); Archuleta, Ralph J. (University of California, Santa Barbara)",30,10,,4.12,,https://app.dimensions.ai/details/publication/pub.1044403327,04 Earth Sciences; 0404 Geophysics,04 Earth Sciences,0404 Geophysics,,,
17,200,pub.1034413403,10.1785/0120080959,,,Erratum to Kinematic Inversion of the 2004 M 6.0 Parkfield Earthquake Including an Approximation to Site EffectsErratum,Bulletin of the Seismological Society of America,,,2008-08-01,2008,98,4,2101-2101,All OA; Gold,Article,"Liu, Pengcheng; Custódio, Susana; Archuleta, Ralph J.",,"Liu, Pengcheng (University of California, Santa Barbara); Custódio, Susana (University of California, Santa Barbara); Archuleta, Ralph J. (University of California, Santa Barbara)",4,1,,0.66,http://www.bssaonline.org/content/98/4/2101.full.pdf,https://app.dimensions.ai/details/publication/pub.1034413403,0905 Civil Engineering; 09 Engineering; 04 Earth Sciences; 0404 Geophysics,0905 Civil Engineering,09 Engineering,04 Earth Sciences,0404 Geophysics,
18,200,pub.1032206101,10.1193/1.2938997,,,PREFACE,Earthquake Spectra,,,2008-02,2008,24,1,1-2,Closed,Article,"Stewart, Jonathan P.; Archuleta, Ralph J.; Power, Maurice S.",,"Stewart, Jonathan P. (); Archuleta, Ralph J. (); Power, Maurice S. ()",9,1,,1.79,,https://app.dimensions.ai/details/publication/pub.1032206101,0905 Civil Engineering; 09 Engineering,0905 Civil Engineering,09 Engineering,,,
19,100,pub.1005904400,10.1029/2007jb005216,,,"Dynamic modeling of the 2004 Mw 6.0 Parkfield, California, earthquake",Journal of Geophysical Research,,,2008,2008,113,B2,,All OA; Gold,Article,"Ma, Shuo; Custódio, Susana; Archuleta, Ralph J.; Liu, Pengcheng",,"Ma, Shuo (University of California, Santa Barbara; Stanford University); Custódio, Susana (University of California, Santa Barbara); Archuleta, Ralph J. (University of California, Santa Barbara); Liu, Pengcheng (University of California, Santa Barbara)",51,7,,7.01,http://onlinelibrary.wiley.com/doi/10.1029/2007JB005216/pdf,https://app.dimensions.ai/details/publication/pub.1005904400,04 Earth Sciences; 0404 Geophysics,04 Earth Sciences,0404 Geophysics,,,
20,100,pub.1031543667,10.1785/0120070042,,,Influence of Dip and Velocity Heterogeneity on Reverse- and Normal-Faulting Rupture Dynamics and Near-Fault Ground MotionsInfluence of Dip and Velocity Heterogeneity on Faulting Rupture Dynamics and Ground Motions,Bulletin of the Seismological Society of America,,,2007-12-01,2007,97,6,1970-1989,"All OA; Green, Accepted & Submitted",Article,"O’Connell, Daniel R. H.; Ma, Shuo; Archuleta, Ralph J.",,"O’Connell, Daniel R. H. (United States Bureau of Reclamation); Ma, Shuo (University of California, Santa Barbara); Archuleta, Ralph J. (University of California, Santa Barbara)",10,1,,1.47,http://www-rohan.sdsu.edu/~shuoma/BSSA2007_Dan_etal.pdf,https://app.dimensions.ai/details/publication/pub.1031543667,04 Earth Sciences; 0404 Geophysics,04 Earth Sciences,0404 Geophysics,,,
21,100,pub.1015442364,10.1785/0120070040,,,"Effects of Large-Scale Surface Topography on Ground Motions, as Demonstrated by a Study of the San Gabriel Mountains, Los Angeles, CaliforniaEffects of Large-Scale Surface Topography on Ground Motions",Bulletin of the Seismological Society of America,,,2007-12-01,2007,97,6,2066-2079,Closed,Article,"Ma, Shuo; Archuleta, Ralph J.; Page, Morgan T.",,"Ma, Shuo (University of California, Santa Barbara); Archuleta, Ralph J. (University of California, Santa Barbara); Page, Morgan T. (University of California, Santa Barbara)",54,8,,7.91,,https://app.dimensions.ai/details/publication/pub.1015442364,04 Earth Sciences; 0404 Geophysics,04 Earth Sciences,0404 Geophysics,,,
22,100,pub.1008927192,10.1029/2006jb004617,,,Parkfield earthquakes: Characteristic or complementary?,Journal of Geophysical Research,,,2007,2007,112,B5,,"All OA; Green, Accepted & Submitted",Article,"Custódio, Susana; Archuleta, Ralph J.",,"Custódio, Susana (University of California, Santa Barbara); Archuleta, Ralph J. (University of California, Santa Barbara)",19,1,,2.78,https://escholarship.org/content/qt18v5f12b/qt18v5f12b.pdf?t=lnq4xh,https://app.dimensions.ai/details/publication/pub.1008927192,04 Earth Sciences; 0404 Geophysics,04 Earth Sciences,0404 Geophysics,,,
23,100,pub.1011896580,10.1785/0120060036,,,Prediction of Broadband Ground-Motion Time Histories: Hybrid Low/High- Frequency Method with Correlated Random Source Parameters,Bulletin of the Seismological Society of America,,,2006-12-01,2006,96,6,2118-2130,Closed,Article,"Liu, Pengcheng; Archuleta, Ralph J.; Hartzell, Stephen H.",,"Liu, Pengcheng (University of California, Santa Barbara); Archuleta, Ralph J. (University of California, Santa Barbara); Hartzell, Stephen H. ()",94,14,,11.71,,https://app.dimensions.ai/details/publication/pub.1011896580,04 Earth Sciences; 0404 Geophysics,04 Earth Sciences,0404 Geophysics,,,
24,200,pub.1039326023,10.1785/gssrl.77.6.651,,,The COSMOS Virtual Data Center: A Web Portal for Strong Motion Data Dissemination,Seismological Research Letters,,,2006-11-01,2006,77,6,651-658,Closed,Article,"Archuleta, Ralph J.; Steidl, Jamison; Squibb, Melinda",,"Archuleta, Ralph J. (University of California, Santa Barbara); Steidl, Jamison (University of California, Santa Barbara); Squibb, Melinda (University of California, Santa Barbara)",11,2,,1.37,,https://app.dimensions.ai/details/publication/pub.1039326023,04 Earth Sciences; 0404 Geophysics,04 Earth Sciences,0404 Geophysics,,,
25,100,pub.1011229083,10.1785/0120050826,,,Kinematic Inversion of the 2004 M 6.0 Parkfield Earthquake Including an Approximation to Site Effects,Bulletin of the Seismological Society of America,,,2006-09-01,2006,96,4B,s143-s158,Closed,Article,"Liu, Pengcheng; Custódio, Susana; Archuleta, Ralph J.",,"Liu, Pengcheng (); Custódio, Susana (); Archuleta, Ralph J. ()",76,6,,9.46,,https://app.dimensions.ai/details/publication/pub.1011229083,04 Earth Sciences; 0404 Geophysics,04 Earth Sciences,0404 Geophysics,,,
26,100,pub.1046349183,10.1785/0120050160,,,Site-Response Estimation for the 2003 Miyagi-Oki Earthquake Sequence Considering Nonlinear Site Response,Bulletin of the Seismological Society of America,,,2006-08-01,2006,96,4A,1474-1482,Closed,Article,"Tsuda, Kenichi; Steidl, Jamison; Archuleta, Ralph; Assimaki, Dominic",,"Tsuda, Kenichi (); Steidl, Jamison (University of California, Santa Barbara); Archuleta, Ralph (); Assimaki, Dominic ()",30,2,,3.74,,https://app.dimensions.ai/details/publication/pub.1046349183,04 Earth Sciences; 0404 Geophysics,04 Earth Sciences,0404 Geophysics,,,
27,100,pub.1028973623,10.1785/0120050173,,,Efficient Modeling of Q for 3D Numerical Simulation of Wave Propagation,Bulletin of the Seismological Society of America,,,2006-08-01,2006,96,4A,1352-1358,Closed,Article,"Liu, Pengcheng; Archuleta, Ralph J.",,"Liu, Pengcheng (University of California, Santa Barbara); Archuleta, Ralph J. (University of California, Santa Barbara)",36,5,,10.3,,https://app.dimensions.ai/details/publication/pub.1028973623,0911 Maritime Engineering; 09 Engineering,0911 Maritime Engineering,09 Engineering,,,
28,100,pub.1002024520,10.1785/0120040212,,,Quantifying the Spatial Distribution of Site Response by Use of the Yokohama High-Density Strong-Motion Network,Bulletin of the Seismological Society of America,,,2006-06-01,2006,96,3,926-942,Closed,Article,"Tsuda, Kenichi; Archuleta, Ralph J.; Koketsu, Kazuki",,"Tsuda, Kenichi (); Archuleta, Ralph J. (); Koketsu, Kazuki (University of Tokyo)",13,0,,1.62,,https://app.dimensions.ai/details/publication/pub.1002024520,04 Earth Sciences; 0404 Geophysics,04 Earth Sciences,0404 Geophysics,,,
29,100,pub.1031799535,10.1029/2005jb004055,,,Radiated seismic energy based on dynamic rupture models of faulting,Journal of Geophysical Research,,,2006-05,2006,111,B5,n/a-n/a,All OA; Gold,Article,"Ma, Shuo; Archuleta, Ralph J.",,"Ma, Shuo (University of California, Santa Barbara); Archuleta, Ralph J. (University of California, Santa Barbara)",23,2,,2.86,http://onlinelibrary.wiley.com/doi/10.1029/2005JB004055/pdf,https://app.dimensions.ai/details/publication/pub.1031799535,04 Earth Sciences; 0404 Geophysics,04 Earth Sciences,0404 Geophysics,,,
30,100,pub.1022139009,10.1111/j.1365-246x.2006.02943.x,,,Stochastic model of heterogeneity in earthquake slip spatial distributions,Geophysical Journal International,,,2006-05,2006,165,2,622-640,All OA; Gold,Article,"Lavallée, Daniel; Liu, Pengcheng; Archuleta, Ralph J.",,"Lavallée, Daniel (University of California, Santa Barbara); Liu, Pengcheng (University of California, Santa Barbara); Archuleta, Ralph J. (University of California, Santa Barbara)",69,20,,8.94,https://academic.oup.com/gji/article-pdf/165/2/622/6024720/165-2-622.pdf,https://app.dimensions.ai/details/publication/pub.1022139009,09 Engineering; 0909 Geomatic Engineering; 0403 Geology; 04 Earth Sciences; 0404 Geophysics,09 Engineering,0909 Geomatic Engineering,0403 Geology,04 Earth Sciences,0404 Geophysics
31,100,pub.1037858537,10.1785/0120040128,,,Hysteretic and Dilatant Behavior of Cohesionless Soils and Their Effects on Nonlinear Site Response: Field Data Observations and Modeling,Bulletin of the Seismological Society of America,,,2005-12-01,2005,95,6,2373-2395,Closed,Article,"Bonilla, Luis Fabián; Archuleta, Ralph J.; Lavallée, Daniel",,"Bonilla, Luis Fabián (); Archuleta, Ralph J. (University of California, Santa Barbara); Lavallée, Daniel (University of California, Santa Barbara)",92,20,,14.68,,https://app.dimensions.ai/details/publication/pub.1037858537,0905 Civil Engineering; 09 Engineering; 04 Earth Sciences; 0404 Geophysics,0905 Civil Engineering,09 Engineering,04 Earth Sciences,0404 Geophysics,
32,100,pub.1048379267,10.1007/1-4020-3812-7_13,,,The Cosmos Virtual Data Center,Nato Science Series: IV: Earth and Environmental Sciences,Directions in Strong Motion Instrumentation,,2005,2005,58,,209-222,"All OA; Green, Accepted & Submitted",Chapter,"Archuleta, Ralph; Steidl, Jamison; Squibb, Melinda",,"Archuleta, Ralph (University of California, Santa Barbara); Steidl, Jamison (University of California, Santa Barbara); Squibb, Melinda (University of California, Santa Barbara)",2,0,,0.52,http://www.iitk.ac.in/nicee/wcee/article/13_1566.pdf,https://app.dimensions.ai/details/publication/pub.1048379267,08 Information and Computing Sciences; 0801 Artificial Intelligence and Image Processing; 0806 Information Systems,08 Information and Computing Sciences,0801 Artificial Intelligence and Image Processing,0806 Information Systems,,
33,100,pub.1034677520,10.1029/2004gl022202,,,Coupling of the random properties of the source and the ground motion for the 1999 Chi Chi earthquake,Geophysical Research Letters,,,2005,2005,32,8,,All OA; Gold,Article,"Lavallée, Daniel; Archuleta, Ralph J.",,"Lavallée, Daniel (University of California, Santa Barbara); Archuleta, Ralph J. (University of California, Santa Barbara)",19,1,,2.37,https://agupubs.onlinelibrary.wiley.com/doi/pdf/10.1029/2004GL022202,https://app.dimensions.ai/details/publication/pub.1034677520,04 Earth Sciences; 0404 Geophysics,04 Earth Sciences,0404 Geophysics,,,
34,100,pub.1016882113,10.1029/2005gl024417,,,"The 2004 Mw6.0 Parkfield, California, earthquake: Inversion of near‐source ground motion using multiple data sets",Geophysical Research Letters,,,2005,2005,32,23,,"All OA; Green, Accepted & Submitted",Article,"Custódio, Susana; Liu, Pengcheng; Archuleta, Ralph J.",,"Custódio, Susana (University of California, Santa Barbara); Liu, Pengcheng (University of California, Santa Barbara); Archuleta, Ralph J. (University of California, Santa Barbara)",64,8,,7.99,https://escholarship.org/content/qt63r1t28d/qt63r1t28d.pdf?t=lnpz99,https://app.dimensions.ai/details/publication/pub.1016882113,04 Earth Sciences; 0404 Geophysics,04 Earth Sciences,0404 Geophysics,,,
35,100,pub.1010556989,10.1029/2004gl021793,,,Near‐source ground motion from steady state dynamic rupture pulses,Geophysical Research Letters,,,2005,2005,32,3,,All OA; Gold,Article,"Dunham, Eric M.; Archuleta, Ralph J.",,"Dunham, Eric M. (University of California System); Archuleta, Ralph J. (University of California, Santa Barbara)",57,12,,15.46,https://agupubs.onlinelibrary.wiley.com/doi/pdf/10.1029/2004GL021793,https://app.dimensions.ai/details/publication/pub.1010556989,02 Physical Sciences; 0299 Other Physical Sciences,02 Physical Sciences,0299 Other Physical Sciences,,,
36,100,pub.1018219928,10.1785/0120040616,,,Evidence for a Supershear Transient during the 2002 Denali Fault Earthquake,Bulletin of the Seismological Society of America,,,2004-12-01,2004,94,6B,s256-s268,Closed,Article,"Dunham, Eric M.; Archuleta, Ralph J.",,"Dunham, Eric M. (); Archuleta, Ralph J. (University of California, Santa Barbara)",135,17,,17.36,,https://app.dimensions.ai/details/publication/pub.1018219928,04 Earth Sciences; 0404 Geophysics,04 Earth Sciences,0404 Geophysics,,,
37,200,pub.1014258774,10.1785/gssrl.75.6.754,,,SSA 2004 Meeting Report,Seismological Research Letters,,,2004-11-01,2004,75,6,754-777,Closed,Article,"Coyle, D.; Archuleta, R.; Madariaga, R.; Litehiser, J. J.; Litehiser, J. J.; von Seggern, D.",,"Coyle, D. (); Archuleta, R. (); Madariaga, R. (); Litehiser, J. J. (); von Seggern, D. ()",0,0,,0,,https://app.dimensions.ai/details/publication/pub.1014258774,04 Earth Sciences; 0404 Geophysics,04 Earth Sciences,0404 Geophysics,,,
38,100,pub.1013458640,10.1785/012003087,,,Hybrid Modeling of Elastic P-SV Wave Motion: A Combined Finite-Element and Staggered-Grid Finite-Difference Approach,Bulletin of the Seismological Society of America,,,2004-08-01,2004,94,4,1557-1563,"All OA; Green, Accepted & Submitted",Article,"Ma, Shuo; Archuleta, Ralph J.; Liu, Pengcheng",,"Ma, Shuo (); Archuleta, Ralph J. (); Liu, Pengcheng ()",24,1,,3.78,http://www-rohan.sdsu.edu/~shuoma/BSSA2004.pdf,https://app.dimensions.ai/details/publication/pub.1013458640,0905 Civil Engineering; 09 Engineering; 04 Earth Sciences; 0404 Geophysics,0905 Civil Engineering,09 Engineering,04 Earth Sciences,0404 Geophysics,
39,100,pub.1048287432,10.1016/j.soildyn.2003.11.002,,,Estimating site-specific strong earthquake motions,Soil Dynamics and Earthquake Engineering,,,2004-04,2004,24,3,199-223,Closed,Article,"Heuze, F.; Archuleta, R.; Bonilla, F.; Day, S.; Doroudian, M.; Elgamal, A.; Gonzales, S.; Hoehler, M.; Lai, T.; Lavallee, D.; Lawrence, B.; Liu, P.-C.; Martin, A.; Matesic, L.; Minster, B.; Mellors, R.; Oglesby, D.; Park, S.; Riemer, M.; Steidl, J.; Vernon, F.; Vucetic, M.; Wagoner, J.; Yang, Z.","Heuze, F.","Heuze, F. (Lawrence Livermore National Laboratory); Archuleta, R. (University of California, Santa Barbara); Bonilla, F. (University of California, Santa Barbara); Day, S. (San Diego State University); Doroudian, M. (University of California Los Angeles); Elgamal, A. (University of California, San Diego); Gonzales, S. (San Diego State University); Hoehler, M. (Lawrence Livermore National Laboratory); Lai, T. (University of California, San Diego); Lavallee, D. (University of California, Santa Barbara); Lawrence, B. (University of California, Riverside); Liu, P.-C. (University of California, Santa Barbara); Martin, A. (University of California, Santa Barbara); Matesic, L. (University of California Los Angeles); Minster, B. (University of California, San Diego); Mellors, R. (San Diego State University); Oglesby, D. (University of California, Riverside); Park, S. (University of California, Riverside); Riemer, M. (University of California, Berkeley); Steidl, J. (University of California, Santa Barbara); Vernon, F. (University of California, San Diego); Vucetic, M. (University of California Los Angeles); Wagoner, J. (Lawrence Livermore National Laboratory); Yang, Z. (University of California, San Diego)",10,0,,1.29,,https://app.dimensions.ai/details/publication/pub.1048287432,04 Earth Sciences; 0404 Geophysics,04 Earth Sciences,0404 Geophysics,,,
40,100,pub.1026586948,10.1029/2003jb002625,,,"A new nonlinear finite fault inversion with three‐dimensional Green's functions: Application to the 1989 Loma Prieta, California, earthquake",Journal of Geophysical Research,,,2004-02,2004,109,B2,,Closed,Article,"Liu, Pengcheng; Archuleta, Ralph J.",,"Liu, Pengcheng (University of California, Santa Barbara); Archuleta, Ralph J. (University of California, Santa Barbara)",56,7,,7.2,,https://app.dimensions.ai/details/publication/pub.1026586948,04 Earth Sciences; 0404 Geophysics,04 Earth Sciences,0404 Geophysics,,,
41,100,pub.1029561630,10.1029/2004eo340003,,,Earthquake rupture dynamics: Comparing the numerical simulation methods,Eos,,,2004,2004,85,34,321-321,All OA; Gold,Article,"Harris, Ruth A.; Archuleta, Ralph J.",,"Harris, Ruth A. (United States Geological Survey); Archuleta, Ralph J. (University of California, Santa Barbara)",11,1,,2.87,https://agupubs.onlinelibrary.wiley.com/doi/pdf/10.1029/2004EO340003,https://app.dimensions.ai/details/publication/pub.1029561630,08 Information and Computing Sciences; 0801 Artificial Intelligence and Image Processing,08 Information and Computing Sciences,0801 Artificial Intelligence and Image Processing,,,
42,100,pub.1000903144,10.1785/0120020204,,,The Three-Dimensional Dynamics of a Nonplanar Thrust Fault,Bulletin of the Seismological Society of America,,,2003-10-01,2003,93,5,2222-2235,Closed,Article,"Oglesby, David D.; Archuleta, Ralph J.",,"Oglesby, David D. (); Archuleta, Ralph J. ()",24,3,,2.45,,https://app.dimensions.ai/details/publication/pub.1000903144,0403 Geology; 04 Earth Sciences; 0404 Geophysics,0403 Geology,04 Earth Sciences,0404 Geophysics,,
43,200,pub.1009432740,10.1016/s0031-9201(03)00003-7,,,Preface,Physics of The Earth and Planetary Interiors,,,2003-05,2003,137,1-4,1-3,Closed,Article,"Archuleta, Ralph; Irikura, Kojiro; Yomogida, Kiyoshi","Archuleta, Ralph","Archuleta, Ralph (University of California, Santa Barbara); Irikura, Kojiro (Kyoto University); Yomogida, Kiyoshi (Hokkaido University)",2,0,,0.24,,https://app.dimensions.ai/details/publication/pub.1009432740,0402 Geochemistry; 0201 Astronomical and Space Sciences; 02 Physical Sciences; 04 Earth Sciences; 0404 Geophysics,0402 Geochemistry,0201 Astronomical and Space Sciences,02 Physical Sciences,04 Earth Sciences,0404 Geophysics
44,100,pub.1008017206,10.1016/s0031-9201(03)00013-x,,,Finite-fault site-specific acceleration time histories that include nonlinear soil response,Physics of The Earth and Planetary Interiors,,,2003-05,2003,137,1-4,153-181,Closed,Article,"Archuleta, Ralph J.; Liu, Pengcheng; Steidl, Jamison H.; Bonilla, L.Fabian; Lavallée, Daniel; Heuze, Francois","Archuleta, Ralph J.","Archuleta, Ralph J. (University of California, Santa Barbara); Liu, Pengcheng (University of California, Santa Barbara); Steidl, Jamison H. (University of California, Santa Barbara); Bonilla, L.Fabian (Radioprotection and Nuclear Safety Institute); Lavallée, Daniel (University of California, Santa Barbara); Heuze, Francois (Lawrence Livermore National Laboratory)",11,1,,1.32,,https://app.dimensions.ai/details/publication/pub.1008017206,04 Earth Sciences; 0404 Geophysics,04 Earth Sciences,0404 Geophysics,,,
45,100,pub.1038084336,10.1029/2002gl015839,,,"Stochastic modeling of slip spatial complexities for the 1979 Imperial Valley, California, earthquake",Geophysical Research Letters,,,2003-03,2003,30,5,n/a-n/a,All OA; Gold,Article,"Lavallée, Daniel; Archuleta, Ralph J.",,"Lavallée, Daniel (University of California, Santa Barbara); Archuleta, Ralph J. (University of California, Santa Barbara)",63,6,,14.73,https://agupubs.onlinelibrary.wiley.com/doi/pdf/10.1029/2002GL015839,https://app.dimensions.ai/details/publication/pub.1038084336,01 Mathematical Sciences; 0104 Statistics,01 Mathematical Sciences,0104 Statistics,,,
46,100,pub.1015603395,10.1029/2002gl015968,,,Direct seismic energy modeling and application to the 1979 Imperial Valley earthquake,Geophysical Research Letters,,,2003-03,2003,30,5,n/a-n/a,All OA; Gold,Article,"Favreau, Pascal; Archuleta, Ralph J.",,"Favreau, Pascal (University of California, Santa Barbara); Archuleta, Ralph J. (University of California, Santa Barbara)",41,2,,4.92,http://onlinelibrary.wiley.com/doi/10.1029/2002GL015968/pdf,https://app.dimensions.ai/details/publication/pub.1015603395,04 Earth Sciences; 0404 Geophysics,04 Earth Sciences,0404 Geophysics,,,
47,100,pub.1042978198,10.1785/0120010167,,,3D Heterogeneous Staggered-Grid Finite-Difference Modeling of Seismic Motion with Volume Harmonic and Arithmetic Averaging of Elastic Moduli and Densities,Bulletin of the Seismological Society of America,,,2002-12-01,2002,92,8,3042-3066,Closed,Article,"Moczo, Peter; Kristek, Jozef; Vavryčuk, Václav; Archuleta, Ralph J.; Halada, Ladislav",,"Moczo, Peter (); Kristek, Jozef (); Vavryčuk, Václav (); Archuleta, Ralph J. (); Halada, Ladislav ()",248,48,,27.05,,https://app.dimensions.ai/details/publication/pub.1042978198,04 Earth Sciences; 0404 Geophysics,04 Earth Sciences,0404 Geophysics,,,
48,100,pub.1026529144,10.1785/0120010235,,,"Borehole Response Studies at the Garner Valley Downhole Array, Southern California",Bulletin of the Seismological Society of America,,,2002-12-01,2002,92,8,3165-3179,Closed,Article,"Bonilla, Luis Fabián; Steidl, Jamison H.; Gariel, Jean-Christophe; Archuleta, Ralph J.",,"Bonilla, Luis Fabián (); Steidl, Jamison H. (); Gariel, Jean-Christophe (); Archuleta, Ralph J. ()",58,17,,8.62,,https://app.dimensions.ai/details/publication/pub.1026529144,0905 Civil Engineering; 09 Engineering; 04 Earth Sciences; 0404 Geophysics,0905 Civil Engineering,09 Engineering,04 Earth Sciences,0404 Geophysics,
49,100,pub.1011275065,10.1023/a:1019866422821,,,Efficient Methods to Simulate Planar Free Surface in the 3D 4th-Order Staggered-Grid Finite-Difference Schemes,Studia Geophysica et Geodaetica,,,2002-04,2002,46,2,355-381,Closed,Article,"Kristek, Jozef; Moczo, Peter; Archuleta, Ralph J.",,"Kristek, Jozef (Geophysical Institute); Moczo, Peter (Geophysical Institute); Archuleta, Ralph J. (University of California, Santa Barbara)",85,18,,,,https://app.dimensions.ai/details/publication/pub.1011275065,09 Engineering; 04 Earth Sciences,09 Engineering,04 Earth Sciences,,,
50,200,pub.1032878687,10.1029/2000jb900243,,,"Correction to “Dynamics of dip‐slip faulting: Explorations in two dimensions” by David D. Oglesby, Ralph J. Archuleta, and Stefan B. Nielsen",Journal of Geophysical Research,,,2000-08-10,2000,105,B8,19149-19150,All OA; Gold,Article,"Oglesby, David D.; Archuleta, Ralph J.; Nielsen, Stefan B.",,"Oglesby, David D. (); Archuleta, Ralph J. (); Nielsen, Stefan B. ()",0,0,,,http://onlinelibrary.wiley.com/doi/10.1029/2000JB900243/pdf,https://app.dimensions.ai/details/publication/pub.1032878687,,,,,,
51,100,pub.1004450971,10.1029/2000jb900055,,,Dynamics of dip‐slip faulting: Explorations in two dimensions,Journal of Geophysical Research,,,2000-06-10,2000,105,B6,13643-13653,All OA; Gold,Article,"Oglesby, David D.; Archuleta, Ralph J.; Nielsen, Stefan B.",,"Oglesby, David D. (); Archuleta, Ralph J. (); Nielsen, Stefan B. ()",57,5,,5.87,https://agupubs.onlinelibrary.wiley.com/doi/pdf/10.1029/2000JB900055,https://app.dimensions.ai/details/publication/pub.1004450971,04 Earth Sciences; 0404 Geophysics,04 Earth Sciences,0404 Geophysics,,,
52,100,pub.1009879720,10.1785/0119990113,,,The Three-Dimensional Dynamics of Dipping Faults,Bulletin of the Seismological Society of America,,,2000-06-01,2000,90,3,616-628,Closed,Article,"Oglesby, David D.; Archuleta, Ralph J.; Nielsen, Stefan B.",,"Oglesby, David D. (); Archuleta, Ralph J. (); Nielsen, Stefan B. ()",99,12,,10.2,,https://app.dimensions.ai/details/publication/pub.1009879720,04 Earth Sciences; 0404 Geophysics,04 Earth Sciences,0404 Geophysics,,,
53,100,pub.1013852645,10.1785/gssrl.70.5.530,,,"SSA 1999 Annual Meeting Presidential Address: Storytelling, Scholarship, and Science",Seismological Research Letters,,,1999-09-01,1999,70,5,530-531,Closed,Article,"Archuleta, Ralph J.",,"Archuleta, Ralph J. ()",0,0,,,,https://app.dimensions.ai/details/publication/pub.1013852645,04 Earth Sciences; 0404 Geophysics,04 Earth Sciences,0404 Geophysics,,,
54,400,pub.1062561061,10.1126/science.280.5366.1055,9582114,,Earthquakes on Dipping Faults: The Effects of Broken Symmetry,Science,,,1998-05-15,1998,280,5366,1055-1059,Closed,Article,"Oglesby, David D.; Archuleta, Ralph J.; Nielsen, Stefan B.",,"Oglesby, David D. (University of California, Santa Barbara); Archuleta, Ralph J. (University of California, Santa Barbara); Nielsen, Stefan B. (University of California, Santa Barbara)",162,18,0.12,,,https://app.dimensions.ai/details/publication/pub.1062561061,04 Earth Sciences; 0404 Geophysics,04 Earth Sciences,0404 Geophysics,,,
55,100,pub.1062558514,10.1126/science.278.5339.834,,,Three-Dimensional Dynamic Simulation of the 1992 Landers Earthquake,Science,,,1997-10-31,1997,278,5339,834-838,Closed,Article,"Olsen, K. B.; Madariaga, R.; Archuleta, R. J.",,"Olsen, K. B. (University of California, Santa Barbara); Madariaga, R. (); Archuleta, R. J. ()",273,24,,,,https://app.dimensions.ai/details/publication/pub.1062558514,08 Information and Computing Sciences; 0801 Artificial Intelligence and Image Processing; 04 Earth Sciences; 0404 Geophysics,08 Information and Computing Sciences,0801 Artificial Intelligence and Image Processing,04 Earth Sciences,0404 Geophysics,
56,100,pub.1022513618,10.1029/97jb00475,,,A faulting model for the 1992 Petrolia earthquake: Can extreme ground acceleration be a source effect?,Journal of Geophysical Research,,,1997-06-10,1997,102,B6,11877-11897,All OA; Gold,Article,"Oglesby, David D.; Archuleta, Ralph J.",,"Oglesby, David D. (); Archuleta, Ralph J. ()",15,1,,,https://agupubs.onlinelibrary.wiley.com/doi/pdf/10.1029/97JB00475,https://app.dimensions.ai/details/publication/pub.1022513618,04 Earth Sciences; 0404 Geophysics,04 Earth Sciences,0404 Geophysics,,,
57,100,pub.1007174061,10.1023/a:1007910605128,,,Recent Advances in Prediction and Processing of Strong Ground Motions,Natural Hazards,,,1997-05,1997,15,2-3,199-215,Closed,Article,"Tumarkin, Alexei G.; Archuleta, Ralph J.",,"Tumarkin, Alexei G. (); Archuleta, Ralph J. ()",4,0,,,,https://app.dimensions.ai/details/publication/pub.1007174061,04 Earth Sciences; 0404 Geophysics,04 Earth Sciences,0404 Geophysics,,,
58,200,pub.1062551753,10.1126/science.270.5242.1628,,,Three-Dimensional Simulation of a Magnitude 7.75 Earthquake on the San Andreas Fault,Science,,,1995-12-08,1995,270,5242,1628-1632,Closed,Article,"Olsen, Kim B.; Archuleta, Ralph J.; Matarese, Joseph R.",,"Olsen, Kim B. (University of California, Santa Barbara); Archuleta, Ralph J. (University of California, Santa Barbara); Matarese, Joseph R. (Massachusetts Institute of Technology)",154,18,,,,https://app.dimensions.ai/details/publication/pub.1062551753,,,,,,
59,100,pub.1022299718,10.1029/92gl02822,,,"A rupture model for the 28 June 1992 Landers, California, Earthquake",Geophysical Research Letters,,,1993-04-23,1993,20,8,647-650,Closed,Article,"Campillo, Michel; Archuleta, Ralph J.",,"Campillo, Michel (Joseph Fourier University); Archuleta, Ralph J. (University of California, Santa Barbara)",22,1,,,,https://app.dimensions.ai/details/publication/pub.1022299718,04 Earth Sciences; 0404 Geophysics,04 Earth Sciences,0404 Geophysics,,,
60,100,pub.1039665663,10.1029/92jb00550,,,"Earthquake source parameters and the frequency dependence of attenuation at Coalinga, Mammoth Lakes, and the Santa Cruz Mountains, California",Journal of Geophysical Research,,,1992,1992,97,B10,14137-14154,Closed,Article,"Lindley, Grant T.; Archuleta, Ralph J.",,"Lindley, Grant T. (); Archuleta, Ralph J. ()",19,0,,,,https://app.dimensions.ai/details/publication/pub.1039665663,04 Earth Sciences; 0404 Geophysics,04 Earth Sciences,0404 Geophysics,,,
61,100,pub.1029509877,10.1029/91gl01061,,,Fault steps and the dynamic rupture process: 2‐D numerical simulations of a spontaneously propagating shear fracture,Geophysical Research Letters,,,1991-05,1991,18,5,893-896,Closed,Article,"Harris, Ruth A.; Archuleta, Ralph J.; Day, Steven M.",,"Harris, Ruth A. (); Archuleta, Ralph J. (); Day, Steven M. (San Diego State University)",153,14,,,,https://app.dimensions.ai/details/publication/pub.1029509877,04 Earth Sciences; 0404 Geophysics,04 Earth Sciences,0404 Geophysics,,,
62,100,pub.1015446445,10.1029/90jb02472,,,Deterministic frequency‐wavenumber methods and direct measurements of rupture propagation during earthquakes using a dense array: Data analysis,Journal of Geophysical Research,,,1991-04-10,1991,96,B4,6187-6198,Closed,Article,"Goldstein, Peter; Archuleta, Ralph J.",,"Goldstein, Peter (); Archuleta, Ralph J. ()",26,2,,,,https://app.dimensions.ai/details/publication/pub.1015446445,04 Earth Sciences; 0404 Geophysics,04 Earth Sciences,0404 Geophysics,,,
63,100,pub.1002478022,10.1029/90jb02123,,,Deterministic frequency‐wavenumber methods and direct measurements of rupture propagation during earthquakes using a dense array: Theory and methods,Journal of Geophysical Research,,,1991-04-10,1991,96,B4,6173-6185,Closed,Article,"Goldstein, Peter; Archuleta, Ralph J.",,"Goldstein, Peter (); Archuleta, Ralph J. ()",49,4,,,,https://app.dimensions.ai/details/publication/pub.1002478022,09 Engineering; 0906 Electrical and Electronic Engineering; 04 Earth Sciences; 0404 Geophysics,09 Engineering,0906 Electrical and Electronic Engineering,04 Earth Sciences,0404 Geophysics,
64,100,pub.1004104134,10.1002/9781118782064.ch16,,,The Mechanics of Ground Deformation Precursory to Dome‐Building Extrusions at Mount St. Helens 1981–1982,Collected Reprint Series,"1989, How Volcanoes Work",,1989-01-01,1989,,,4351-4366,Closed,Chapter,"Chadwick, William W.; Archuleta, Ralph J.; Swanson, Donald A.; Series, Collected Reprint",,"Chadwick, William W. (Cascades Volcano Observatory); Archuleta, Ralph J. (University of California, Santa Barbara); Swanson, Donald A. (Cascades Volcano Observatory); Series, Collected Reprint ()",1,0,,,,https://app.dimensions.ai/details/publication/pub.1004104134,,,,,,
65,100,pub.1025354573,10.1029/gl015i011p01215,,,Slip budget and potential for a M7 earthquake in central California,Geophysical Research Letters,,,1988-10,1988,15,11,1215-1218,Closed,Article,"Harris, Ruth A.; Archuleta, Ralph J.",,"Harris, Ruth A. (); Archuleta, Ralph J. ()",25,1,,,,https://app.dimensions.ai/details/publication/pub.1025354573,0403 Geology; 04 Earth Sciences; 0404 Geophysics,0403 Geology,04 Earth Sciences,0404 Geophysics,,
66,100,pub.1025087439,10.1029/jb093ib05p04351,,,The mechanics of ground deformation precursory to dome‐building extrusions at Mount St. Helens 1981–1982,Journal of Geophysical Research,,,1988-05-10,1988,93,B5,4351-4366,Closed,Article,"Chadwick, William W.; Archuleta, Ralph J.; Swanson, Donald A.",,"Chadwick, William W. (); Archuleta, Ralph J. (); Swanson, Donald A. ()",66,2,,,,https://app.dimensions.ai/details/publication/pub.1025087439,04 Earth Sciences; 0403 Geology,04 Earth Sciences,0403 Geology,,,
67,100,pub.1026083482,10.1029/gl014i001p00013,,,Array analysis of seismic signals,Geophysical Research Letters,,,1987-01,1987,14,1,13-16,Closed,Article,"Goldstein, Peter; Archuleta, Ralph J.",,"Goldstein, Peter (); Archuleta, Ralph J. ()",64,8,,,,https://app.dimensions.ai/details/publication/pub.1026083482,04 Earth Sciences; 0404 Geophysics,04 Earth Sciences,0404 Geophysics,,,
68,200,pub.1041428835,10.1016/b978-0-12-112251-5.50009-1,,,CHAPTER 5 Techniques for Earthquake Ground-Motion Calculation with Applications to Source Parameterization of Finite Faults,,Seismic Strong Motion Synthetics,,1987,1987,,,205-265,Closed,Chapter,"SPUDICH, PAUL; ARCHULETA, RALPH J.",,"SPUDICH, PAUL (United States Geological Survey); ARCHULETA, RALPH J. (University of California, Santa Barbara)",52,3,,,,https://app.dimensions.ai/details/publication/pub.1041428835,,,,,,
69,200,pub.1090145277,10.1029/gm037p0319,,,Downhole Recordings of Seismic Radiation,Geophysical Monograph Series,Earthquake Source Mechanics,,1986-01-01,1986,,,319-329,Closed,Chapter,"Archuleta, Ralph J.",,"Archuleta, Ralph J. ()",12,0,,,,https://app.dimensions.ai/details/publication/pub.1090145277,,,,,,
70,100,pub.1050451121,10.1029/jb090ib01p00592,,,"Forecast model for moderate earthquakes near Parkfield, California",Journal of Geophysical Research,,,1985-01-10,1985,90,B1,592-604,Closed,Article,"Stuart, William D.; Archuleta, Ralph J.; Lindh, Allan G.",,"Stuart, William D. (); Archuleta, Ralph J. (); Lindh, Allan G. ()",56,0,,,,https://app.dimensions.ai/details/publication/pub.1050451121,04 Earth Sciences; 0404 Geophysics,04 Earth Sciences,0404 Geophysics,,,
71,100,pub.1032372229,10.1029/jb089ib06p04559,,,A faulting model for the 1979 Imperial Valley earthquake,Journal of Geophysical Research,,,1984-06-10,1984,89,B6,4559-4585,Closed,Article,"Archuleta, Ralph J.",,"Archuleta, Ralph J. ()",360,13,,,,https://app.dimensions.ai/details/publication/pub.1032372229,04 Earth Sciences; 0404 Geophysics,04 Earth Sciences,0404 Geophysics,,,
72,100,pub.1028026763,10.1029/jb087ib06p04595,,,"Source parameters of the 1980 Mammoth Lakes, California, earthquake sequence",Journal of Geophysical Research,,,1982-06-10,1982,87,B6,4595-4607,Closed,Article,"Archuleta, Ralph J.; Cranswick, Edward; Mueller, Charles; Spudich, Paul",,"Archuleta, Ralph J. (); Cranswick, Edward (); Mueller, Charles (); Spudich, Paul ()",228,15,,,,https://app.dimensions.ai/details/publication/pub.1028026763,04 Earth Sciences; 0404 Geophysics,04 Earth Sciences,0404 Geophysics,,,
73,100,pub.1040319043,10.1029/gl009i006p00625,,,Hypocenter for the 1979 Imperial Valley Earthquake,Geophysical Research Letters,,,1982-06,1982,9,6,625-628,Closed,Article,"Archuleta, Ralph J.",,"Archuleta, Ralph J. ()",11,0,,,,https://app.dimensions.ai/details/publication/pub.1040319043,1608 Sociology; 16 Studies in Human Society,1608 Sociology,16 Studies in Human Society,,,
74,200,pub.1006838592,10.1029/jb084ib12p06912,,,Correction [to “Rupture propagation and focusing of energy in a foam rubber model of a stick slip earthquake”],Journal of Geophysical Research,,,1979-11-10,1979,84,B12,6912-6912,Closed,Article,"Hartzell, Stephen H.; Archuleta, Ralph J.",,"Hartzell, Stephen H. (); Archuleta, Ralph J. ()",0,0,,,,https://app.dimensions.ai/details/publication/pub.1006838592,,,,,,
75,100,pub.1033029598,10.1029/jb084ib07p03623,,,Rupture propagation and focusing of energy in a foam rubber model of a stick slip earthquake,Journal of Geophysical Research,,,1979-07-10,1979,84,B7,3623-3636,Closed,Article,"Hartzell, Stephen H.; Archuleta, Ralph J.",,"Hartzell, Stephen H. (); Archuleta, Ralph J. ()",14,0,,,,https://app.dimensions.ai/details/publication/pub.1033029598,04 Earth Sciences; 0404 Geophysics,04 Earth Sciences,0404 Geophysics,,,
76,100,pub.1040270039,10.1029/jb084ib05p02262,,,"Far‐field S‐wave spectra, corner frequencies, and pulse shapes",Journal of Geophysical Research,,,1979,1979,84,B5,2262-2272,Closed,Article,"Brune, James N.; Archuleta, Ralph J.; Hartzell, Stephen",,"Brune, James N. (); Archuleta, Ralph J. (); Hartzell, Stephen ()",40,0,,,,https://app.dimensions.ai/details/publication/pub.1040270039,"02 Physical Sciences; 0202 Atomic, Molecular, Nuclear, Particle and Plasma Physics",02 Physical Sciences,"0202 Atomic, Molecular, Nuclear, Particle and Plasma Physics",,,
